source_venue,target_venue,signal_type,lookback_ms,horizon_ms,valid_count,mean_raw_bps,mean_net_bps,median_net_bps,win_rate,baseline_mean_net_bps,baseline_win_rate,candidate,rejection_reasons
binance_perp,kraken,notional_burst,1000,1000,475,-0.0523,-54.9606,-55.0,0.0,,,False,mean_net_return_not_positive: -54.96 bps; median_net_too_negative: -55.00 bps; no_valid_baseline_events; single_event_driven: mean_without_best=-54.98 bps; win_rate_fails: 0.0000 (no baseline to compare)
binance_perp,kraken,notional_burst,1000,2000,475,-0.0968,-55.0005,-55.0,0.0,,,False,mean_net_return_not_positive: -55.00 bps; median_net_too_negative: -55.00 bps; no_valid_baseline_events; single_event_driven: mean_without_best=-55.02 bps; win_rate_fails: 0.0000 (no baseline to compare)
binance_perp,kraken,notional_burst,1000,5000,473,-0.0877,-54.962,-55.0,0.0,,,False,mean_net_return_not_positive: -54.96 bps; median_net_too_negative: -55.00 bps; no_valid_baseline_events; single_event_driven: mean_without_best=-54.98 bps; win_rate_fails: 0.0000 (no baseline to compare)
binance_perp,kraken,notional_burst,1000,10000,469,-0.0658,-54.9733,-55.0,0.0,,,False,mean_net_return_not_positive: -54.97 bps; median_net_too_negative: -55.00 bps; no_valid_baseline_events; single_event_driven: mean_without_best=-55.00 bps; win_rate_fails: 0.0000 (no baseline to compare)
binance_perp,kraken,notional_burst,1000,30000,459,-0.0261,-55.2945,-55.0,0.0,,,False,mean_net_return_not_positive: -55.29 bps; median_net_too_negative: -55.00 bps; no_valid_baseline_events; single_event_driven: mean_without_best=-55.33 bps; win_rate_fails: 0.0000 (no baseline to compare)
binance_perp,kraken,notional_burst,1000,60000,442,0.2509,-55.4606,-55.4335,0.0,,,False,mean_net_return_not_positive: -55.46 bps; median_net_too_negative: -55.43 bps; no_valid_baseline_events; single_event_driven: mean_without_best=-55.50 bps; win_rate_fails: 0.0000 (no baseline to compare)
binance_perp,kraken,notional_burst,1000,300000,315,2.9982,-54.0592,-54.2362,0.0,,,False,mean_net_return_not_positive: -54.06 bps; median_net_too_negative: -54.24 bps; no_valid_baseline_events; single_event_driven: mean_without_best=-54.12 bps; win_rate_fails: 0.0000 (no baseline to compare)
binance_perp,kraken,notional_burst,5000,1000,186,0.0238,-54.9286,-55.0,0.0,,,False,mean_net_return_not_positive: -54.93 bps; median_net_too_negative: -55.00 bps; no_valid_baseline_events; single_event_driven: mean_without_best=-54.96 bps; win_rate_fails: 0.0000 (no baseline to compare)
binance_perp,kraken,notional_burst,5000,2000,186,0.1393,-54.7754,-55.0,0.0,,,False,mean_net_return_not_positive: -54.78 bps; median_net_too_negative: -55.00 bps; no_valid_baseline_events; single_event_driven: mean_without_best=-54.81 bps; win_rate_fails: 0.0000 (no baseline to compare)
binance_perp,kraken,notional_burst,5000,5000,186,0.1672,-54.6724,-55.0,0.0,,,False,mean_net_return_not_positive: -54.67 bps; median_net_too_negative: -55.00 bps; no_valid_baseline_events; single_event_driven: mean_without_best=-54.73 bps; win_rate_fails: 0.0000 (no baseline to compare)
binance_perp,kraken,notional_burst,5000,10000,184,0.1315,-54.6616,-55.0,0.0,,,False,mean_net_return_not_positive: -54.66 bps; median_net_too_negative: -55.00 bps; no_valid_baseline_events; single_event_driven: mean_without_best=-54.71 bps; win_rate_fails: 0.0000 (no baseline to compare)
binance_perp,kraken,notional_burst,5000,30000,182,0.1884,-54.4788,-54.1122,0.0,,,False,mean_net_return_not_positive: -54.48 bps; median_net_too_negative: -54.11 bps; no_valid_baseline_events; single_event_driven: mean_without_best=-54.55 bps; win_rate_fails: 0.0000 (no baseline to compare)
binance_perp,kraken,notional_burst,5000,60000,173,0.2547,-54.4801,-54.7537,0.0,,,False,mean_net_return_not_positive: -54.48 bps; median_net_too_negative: -54.75 bps; no_valid_baseline_events; single_event_driven: mean_without_best=-54.56 bps; win_rate_fails: 0.0000 (no baseline to compare)
binance_perp,kraken,notional_burst,5000,300000,123,2.4961,-55.6728,-55.0,0.0,,,False,mean_net_return_not_positive: -55.67 bps; median_net_too_negative: -55.00 bps; no_valid_baseline_events; single_event_driven: mean_without_best=-55.84 bps; win_rate_fails: 0.0000 (no baseline to compare)
binance_perp,kraken,notional_burst,10000,1000,71,-0.1233,-54.4189,-55.0,0.0,,,False,mean_net_return_not_positive: -54.42 bps; median_net_too_negative: -55.00 bps; no_valid_baseline_events; single_event_driven: mean_without_best=-54.55 bps; win_rate_fails: 0.0000 (no baseline to compare)
binance_perp,kraken,notional_burst,10000,2000,71,0.051,-54.1998,-54.9877,0.0,,,False,mean_net_return_not_positive: -54.20 bps; median_net_too_negative: -54.99 bps; no_valid_baseline_events; single_event_driven: mean_without_best=-54.33 bps; win_rate_fails: 0.0000 (no baseline to compare)
binance_perp,kraken,notional_burst,10000,5000,71,-0.0254,-54.1982,-54.9877,0.0,,,False,mean_net_return_not_positive: -54.20 bps; median_net_too_negative: -54.99 bps; no_valid_baseline_events; single_event_driven: mean_without_best=-54.32 bps; win_rate_fails: 0.0000 (no baseline to compare)
binance_perp,kraken,notional_burst,10000,10000,71,0.4634,-54.102,-55.0,0.0,,,False,mean_net_return_not_positive: -54.10 bps; median_net_too_negative: -55.00 bps; no_valid_baseline_events; single_event_driven: mean_without_best=-54.23 bps; win_rate_fails: 0.0000 (no baseline to compare)
binance_perp,kraken,notional_burst,10000,30000,71,0.2059,-54.17,-55.0,0.0,,,False,mean_net_return_not_positive: -54.17 bps; median_net_too_negative: -55.00 bps; no_valid_baseline_events; single_event_driven: mean_without_best=-54.36 bps; win_rate_fails: 0.0000 (no baseline to compare)
binance_perp,kraken,notional_burst,10000,60000,65,1.1333,-53.7328,-52.873,0.0,,,False,mean_net_return_not_positive: -53.73 bps; median_net_too_negative: -52.87 bps; no_valid_baseline_events; single_event_driven: mean_without_best=-53.92 bps; win_rate_fails: 0.0000 (no baseline to compare)
binance_perp,kraken,notional_burst,10000,300000,53,3.7661,-54.4008,-54.7915,0.0,,,False,mean_net_return_not_positive: -54.40 bps; median_net_too_negative: -54.79 bps; no_valid_baseline_events; single_event_driven: mean_without_best=-54.70 bps; win_rate_fails: 0.0000 (no baseline to compare)
binance_perp,kraken,notional_burst,30000,1000,21,0.5843,-55.1356,-55.0,0.0,,,False,insufficient_events: 21 < 50; mean_net_return_not_positive: -55.14 bps; median_net_too_negative: -55.00 bps; no_valid_baseline_events; single_event_driven: mean_without_best=-55.30 bps; win_rate_fails: 0.0000 (no baseline to compare)
binance_perp,kraken,notional_burst,30000,2000,21,0.9883,-55.1322,-55.0,0.0,,,False,insufficient_events: 21 < 50; mean_net_return_not_positive: -55.13 bps; median_net_too_negative: -55.00 bps; no_valid_baseline_events; single_event_driven: mean_without_best=-55.35 bps; win_rate_fails: 0.0000 (no baseline to compare)
binance_perp,kraken,notional_burst,30000,5000,21,1.0444,-55.3976,-55.0,0.0,,,False,insufficient_events: 21 < 50; mean_net_return_not_positive: -55.40 bps; median_net_too_negative: -55.00 bps; no_valid_baseline_events; single_event_driven: mean_without_best=-55.58 bps; win_rate_fails: 0.0000 (no baseline to compare)
binance_perp,kraken,notional_burst,30000,10000,21,0.7705,-54.9679,-55.0,0.0,,,False,insufficient_events: 21 < 50; mean_net_return_not_positive: -54.97 bps; median_net_too_negative: -55.00 bps; no_valid_baseline_events; single_event_driven: mean_without_best=-55.23 bps; win_rate_fails: 0.0000 (no baseline to compare)
binance_perp,kraken,notional_burst,30000,30000,21,-1.0692,-53.5467,-53.773,0.0,,,False,insufficient_events: 21 < 50; mean_net_return_not_positive: -53.55 bps; median_net_too_negative: -53.77 bps; no_valid_baseline_events; single_event_driven: mean_without_best=-53.75 bps; win_rate_fails: 0.0000 (no baseline to compare)
binance_perp,kraken,notional_burst,30000,60000,19,-2.2455,-55.7605,-56.6717,0.0,,,False,insufficient_events: 19 < 50; mean_net_return_not_positive: -55.76 bps; median_net_too_negative: -56.67 bps; no_valid_baseline_events; single_event_driven: mean_without_best=-56.40 bps; win_rate_fails: 0.0000 (no baseline to compare)
binance_perp,kraken,notional_burst,30000,300000,19,3.7398,-53.7262,-55.9575,0.0,,,False,insufficient_events: 19 < 50; mean_net_return_not_positive: -53.73 bps; median_net_too_negative: -55.96 bps; no_valid_baseline_events; single_event_driven: mean_without_best=-54.20 bps; win_rate_fails: 0.0000 (no baseline to compare)
binance_perp,kraken,large_trade,1000,1000,2068,-0.0221,-54.9648,-55.0,0.0,,,False,mean_net_return_not_positive: -54.96 bps; median_net_too_negative: -55.00 bps; no_valid_baseline_events; single_event_driven: mean_without_best=-54.97 bps; win_rate_fails: 0.0000 (no baseline to compare)
binance_perp,kraken,large_trade,1000,2000,2064,-0.0524,-54.9452,-55.0,0.0,,,False,mean_net_return_not_positive: -54.95 bps; median_net_too_negative: -55.00 bps; no_valid_baseline_events; single_event_driven: mean_without_best=-54.95 bps; win_rate_fails: 0.0000 (no baseline to compare)
binance_perp,kraken,large_trade,1000,5000,2064,0.0038,-54.8613,-55.0,0.0,,,False,mean_net_return_not_positive: -54.86 bps; median_net_too_negative: -55.00 bps; no_valid_baseline_events; single_event_driven: mean_without_best=-54.87 bps; win_rate_fails: 0.0000 (no baseline to compare)
binance_perp,kraken,large_trade,1000,10000,2048,-0.0308,-55.032,-55.0,0.0,,,False,mean_net_return_not_positive: -55.03 bps; median_net_too_negative: -55.00 bps; no_valid_baseline_events; single_event_driven: mean_without_best=-55.04 bps; win_rate_fails: 0.0000 (no baseline to compare)
binance_perp,kraken,large_trade,1000,30000,2004,-0.0707,-55.2191,-55.0,0.0,,,False,mean_net_return_not_positive: -55.22 bps; median_net_too_negative: -55.00 bps; no_valid_baseline_events; single_event_driven: mean_without_best=-55.23 bps; win_rate_fails: 0.0000 (no baseline to compare)
binance_perp,kraken,large_trade,1000,60000,1936,0.2737,-55.4311,-54.9939,0.0,,,False,mean_net_return_not_positive: -55.43 bps; median_net_too_negative: -54.99 bps; no_valid_baseline_events; single_event_driven: mean_without_best=-55.44 bps; win_rate_fails: 0.0000 (no baseline to compare)
binance_perp,kraken,large_trade,1000,300000,1376,3.069,-56.503,-56.7448,0.0,,,False,mean_net_return_not_positive: -56.50 bps; median_net_too_negative: -56.74 bps; no_valid_baseline_events; single_event_driven: mean_without_best=-56.52 bps; win_rate_fails: 0.0000 (no baseline to compare)
binance_perp,kraken,signed_imbalance,1000,1000,514,0.0229,-54.8577,-55.0,0.0,,,False,mean_net_return_not_positive: -54.86 bps; median_net_too_negative: -55.00 bps; no_valid_baseline_events; single_event_driven: mean_without_best=-54.87 bps; win_rate_fails: 0.0000 (no baseline to compare)
binance_perp,kraken,signed_imbalance,1000,2000,513,-0.0029,-54.8548,-55.0,0.0,,,False,mean_net_return_not_positive: -54.85 bps; median_net_too_negative: -55.00 bps; no_valid_baseline_events; single_event_driven: mean_without_best=-54.87 bps; win_rate_fails: 0.0000 (no baseline to compare)
binance_perp,kraken,signed_imbalance,1000,5000,513,0.0004,-54.8173,-55.0,0.0,,,False,mean_net_return_not_positive: -54.82 bps; median_net_too_negative: -55.00 bps; no_valid_baseline_events; single_event_driven: mean_without_best=-54.83 bps; win_rate_fails: 0.0000 (no baseline to compare)
binance_perp,kraken,signed_imbalance,1000,10000,509,-0.0003,-54.8155,-54.9877,0.0,,,False,mean_net_return_not_positive: -54.82 bps; median_net_too_negative: -54.99 bps; no_valid_baseline_events; single_event_driven: mean_without_best=-54.84 bps; win_rate_fails: 0.0000 (no baseline to compare)
binance_perp,kraken,signed_imbalance,1000,30000,497,-0.0807,-55.0355,-55.0,0.0,,,False,mean_net_return_not_positive: -55.04 bps; median_net_too_negative: -55.00 bps; no_valid_baseline_events; single_event_driven: mean_without_best=-55.07 bps; win_rate_fails: 0.0000 (no baseline to compare)
binance_perp,kraken,signed_imbalance,1000,60000,481,0.2867,-55.281,-55.0,0.0,,,False,mean_net_return_not_positive: -55.28 bps; median_net_too_negative: -55.00 bps; no_valid_baseline_events; single_event_driven: mean_without_best=-55.32 bps; win_rate_fails: 0.0000 (no baseline to compare)
binance_perp,kraken,signed_imbalance,1000,300000,342,3.0765,-55.6555,-55.5642,0.0,,,False,mean_net_return_not_positive: -55.66 bps; median_net_too_negative: -55.56 bps; no_valid_baseline_events; single_event_driven: mean_without_best=-55.72 bps; win_rate_fails: 0.0000 (no baseline to compare)
binance_perp,kraken,signed_imbalance,5000,1000,414,-0.0576,-54.675,-55.0,0.0,,,False,mean_net_return_not_positive: -54.67 bps; median_net_too_negative: -55.00 bps; no_valid_baseline_events; single_event_driven: mean_without_best=-54.69 bps; win_rate_fails: 0.0000 (no baseline to compare)
binance_perp,kraken,signed_imbalance,5000,2000,414,-0.1193,-54.6393,-55.0,0.0,,,False,mean_net_return_not_positive: -54.64 bps; median_net_too_negative: -55.00 bps; no_valid_baseline_events; single_event_driven: mean_without_best=-54.66 bps; win_rate_fails: 0.0000 (no baseline to compare)
binance_perp,kraken,signed_imbalance,5000,5000,414,-0.0886,-54.4657,-54.9877,0.0,,,False,mean_net_return_not_positive: -54.47 bps; median_net_too_negative: -54.99 bps; no_valid_baseline_events; single_event_driven: mean_without_best=-54.48 bps; win_rate_fails: 0.0000 (no baseline to compare)
binance_perp,kraken,signed_imbalance,5000,10000,410,-0.0559,-54.4424,-54.7813,0.0,,,False,mean_net_return_not_positive: -54.44 bps; median_net_too_negative: -54.78 bps; no_valid_baseline_events; single_event_driven: mean_without_best=-54.47 bps; win_rate_fails: 0.0000 (no baseline to compare)
binance_perp,kraken,signed_imbalance,5000,30000,401,0.1166,-54.6769,-54.7832,0.0,,,False,mean_net_return_not_positive: -54.68 bps; median_net_too_negative: -54.78 bps; no_valid_baseline_events; single_event_driven: mean_without_best=-54.71 bps; win_rate_fails: 0.0000 (no baseline to compare)
binance_perp,kraken,signed_imbalance,5000,60000,387,0.3986,-55.4794,-55.3903,0.0,,,False,mean_net_return_not_positive: -55.48 bps; median_net_too_negative: -55.39 bps; no_valid_baseline_events; single_event_driven: mean_without_best=-55.53 bps; win_rate_fails: 0.0000 (no baseline to compare)
binance_perp,kraken,signed_imbalance,5000,300000,280,2.9583,-55.6348,-55.8775,0.0,,,False,mean_net_return_not_positive: -55.63 bps; median_net_too_negative: -55.88 bps; no_valid_baseline_events; single_event_driven: mean_without_best=-55.72 bps; win_rate_fails: 0.0000 (no baseline to compare)
binance_perp,kraken,signed_imbalance,10000,1000,264,-0.1056,-54.5563,-55.0,0.0,,,False,mean_net_return_not_positive: -54.56 bps; median_net_too_negative: -55.00 bps; no_valid_baseline_events; single_event_driven: mean_without_best=-54.58 bps; win_rate_fails: 0.0000 (no baseline to compare)
binance_perp,kraken,signed_imbalance,10000,2000,264,-0.0465,-54.5597,-54.9988,0.0,,,False,mean_net_return_not_positive: -54.56 bps; median_net_too_negative: -55.00 bps; no_valid_baseline_events; single_event_driven: mean_without_best=-54.59 bps; win_rate_fails: 0.0000 (no baseline to compare)
binance_perp,kraken,signed_imbalance,10000,5000,263,-0.1315,-54.4777,-54.9877,0.0,,,False,mean_net_return_not_positive: -54.48 bps; median_net_too_negative: -54.99 bps; no_valid_baseline_events; single_event_driven: mean_without_best=-54.50 bps; win_rate_fails: 0.0000 (no baseline to compare)
binance_perp,kraken,signed_imbalance,10000,10000,262,-0.0777,-54.4265,-54.8129,0.0,,,False,mean_net_return_not_positive: -54.43 bps; median_net_too_negative: -54.81 bps; no_valid_baseline_events; single_event_driven: mean_without_best=-54.46 bps; win_rate_fails: 0.0000 (no baseline to compare)
binance_perp,kraken,signed_imbalance,10000,30000,256,-0.078,-54.7156,-54.8872,0.0,,,False,mean_net_return_not_positive: -54.72 bps; median_net_too_negative: -54.89 bps; no_valid_baseline_events; single_event_driven: mean_without_best=-54.77 bps; win_rate_fails: 0.0000 (no baseline to compare)
binance_perp,kraken,signed_imbalance,10000,60000,249,0.0538,-55.2586,-54.9877,0.0,,,False,mean_net_return_not_positive: -55.26 bps; median_net_too_negative: -54.99 bps; no_valid_baseline_events; single_event_driven: mean_without_best=-55.33 bps; win_rate_fails: 0.0000 (no baseline to compare)
binance_perp,kraken,signed_imbalance,10000,300000,174,3.4647,-56.825,-57.1445,0.0,,,False,mean_net_return_not_positive: -56.82 bps; median_net_too_negative: -57.14 bps; no_valid_baseline_events; single_event_driven: mean_without_best=-56.96 bps; win_rate_fails: 0.0000 (no baseline to compare)
binance_perp,kraken,signed_imbalance,30000,1000,73,0.2671,-54.3692,-54.9877,0.0,,,False,mean_net_return_not_positive: -54.37 bps; median_net_too_negative: -54.99 bps; no_valid_baseline_events; single_event_driven: mean_without_best=-54.45 bps; win_rate_fails: 0.0000 (no baseline to compare)
binance_perp,kraken,signed_imbalance,30000,2000,73,0.2494,-54.3765,-54.8124,0.0,,,False,mean_net_return_not_positive: -54.38 bps; median_net_too_negative: -54.81 bps; no_valid_baseline_events; single_event_driven: mean_without_best=-54.45 bps; win_rate_fails: 0.0000 (no baseline to compare)
binance_perp,kraken,signed_imbalance,30000,5000,73,0.2539,-54.3544,-54.8264,0.0,,,False,mean_net_return_not_positive: -54.35 bps; median_net_too_negative: -54.83 bps; no_valid_baseline_events; single_event_driven: mean_without_best=-54.45 bps; win_rate_fails: 0.0000 (no baseline to compare)
binance_perp,kraken,signed_imbalance,30000,10000,72,0.9281,-54.1555,-54.9,0.0,,,False,mean_net_return_not_positive: -54.16 bps; median_net_too_negative: -54.90 bps; no_valid_baseline_events; single_event_driven: mean_without_best=-54.26 bps; win_rate_fails: 0.0000 (no baseline to compare)
binance_perp,kraken,signed_imbalance,30000,30000,72,1.9299,-54.7785,-53.8563,0.0,,,False,mean_net_return_not_positive: -54.78 bps; median_net_too_negative: -53.86 bps; no_valid_baseline_events; single_event_driven: mean_without_best=-54.97 bps; win_rate_fails: 0.0000 (no baseline to compare)
binance_perp,kraken,signed_imbalance,30000,60000,72,0.363,-55.505,-55.0867,0.0,,,False,mean_net_return_not_positive: -55.51 bps; median_net_too_negative: -55.09 bps; no_valid_baseline_events; single_event_driven: mean_without_best=-55.69 bps; win_rate_fails: 0.0000 (no baseline to compare)
binance_perp,kraken,signed_imbalance,30000,300000,52,4.8014,-57.8479,-56.9178,0.0,,,False,mean_net_return_not_positive: -57.85 bps; median_net_too_negative: -56.92 bps; no_valid_baseline_events; single_event_driven: mean_without_best=-58.22 bps; win_rate_fails: 0.0000 (no baseline to compare)
