timestamp,open,high,low,close,vwap,volume,count
2024-05-22 00:00:00,16.75287,16.91,16.16342,16.32938,16.54447,156860.02271245,4669
2024-05-23 00:00:00,16.33758,16.79,15.34828,16.6018,16.17634,190235.9459341,4838
2024-05-24 00:00:00,16.57652,17.75544,16.57073,17.24,17.31667,424388.09785872,8387
2024-05-25 00:00:00,17.24,17.45008,16.92519,17.44001,17.17556,85372.75564589,2616
2024-05-26 00:00:00,17.455,17.88631,17.006,17.03653,17.45691,133228.8749391,4001
2024-05-27 00:00:00,17.03464,18.83192,16.87976,18.77137,18.07675,232166.85506945,6570
2024-05-28 00:00:00,18.77521,18.80469,17.85321,18.52505,18.23865,162939.45994883,6030
2024-05-29 00:00:00,18.53461,19.2349,18.04142,18.43613,18.7627,158404.67778027,6147
2024-05-30 00:00:00,18.43983,19.1659,17.77156,17.93938,18.26094,177304.53596103,10747
2024-05-31 00:00:00,17.93421,18.7,17.45163,18.39767,17.92385,117823.04851585,5259
2024-06-01 00:00:00,18.40492,18.65556,18.26123,18.4134,18.49499,130856.89270853,2560
2024-06-02 00:00:00,18.38815,18.53332,18.06494,18.14254,18.28817,34969.9091543,1687
2024-06-03 00:00:00,18.13317,18.3404,17.53728,17.62396,17.88847,181185.28604113,3466
2024-06-04 00:00:00,17.61574,17.84386,17.49225,17.72166,17.65982,67296.76709051,2542
2024-06-05 00:00:00,17.71059,18.0648,17.61,17.7302,17.75826,103174.08009499,2555
2024-06-06 00:00:00,17.74277,17.7579,17.11035,17.25,17.42149,81953.57397831,2944
2024-06-07 00:00:00,17.24189,17.68993,15.34126,16.32511,16.45167,179796.40171605,5855
2024-06-08 00:00:00,16.3251,16.41485,15.68535,15.94173,15.98729,94003.51526762,2874
2024-06-09 00:00:00,15.91518,16.3619,15.91208,16.33764,16.06592,42330.07364921,1795
2024-06-10 00:00:00,16.35962,16.36999,15.7802,15.88743,15.93924,116531.53155391,2928
2024-06-11 00:00:00,15.89891,15.89891,14.65601,14.96601,15.28006,172125.85999213,4894
2024-06-12 00:00:00,14.98414,16.23182,14.74866,16.0042,15.70264,332299.91265016,6011
2024-06-13 00:00:00,15.99877,16.02477,15.06911,15.1227,15.40865,94103.90764218,2809
2024-06-14 00:00:00,15.13703,15.43886,14.47185,14.74107,14.9323,176184.86380395,3442
2024-06-15 00:00:00,14.73417,15.09335,14.70068,14.85001,14.90258,55311.45299717,1682
2024-06-16 00:00:00,14.85,15.20999,14.5722,15.11427,14.95576,62391.47279872,1780
2024-06-17 00:00:00,15.12333,15.19084,14.02001,14.53891,14.52652,100976.41700687,3280
2024-06-18 00:00:00,14.53157,14.59352,12.93428,13.97352,13.50015,324709.46135045,6400
2024-06-19 00:00:00,13.97001,14.49266,13.8967,14.34674,14.2562,73059.87945931,1883
2024-06-20 00:00:00,14.32177,14.82999,14.2,14.25783,14.49729,116695.12217184,1831
2024-06-21 00:00:00,14.25301,14.57424,13.8578,13.86,14.25599,239118.52632051,3063
2024-06-22 00:00:00,13.86,13.89904,13.46448,13.47028,13.70451,66993.40722261,1922
2024-06-23 00:00:00,13.47661,13.66466,13.13,13.18481,13.39343,52144.77851777,1728
2024-06-24 00:00:00,13.18471,13.66993,12.66,13.60522,13.17567,179092.13145234,4532
2024-06-25 00:00:00,13.60528,14.27647,13.56905,14.19584,14.00132,89878.86972681,2666
2024-06-26 00:00:00,14.19807,14.27598,13.85498,13.90234,14.03709,55774.66571993,1561
2024-06-27 00:00:00,13.90788,14.54155,13.59009,14.37264,14.18397,143863.97966396,3125
2024-06-28 00:00:00,14.40765,14.5672,13.74039,13.75375,14.24707,159278.65180959,2833
2024-06-29 00:00:00,13.75374,14.12262,13.46817,13.50275,13.75959,48695.74166574,2041
2024-06-30 00:00:00,13.49266,14.306,13.43526,14.2563,13.85685,52931.31019371,2016
2024-07-01 00:00:00,14.25841,14.56132,14.2039,14.32397,14.37413,90821.26280119,1734
2024-07-02 00:00:00,14.32553,14.72363,14.25,14.39345,14.43987,93001.24247014,1956
2024-07-03 00:00:00,14.39175,14.5594,13.54301,13.56905,14.08176,170027.41637882,5111
2024-07-04 00:00:00,13.57,13.72084,12.52,12.53016,13.01778,199005.69798385,7029
2024-07-05 00:00:00,12.53299,12.54378,11.06221,12.28786,11.7619,433106.71838939,11159
2024-07-06 00:00:00,12.29782,13.2781,12.19755,13.20155,12.70135,115552.04128175,2858
2024-07-07 00:00:00,13.17819,13.17819,12.3,12.35343,12.71112,64826.91502224,2721
2024-07-08 00:00:00,12.35484,13.52,11.79676,13.11299,12.76844,164325.2309686,4685
2024-07-09 00:00:00,13.09913,13.30939,12.72699,12.83135,12.96894,133654.75496262,2955
2024-07-10 00:00:00,12.83217,13.15526,12.70527,12.79408,12.8682,86908.44077816,3052
2024-07-11 00:00:00,12.78973,13.15693,12.30005,12.34789,12.74304,127038.11380438,3291
2024-07-12 00:00:00,12.34816,12.82498,12.23963,12.73499,12.54841,85356.24764399,2143
2024-07-13 00:00:00,12.73499,13.12547,12.71611,13.01953,12.95415,57744.27150536,1573
2024-07-14 00:00:00,13.02481,13.52999,12.91174,13.45863,13.19583,91053.42578333,2266
2024-07-15 00:00:00,13.45499,14.5,13.419,14.41,13.96779,152777.37632219,3752
2024-07-16 00:00:00,14.41,14.61814,13.83649,14.20296,14.24115,110207.64707211,3235
2024-07-17 00:00:00,14.21556,14.5061,13.74231,13.74296,14.10595,87672.50341965,2670
2024-07-18 00:00:00,13.75037,13.98774,13.42309,13.59629,13.78026,112612.31464015,2053
2024-07-19 00:00:00,13.60582,14.14,13.35369,14.05543,13.80174,93381.35406034,2014
2024-07-20 00:00:00,14.08,14.33151,13.8719,14.26,14.11797,45851.26704935,1354
2024-07-21 00:00:00,14.2553,14.99963,13.96266,14.80414,14.50654,137792.87842436,3414
2024-07-22 00:00:00,14.81752,14.86844,13.78811,13.94102,14.20263,101431.01935252,3326
2024-07-23 00:00:00,13.94461,14.14862,13.49794,13.91348,13.86979,61534.11972375,2520
2024-07-24 00:00:00,13.90822,13.9526,13.25341,13.39628,13.67712,68243.60418921,1675
2024-07-25 00:00:00,13.39627,13.42989,12.48023,12.94948,12.88572,155901.07139495,3082
2024-07-26 00:00:00,12.92512,13.6288,12.92125,13.53714,13.40354,80348.10283475,1693
2024-07-27 00:00:00,13.52486,13.86074,13.25965,13.56329,13.60455,76501.72807055,1673
2024-07-28 00:00:00,13.54916,13.63347,13.19975,13.29504,13.40462,51366.85912458,1181
2024-07-29 00:00:00,13.30444,13.90129,13.30444,13.54277,13.64961,142585.67198958,2592
2024-07-30 00:00:00,13.52282,13.78005,12.99,13.14312,13.33208,99959.47735021,2938
2024-07-31 00:00:00,13.13296,13.418,12.77518,12.83309,13.01686,157175.98282062,2712
2024-08-01 00:00:00,12.82001,13.0861,12.15,12.87891,12.5178,146124.1404281,2978
2024-08-02 00:00:00,12.8789,12.9144,11.76697,11.91872,12.01482,246002.57806981,3831
2024-08-03 00:00:00,11.88681,12.11669,11.34713,11.69734,11.63121,294700.45855435,4359
2024-08-04 00:00:00,11.6802,11.76672,10.48344,10.88278,11.07206,155025.87510058,5517
2024-08-05 00:00:00,10.88278,10.9597,8.09,9.4996,9.06926,1179867.17230449,21906
2024-08-06 00:00:00,9.48711,10.45345,9.48711,10.06,10.10392,239609.18614028,4561
2024-08-07 00:00:00,10.06928,10.47746,9.42574,9.4857,9.90472,167458.56554648,4180
2024-08-08 00:00:00,9.4902,10.82653,9.35639,10.73584,10.20741,220866.22461361,5014
2024-08-09 00:00:00,10.70231,10.7178,10.16617,10.54348,10.42316,65661.22587801,2281
2024-08-10 00:00:00,10.52114,10.69532,10.4674,10.5534,10.55728,90777.33915263,1826
2024-08-11 00:00:00,10.55701,10.83897,9.94906,10.01365,10.37299,83069.47035501,2187
2024-08-12 00:00:00,9.99575,10.7436,9.95001,10.5551,10.40622,106091.34321721,3239
2024-08-13 00:00:00,10.51782,10.6911,10.10321,10.57558,10.43857,133589.43925105,2769
2024-08-14 00:00:00,10.57629,10.74448,10.21811,10.40395,10.52921,174140.76191513,2763
2024-08-15 00:00:00,10.40243,10.68741,9.9926,10.1752,10.28226,110218.93759248,2844
2024-08-16 00:00:00,10.16599,10.40437,9.914,10.1353,10.12826,179338.34902245,2795
2024-08-17 00:00:00,10.1353,10.17294,10.04141,10.14199,10.11267,40590.38781985,1048
2024-08-18 00:00:00,10.14847,10.469,10.06795,10.08165,10.2959,97534.88677792,2047
2024-08-19 00:00:00,10.08765,10.18921,9.95457,10.18184,10.06988,61629.15042788,2055
2024-08-20 00:00:00,10.17891,10.54121,10.05415,10.2417,10.34729,85516.01459683,2642
2024-08-21 00:00:00,10.23641,11.38861,10.16562,11.21,10.92464,163747.07845225,3962
2024-08-22 00:00:00,11.21,11.60703,11.14358,11.46244,11.37882,140310.8718545,3343
2024-08-23 00:00:00,11.47422,12.20424,11.46731,12.05637,11.77568,204965.98143151,4631
2024-08-24 00:00:00,12.06114,12.55067,11.91778,12.34577,12.18517,81052.61443515,3162
2024-08-25 00:00:00,12.30856,12.37579,11.96674,12.10458,12.1714,71753.78958733,2464
2024-08-26 00:00:00,12.10859,12.68391,11.85197,11.8574,12.26109,197316.94796088,3905
2024-08-27 00:00:00,11.86083,12.04643,10.90774,11.16702,11.53502,147121.80142543,3275
2024-08-28 00:00:00,11.15934,11.69708,10.95311,11.17343,11.2153,156508.83234848,2903
2024-08-29 00:00:00,11.17453,11.46645,10.82721,10.9266,11.20707,112798.27077076,1993
2024-08-30 00:00:00,10.93936,11.19048,10.50643,11.12172,10.92369,79961.59050926,2230
2024-08-31 00:00:00,11.12523,11.19834,10.93481,11.02834,11.07431,31065.36733394,904
2024-09-01 00:00:00,11.01273,11.0129,10.22906,10.37301,10.61715,60354.24938226,2047
2024-09-02 00:00:00,10.34233,10.82228,10.33092,10.75521,10.57423,47517.53273118,1446
2024-09-03 00:00:00,10.76173,10.87041,10.20714,10.30633,10.41059,95160.96325575,1851
2024-09-04 00:00:00,10.3104,10.48683,9.81522,10.33525,10.20478,106745.25530127,2527
2024-09-05 00:00:00,10.33421,10.39,9.91831,10.0141,10.12633,62474.13865464,2027
2024-09-06 00:00:00,10.01891,10.17319,9.27987,9.57215,9.76401,136202.39017614,3427
2024-09-07 00:00:00,9.57471,10.15583,9.56296,10.02613,9.92234,69086.08747484,1797
2024-09-08 00:00:00,10.02722,10.45158,9.97742,10.32256,10.2503,70503.34894405,1649
2024-09-09 00:00:00,10.34292,10.81182,10.28054,10.53753,10.58895,193787.217989,2973
2024-09-10 00:00:00,10.54096,10.73224,10.34115,10.5936,10.52365,95264.93409888,1935
2024-09-11 00:00:00,10.59057,10.59359,10.18189,10.41271,10.37311,79856.75044074,2145
2024-09-12 00:00:00,10.39186,10.7994,10.39186,10.78795,10.64179,87480.11525991,1942
2024-09-13 00:00:00,10.78795,11.5622,10.65023,11.44909,11.13139,203116.90441498,3359
2024-09-14 00:00:00,11.45955,11.4796,11.21851,11.30166,11.34516,64681.91135953,1864
2024-09-15 00:00:00,11.3018,11.35128,10.80286,10.82257,11.1482,86180.15007924,1769
2024-09-16 00:00:00,10.80488,10.81435,10.41616,10.5486,10.58259,58704.83823627,2033
2024-09-17 00:00:00,10.53099,10.90612,10.44423,10.62683,10.63936,83699.05542155,1880
2024-09-18 00:00:00,10.62497,10.88085,10.29085,10.88085,10.52035,100635.10185645,2454
2024-09-19 00:00:00,10.88445,11.39547,10.88445,11.20235,11.17787,99003.81213586,1991
2024-09-20 00:00:00,11.2045,11.72792,11.12809,11.4315,11.48575,95644.30220735,2040
2024-09-21 00:00:00,11.42898,11.54504,11.20968,11.50945,11.37794,52303.39748456,1485
2024-09-22 00:00:00,11.49439,11.55123,10.86172,11.13525,11.17999,68219.90531527,2126
2024-09-23 00:00:00,11.12997,11.60884,10.92478,11.39,11.4106,79255.80568355,1722
2024-09-24 00:00:00,11.40158,12.21698,11.20733,12.14425,11.6934,163994.51669179,3124
2024-09-25 00:00:00,12.14623,12.55641,12.06862,12.10815,12.22709,146944.10388973,2858
2024-09-26 00:00:00,12.10777,12.74266,11.87384,12.5678,12.44014,195466.54309022,3663
2024-09-27 00:00:00,12.56234,12.87193,12.45489,12.67194,12.69555,105219.64824426,2640
2024-09-28 00:00:00,12.66264,12.97555,12.3804,12.93696,12.80493,156968.15678955,2713
2024-09-29 00:00:00,12.94507,12.96,12.43716,12.46489,12.63134,115310.88523641,2162
2024-09-30 00:00:00,12.46741,12.47608,11.76478,11.85178,12.0869,132859.94967086,3023
2024-10-01 00:00:00,11.85159,12.24302,10.83697,11.00815,11.46295,223289.65582773,4606
2024-10-02 00:00:00,11.00932,11.29976,10.45142,10.66008,10.84884,176151.69110023,2938
2024-10-03 00:00:00,10.66008,10.86175,10.35029,10.64577,10.52781,178028.27374721,2409
2024-10-04 00:00:00,10.68792,11.23895,10.6176,11.07385,10.98157,70573.72562923,1457
2024-10-05 00:00:00,11.08491,11.36965,10.98285,11.25475,11.23226,46557.66480229,1140
2024-10-06 00:00:00,11.26343,11.38827,11.16149,11.28022,11.27518,44537.22963894,1264
2024-10-07 00:00:00,11.27545,11.74,11.13028,11.14952,11.46643,92186.14268616,2357
2024-10-08 00:00:00,11.15746,11.27766,10.78819,10.82063,11.00833,63380.28366778,1571
2024-10-09 00:00:00,10.82064,10.95,10.41615,10.52747,10.65567,85371.33146311,1935
2024-10-10 00:00:00,10.52432,10.72426,10.24648,10.5457,10.50685,81866.12325511,2213
2024-10-11 00:00:00,10.54456,11.01876,10.49727,10.8913,10.78142,100841.26482281,2336
2024-10-12 00:00:00,10.89287,11.13531,10.84309,11.00172,11.03021,62587.05230203,1394
2024-10-13 00:00:00,11.01034,11.06555,10.62774,10.73805,10.82061,46595.48006064,1213
2024-10-14 00:00:00,10.74133,11.33485,10.60394,11.27536,11.10365,81606.86795701,3672
2024-10-15 00:00:00,11.27665,11.67878,10.93575,11.44785,11.34717,146938.70189136,3711
2024-10-16 00:00:00,11.45,11.5271,11.0485,11.23006,11.22342,110479.33536872,1987
2024-10-17 00:00:00,11.27097,11.34536,10.84439,11.02509,11.01519,119916.69862109,1837
2024-10-18 00:00:00,11.02048,11.4949,10.98422,11.47165,11.31805,103994.46756456,1869
2024-10-19 00:00:00,11.47999,11.5885,11.29101,11.42331,11.4055,37253.22605025,1177
2024-10-20 00:00:00,11.41484,12.02301,11.28297,11.95372,11.75905,86432.63908673,2271
2024-10-21 00:00:00,11.97286,12.01882,11.54647,11.70353,11.72427,72744.46369679,1711
2024-10-22 00:00:00,11.72818,12.31887,11.6017,11.95765,12.07372,125993.45959866,3181
2024-10-23 00:00:00,11.95872,11.98746,10.99761,11.31588,11.3506,189529.38670461,3488
2024-10-24 00:00:00,11.29833,11.6285,11.22189,11.6014,11.44654,109983.07118139,2118
2024-10-25 00:00:00,11.61386,12.08143,10.8,11.11787,11.56415,244773.75997584,4607
2024-10-26 00:00:00,11.11787,11.36792,10.8187,10.99571,11.0849,135590.23282314,2270
2024-10-27 00:00:00,10.99279,11.14369,10.8437,10.97605,10.9824,116972.68761107,1432
2024-10-28 00:00:00,10.97269,11.24133,10.70663,11.18796,11.00338,134611.28534962,2430
2024-10-29 00:00:00,11.18235,11.79429,11.14778,11.7898,11.48153,188442.49114271,3371
2024-10-30 00:00:00,11.78981,12.44102,11.64184,12.38751,12.10755,117662.89172982,3985
2024-10-31 00:00:00,12.38876,12.44547,11.31355,11.4122,11.79682,112809.41354981,2959
2024-11-01 00:00:00,11.40185,11.70998,11.14488,11.25338,11.40918,146138.17997844,2908
2024-11-02 00:00:00,11.24001,11.39397,11.07671,11.17201,11.16359,107085.65505194,2067
2024-11-03 00:00:00,11.18591,11.22881,10.52,10.7657,10.81673,69030.10815422,2640
2024-11-04 00:00:00,10.75624,10.89548,10.0671,10.24625,10.464,105844.14373264,4036
2024-11-05 00:00:00,10.24481,10.9352,10.18544,10.84493,10.69121,127508.56898591,3033
2024-11-06 00:00:00,10.83493,12.31281,10.82,12.18104,11.77422,351575.22562087,5478
2024-11-07 00:00:00,12.18601,12.70412,12.08342,12.61347,12.4104,230272.82792588,5782
2024-11-08 00:00:00,12.60586,13.74915,12.54568,13.70084,13.1376,220057.43421765,5788
2024-11-09 00:00:00,13.69776,13.83559,13.29543,13.77524,13.52244,188671.65979418,4082
2024-11-10 00:00:00,13.77269,14.84714,13.66808,14.26733,14.34793,403340.71229207,9013
2024-11-11 00:00:00,14.274,14.95004,13.63257,14.92522,14.39088,337464.85365643,8059
2024-11-12 00:00:00,14.91422,15.3486,13.67828,13.96851,14.37995,345775.46649192,9781
2024-11-13 00:00:00,13.96782,14.39988,13.07852,13.49635,13.74883,343497.72041123,9044
2024-11-14 00:00:00,13.49936,13.8172,12.81237,13.00197,13.3049,188436.9455101,5629
2024-11-15 00:00:00,12.99041,13.89456,12.72977,13.82971,13.40667,210100.43528053,5391
2024-11-16 00:00:00,13.83488,14.79676,13.7479,14.53584,14.3015,266935.62685224,5922
2024-11-17 00:00:00,14.53658,14.88007,13.57087,13.79262,14.14674,219865.93955309,6002
2024-11-18 00:00:00,13.79255,15.99853,13.768,15.2698,15.08501,365926.39045613,9468
2024-11-19 00:00:00,15.27137,15.43278,14.40914,14.64048,14.84916,283512.88293716,7235
2024-11-20 00:00:00,14.63509,15.3294,14.0529,14.25919,14.60683,195543.12181879,7056
2024-11-21 00:00:00,14.23317,15.36926,13.86866,14.9082,14.78476,279676.79636228,7969
2024-11-22 00:00:00,14.90846,16.59757,14.74742,16.58,15.45152,566290.44187538,13458
2024-11-23 00:00:00,16.5647,18.42424,16.3228,17.40251,17.41293,652812.64299977,18035
2024-11-24 00:00:00,17.39967,18.35807,16.1472,17.90833,17.36442,439136.39458144,14569
2024-11-25 00:00:00,17.93619,19.04737,17.1403,17.3424,18.20946,548721.8721686,17449
2024-11-26 00:00:00,17.33379,17.82182,16.18812,17.35255,17.01443,358470.38541837,13343
2024-11-27 00:00:00,17.33041,19.0,16.97555,18.68087,18.0527,356731.91039741,16719
2024-11-28 00:00:00,18.68036,18.7095,17.51,17.93827,17.97267,265003.49482875,12332
2024-11-29 00:00:00,17.94315,18.40054,17.54884,18.25794,18.06858,215291.87199736,6240
2024-11-30 00:00:00,18.25794,19.44428,17.93466,19.0052,18.78982,236509.72555737,8579
2024-12-01 00:00:00,19.00818,19.09004,18.45568,18.93701,18.77083,149829.15766356,7040
2024-12-02 00:00:00,18.93393,26.9,18.59704,25.22392,22.27786,2562041.80614995,62381
2024-12-03 00:00:00,25.22002,26.222,22.59616,24.12036,24.51598,1230587.95566999,37718
2024-12-04 00:00:00,24.11687,26.48469,23.58909,24.10872,24.7275,898920.41100498,26808
2024-12-05 00:00:00,24.11327,24.90697,22.34363,23.18955,23.93809,655795.55670295,20952
2024-12-06 00:00:00,23.17116,25.97501,22.77453,25.9024,24.43711,488284.23983219,17441
2024-12-07 00:00:00,25.90231,26.87397,24.4827,24.79725,25.42758,425539.85713003,20465
2024-12-08 00:00:00,24.81203,27.3965,24.71891,26.09493,26.09575,427441.77108431,19035
2024-12-09 00:00:00,26.10825,27.33196,19.74833,22.27832,23.90965,1201092.51534722,36793
2024-12-10 00:00:00,22.26344,23.76075,20.265,22.11685,22.00187,685368.00428222,26019
2024-12-11 00:00:00,22.13302,24.32489,21.17971,24.11399,23.25655,519977.78872446,21215
2024-12-12 00:00:00,24.08842,29.52494,23.91475,29.10157,27.78142,1412749.86844899,40906
2024-12-13 00:00:00,29.13873,30.91023,27.52353,29.01605,28.8743,687352.12014689,28111
2024-12-14 00:00:00,29.01244,30.74177,28.72126,29.12656,29.6987,543609.58958063,24731
2024-12-15 00:00:00,29.11668,29.83913,28.03955,29.26263,28.93965,377808.25057567,17676
2024-12-16 00:00:00,29.24729,30.79447,28.4453,28.75144,29.62305,486478.91665675,23473
2024-12-17 00:00:00,28.75,29.05505,27.35096,27.81264,28.22472,413955.47267648,16054
2024-12-18 00:00:00,27.84783,28.39744,24.72631,24.86762,26.46344,532317.56272546,22200
2024-12-19 00:00:00,24.86761,25.57835,21.69551,22.7838,23.70506,962632.19557355,26586
2024-12-20 00:00:00,22.79703,23.67947,20.01498,23.38049,21.97762,628800.20398563,21517
2024-12-21 00:00:00,23.3812,24.94718,21.77,22.09549,23.21044,381644.28332772,15564
2024-12-22 00:00:00,22.10302,22.76377,21.27741,22.06036,22.0896,206294.94161177,10105
2024-12-23 00:00:00,22.07004,24.90683,21.499,24.51476,23.14409,454676.60438229,16657
2024-12-24 00:00:00,24.54386,25.95413,23.50844,25.39529,24.69753,381245.07105822,12464
2024-12-25 00:00:00,25.41215,25.53536,24.14507,24.40645,24.69077,200710.6507205,10081
2024-12-26 00:00:00,24.39207,24.66398,22.4021,22.64355,23.21707,301945.24333481,12043
2024-12-27 00:00:00,22.64118,23.64577,21.3591,21.52454,22.59701,175557.79572809,7821
2024-12-28 00:00:00,21.51372,22.31074,21.04697,21.94664,21.50724,155124.60865239,7824
2024-12-29 00:00:00,21.95222,21.95222,20.73639,20.90899,21.30639,144415.34532832,6540
2024-12-30 00:00:00,20.88743,21.76458,20.04796,20.57982,20.73428,297688.03494131,7113
2024-12-31 00:00:00,20.52767,21.14847,19.80003,19.97683,20.46387,151794.89300191,4803
2025-01-01 00:00:00,19.97632,21.80761,19.67302,21.69748,20.6341,171670.14365874,4628
2025-01-02 00:00:00,21.7002,22.86158,21.69281,22.04371,22.24022,183611.25906751,5454
2025-01-03 00:00:00,22.04371,23.89347,21.64645,23.45668,22.96684,345583.7352721,8905
2025-01-04 00:00:00,23.45853,24.03895,22.85303,23.59514,23.41699,184808.57482846,7033
2025-01-05 00:00:00,23.60721,23.80332,22.868,23.57678,23.34531,91826.06983,4713
2025-01-06 00:00:00,23.58396,24.77605,23.02991,23.85512,23.9253,258558.92027203,7304
2025-01-07 00:00:00,23.76531,23.83181,21.1848,21.3931,22.39291,299273.75914338,10522
2025-01-08 00:00:00,21.38904,21.71845,19.57326,20.4372,20.47149,362348.76748002,10411
2025-01-09 00:00:00,20.43583,20.70368,19.135,19.64387,19.79127,195431.71821504,7531
2025-01-10 00:00:00,19.64593,20.51844,19.54,20.24139,20.17335,200733.81540586,6764
2025-01-11 00:00:00,20.25269,20.65,19.82019,20.19107,20.23195,108450.35657925,4513
2025-01-12 00:00:00,20.19108,20.30682,19.5803,19.83364,19.95953,239193.42658313,5319
2025-01-13 00:00:00,19.8251,20.40691,17.84267,19.36044,18.77958,304620.8118837,10187
2025-01-14 00:00:00,19.36105,20.47406,19.26811,20.30205,20.00096,143955.62626337,6662
2025-01-15 00:00:00,20.3064,22.14325,20.11,22.1173,21.22462,250906.06269571,9029
2025-01-16 00:00:00,22.10999,23.7594,21.30964,23.00899,22.83294,378648.15491277,10280
2025-01-17 00:00:00,23.01,25.21713,23.01,25.09758,24.20576,287457.04067477,9634
2025-01-18 00:00:00,25.09757,25.66101,23.3246,24.06839,24.09699,429337.21403732,10809
2025-01-19 00:00:00,24.06092,26.64685,22.12333,24.30647,24.56786,1084339.01880887,27474
2025-01-20 00:00:00,24.29516,26.90033,23.35883,25.05408,25.32969,939564.83215475,33652
2025-01-21 00:00:00,25.05441,27.06369,23.67427,26.74819,25.69833,504632.18729822,19781
2025-01-22 00:00:00,26.67165,27.2,25.15621,25.26918,25.93945,288883.72781619,10512
2025-01-23 00:00:00,25.2601,28.07124,23.99253,25.68212,25.17542,426053.72084014,15392
2025-01-24 00:00:00,25.66984,26.41487,24.87645,25.18697,25.73557,265329.88810429,9001
2025-01-25 00:00:00,25.18697,25.40775,24.69951,24.92,25.01581,126255.85306316,4944
2025-01-26 00:00:00,24.91999,26.365,24.7507,24.85111,25.61103,249146.17761608,8369
2025-01-27 00:00:00,24.85485,25.09687,22.19027,24.20088,23.48021,636059.03527859,18659
2025-01-28 00:00:00,24.20088,24.6377,22.35742,22.617,23.45648,417578.4565827,10172
2025-01-29 00:00:00,22.61701,24.43285,22.25,23.63163,23.22745,450304.22866763,10229
2025-01-30 00:00:00,23.64028,25.2,23.42503,24.46939,24.5038,184538.38091062,7700
2025-01-31 00:00:00,24.46659,26.38816,24.12741,25.14,25.26322,255835.05479206,9786
2025-02-01 00:00:00,25.14,25.9354,22.88969,22.98703,24.28488,267289.19029361,8535
2025-02-02 00:00:00,22.98533,23.33263,19.29358,20.46372,21.54713,916306.48599017,15454
2025-02-03 00:00:00,20.46109,22.04019,15.80252,21.67857,19.08966,1060849.54282587,21372
2025-02-04 00:00:00,21.70455,21.73299,19.33167,20.0199,20.38163,513474.78870954,9666
2025-02-05 00:00:00,19.99606,20.27162,18.96967,19.18218,19.62557,264997.53389328,5450
2025-02-06 00:00:00,19.1873,19.93508,18.41816,18.58992,18.957,313962.16781635,5705
2025-02-07 00:00:00,18.59602,19.85,17.80321,18.38405,18.82468,215197.70067609,5546
2025-02-08 00:00:00,18.38252,18.63033,17.87959,18.4426,18.14733,104994.54365665,2951
2025-02-09 00:00:00,18.44502,18.9927,17.44614,18.28588,18.09938,219354.91340667,4024
2025-02-10 00:00:00,18.27549,19.1231,17.68347,18.80453,18.60617,110549.75270959,4131
2025-02-11 00:00:00,18.80069,19.7817,18.21491,18.6409,19.11059,274471.38123128,5949
2025-02-12 00:00:00,18.64682,19.49803,17.66667,19.20372,18.50266,278448.91946285,6208
2025-02-13 00:00:00,19.20372,19.31565,18.20098,18.55922,18.63002,177179.23613973,3779
2025-02-14 00:00:00,18.55917,19.83569,18.46384,19.38071,19.32549,190794.84901062,5093
2025-02-15 00:00:00,19.39499,19.64195,18.7124,18.98267,19.19339,117832.86719747,3190
2025-02-16 00:00:00,18.98959,19.27139,18.56319,18.70884,18.86037,115309.22222658,3871
2025-02-17 00:00:00,18.70458,19.78,18.39136,19.09646,19.10913,235579.87175153,7323
2025-02-18 00:00:00,19.11033,19.17954,17.27165,17.84149,17.98767,768767.92608152,12609
2025-02-19 00:00:00,17.84878,18.17,17.44408,17.98195,17.83523,157051.4625397,4109
2025-02-20 00:00:00,17.98967,18.4512,17.82724,18.28927,18.13824,119006.95623834,3553
2025-02-21 00:00:00,18.29142,19.04454,17.11765,17.4,18.10921,376432.59215689,7060
2025-02-22 00:00:00,17.40176,18.02183,17.31722,17.75369,17.66359,114723.28245872,3568
2025-02-23 00:00:00,17.75414,18.13025,17.44485,17.6106,17.64371,56091.59838827,3014
2025-02-24 00:00:00,17.61466,17.736,14.95774,15.24068,16.29667,291238.26423491,9238
2025-02-25 00:00:00,15.24209,15.55237,14.01129,15.28192,14.78878,347050.12803648,10045
2025-02-26 00:00:00,15.29344,15.74511,14.6,15.23274,15.22509,240787.74360903,7053
2025-02-27 00:00:00,15.24013,15.75311,14.77075,15.09415,15.30893,132403.04523747,4000
2025-02-28 00:00:00,15.09589,15.17497,13.45787,14.82223,14.2098,271471.82530096,6575
2025-03-01 00:00:00,14.81374,15.12139,14.21675,14.75526,14.71526,146942.13506028,3655
2025-03-02 00:00:00,14.7364,17.5241,14.42,17.45557,16.13737,489343.64334503,8859
2025-03-03 00:00:00,17.42317,17.47378,14.37064,14.43381,15.89856,399000.62639156,8285
2025-03-04 00:00:00,14.43592,15.33257,13.08,14.85573,14.15527,479152.73867751,8812
2025-03-05 00:00:00,14.86216,16.58211,14.62378,16.43111,15.82273,290016.51388467,7052
2025-03-06 00:00:00,16.41655,17.65914,16.38758,17.05634,17.11361,535922.74897389,8279
2025-03-07 00:00:00,17.05632,17.5003,15.75,15.94065,16.67944,483870.32253507,9240
2025-03-08 00:00:00,15.94329,16.0623,15.12392,15.24662,15.50912,146863.84129233,3765
2025-03-09 00:00:00,15.24899,15.34967,13.62463,13.78388,14.27287,265395.10393618,5730
2025-03-10 00:00:00,13.79048,14.54397,12.42874,12.64833,13.30564,344772.94929598,7578
2025-03-11 00:00:00,12.64544,13.64406,11.85713,13.09717,12.71989,457728.15935755,7185
2025-03-12 00:00:00,13.14153,13.81,12.65967,13.48668,13.27436,213773.76818565,4867
2025-03-13 00:00:00,13.49164,13.57758,12.71768,13.03961,13.15907,109726.06035607,2670
2025-03-14 00:00:00,13.04001,14.67298,12.98959,13.65061,14.02188,410707.98449772,6920
2025-03-15 00:00:00,13.65061,14.23441,13.64676,14.01416,13.95541,104470.03805358,2754
2025-03-16 00:00:00,14.01415,14.1801,13.22549,13.37612,13.62761,165107.67349273,2818
2025-03-17 00:00:00,13.37612,14.23878,13.37611,14.04087,13.81319,136332.69606017,2921
2025-03-18 00:00:00,14.04412,14.2592,13.46328,13.91722,13.82982,144788.15764063,3899
2025-03-19 00:00:00,13.91011,15.03106,13.78135,15.0123,14.40237,194848.22588692,5280
2025-03-20 00:00:00,15.02681,15.17112,14.06955,14.21232,14.49653,158144.404158,3422
2025-03-21 00:00:00,14.21383,14.37475,13.83239,13.95417,14.05433,99891.34164175,2553
2025-03-22 00:00:00,13.95416,14.49368,13.93394,14.24321,14.27758,71010.28799771,2141
2025-03-23 00:00:00,14.2424,14.48961,14.21248,14.45698,14.38452,213754.33110472,2941
2025-03-24 00:00:00,14.462,15.39,14.15999,15.12145,15.02675,152829.58328907,4758
2025-03-25 00:00:00,15.12832,15.64,14.87991,15.4603,15.39409,128840.36896885,3397
2025-03-26 00:00:00,15.4196,15.99,14.946,15.26201,15.50755,288306.60432206,4942
2025-03-27 00:00:00,15.24252,15.78159,15.17332,15.50438,15.53408,111570.81333716,3320
2025-03-28 00:00:00,15.519,15.58053,14.00813,14.24586,14.43042,168719.05607687,4067
2025-03-29 00:00:00,14.2473,14.39656,13.37644,13.552,13.8012,89218.28369972,2653
2025-03-30 00:00:00,13.54147,13.84171,13.20683,13.40205,13.53669,110923.95831496,2201
2025-03-31 00:00:00,13.40342,13.70816,12.96337,13.51079,13.39155,98085.19172305,3044
2025-04-01 00:00:00,13.50651,14.39001,13.498,14.03094,13.97457,112704.01077541,2911
2025-04-02 00:00:00,14.0489,14.39967,12.81513,12.9,13.60119,173978.48379201,4822
2025-04-03 00:00:00,12.89721,13.30503,12.31001,12.88246,12.70599,136031.89008007,4636
2025-04-04 00:00:00,12.89937,13.18205,12.35659,12.93719,12.84748,136894.01689979,3807
2025-04-05 00:00:00,12.94021,13.0391,12.58,12.84297,12.84153,65904.68903603,1703
2025-04-06 00:00:00,12.84356,12.93527,11.001,11.27965,11.92243,205242.8666275,5568
2025-04-07 00:00:00,11.28262,11.85884,10.117,11.44029,11.04232,258831.45322883,7107
2025-04-08 00:00:00,11.43489,11.87199,10.78088,10.91287,11.37646,230948.05168403,5302
2025-04-09 00:00:00,10.9091,12.81344,10.446,12.64949,11.74264,240726.56607494,5340
2025-04-10 00:00:00,12.64495,12.65555,11.67509,12.08692,12.14238,143894.1626273,3172
2025-04-11 00:00:00,12.06857,12.89198,12.03002,12.66307,12.45408,347743.3044909,4179
2025-04-12 00:00:00,12.64269,13.27962,12.4718,13.14329,12.93576,105236.48451717,2482
2025-04-13 00:00:00,13.15068,13.21978,12.42698,12.62019,12.82836,163515.77445357,2959
2025-04-14 00:00:00,12.62551,13.23317,12.57119,12.62957,12.90548,182389.45887078,3974
2025-04-15 00:00:00,12.63577,12.83,12.22001,12.23325,12.54478,88735.44492175,2136
2025-04-16 00:00:00,12.2301,12.52075,11.90907,12.35933,12.29311,128710.83656256,2562
2025-04-17 00:00:00,12.35724,12.6908,12.20165,12.52935,12.52419,67949.61222603,2168
2025-04-18 00:00:00,12.53774,12.70819,12.41267,12.54925,12.57857,49783.18010975,1475
2025-04-19 00:00:00,12.55792,13.04056,12.54487,12.94511,12.82637,43850.70179356,1256
2025-04-20 00:00:00,12.94001,13.58736,12.87776,13.27225,13.2059,38436.81753013,1942
2025-04-21 00:00:00,13.278,13.68954,12.98,13.11062,13.35006,86150.6345167,2286
2025-04-22 00:00:00,13.10888,14.16374,12.86809,14.13988,13.63376,147226.58580264,3168
2025-04-23 00:00:00,14.12956,15.26927,14.02925,15.02093,14.78596,209862.7555014,5752
2025-04-24 00:00:00,15.02055,15.13969,14.17198,15.03236,14.77646,164466.02914643,4448
2025-04-25 00:00:00,15.05459,15.35404,14.72735,14.94,15.07625,163889.68732186,3674
2025-04-26 00:00:00,14.93176,15.27233,14.68379,14.86769,14.99523,56804.44247535,1608
2025-04-27 00:00:00,14.87397,15.09437,14.39125,14.57089,14.65886,55527.86610959,2094
2025-04-28 00:00:00,14.58229,15.10168,14.269,15.02022,14.77142,74378.89824182,3125
2025-04-29 00:00:00,15.02022,15.23197,14.49131,14.61917,14.93195,88718.00440034,2718
2025-04-30 00:00:00,14.60973,14.74497,13.84295,14.30039,14.17272,106326.50097465,2597
2025-05-01 00:00:00,14.29697,15.02925,14.29697,14.75001,14.79857,103196.12360301,2681
2025-05-02 00:00:00,14.7526,15.03466,14.4988,14.66133,14.79381,73656.98389164,1927
2025-05-03 00:00:00,14.66334,14.66509,14.17855,14.26237,14.41331,45100.45814077,1334
2025-05-04 00:00:00,14.24472,14.36483,13.82741,13.86643,14.1046,62070.09517229,1582
2025-05-05 00:00:00,13.86378,14.20226,13.495,13.6388,13.77464,83329.43117157,2647
2025-05-06 00:00:00,13.642,13.87895,13.20612,13.81653,13.45508,103708.84002209,2115
2025-05-07 00:00:00,13.81926,14.07245,13.47136,13.81745,13.77577,114684.54758424,2741
2025-05-08 00:00:00,13.82745,15.96126,13.82258,15.87217,15.14894,236615.02280825,6481
2025-05-09 00:00:00,15.88611,16.71286,15.58562,15.99001,16.04228,341585.52768863,7837
2025-05-10 00:00:00,16.01829,17.45886,15.87006,17.30715,16.63682,203849.50604251,6360
2025-05-11 00:00:00,17.32634,17.39897,16.31556,17.09911,16.73533,982870.5507415,10054
2025-05-12 00:00:00,17.104,17.95855,16.04699,16.75514,17.0787,423441.02303309,9995
2025-05-13 00:00:00,16.73597,17.79999,16.04699,17.40027,16.89083,226943.04160675,6097
2025-05-14 00:00:00,17.39166,17.52383,16.69666,17.02234,17.05439,150687.69865625,4513
2025-05-15 00:00:00,17.02397,17.21295,15.71284,16.0463,16.32026,342750.40911064,6657
2025-05-16 00:00:00,16.0446,16.53593,15.62073,15.7524,16.09865,115756.99075789,3590
2025-05-17 00:00:00,15.75959,15.7734,15.10582,15.32535,15.36374,130455.41151056,3530
2025-05-18 00:00:00,15.32867,16.39705,14.9158,15.88261,15.50899,199074.19449286,5430
2025-05-19 00:00:00,15.88074,16.0012,14.85,15.78602,15.42485,200179.49752806,5032
2025-05-20 00:00:00,15.79047,16.4,15.24579,15.70734,15.73191,154450.1787455,4827
2025-05-21 00:00:00,15.70894,16.48188,15.51302,16.122,15.95621,269365.97061612,6209
2025-05-22 00:00:00,16.10334,16.89551,16.04351,16.73989,16.59586,234942.3035696,4272
2025-05-23 00:00:00,16.73938,17.14509,15.42974,15.55311,16.4447,302835.96816583,6333
2025-05-24 00:00:00,15.52414,15.90036,15.26461,15.36,15.54968,92292.50577115,2369
2025-05-25 00:00:00,15.35167,15.55382,14.86644,15.53809,15.23251,146029.67014829,3006
2025-05-26 00:00:00,15.54382,15.96723,15.42237,15.52871,15.66826,126081.81494213,2894
2025-05-27 00:00:00,15.53497,16.11809,15.17105,15.93019,15.78991,105872.44700025,3275
2025-05-28 00:00:00,15.91475,16.13695,15.31879,15.67653,15.75446,217652.62481428,3713
2025-05-29 00:00:00,15.68341,16.1776,15.012,15.05581,15.57798,211370.49850797,4377
2025-05-30 00:00:00,15.04737,15.10778,13.7613,13.90603,14.32397,435184.51714006,7049
2025-05-31 00:00:00,13.90136,14.18357,13.41469,13.96585,13.73556,324983.76534173,4915
2025-06-01 00:00:00,13.97272,14.12262,13.6,14.05607,13.90706,106940.16392776,2432
2025-06-02 00:00:00,14.05783,14.11404,13.60897,14.08148,13.77327,174398.44383564,2920
2025-06-03 00:00:00,14.08113,14.43724,14.00258,14.11841,14.18857,166038.70944148,2866
2025-06-04 00:00:00,14.12024,14.47682,13.71586,13.85057,14.1864,232064.85115311,2828
2025-06-05 00:00:00,13.83488,14.03,12.63558,12.89593,13.25321,157594.9838711,4283
2025-06-06 00:00:00,12.89566,13.68831,12.83657,13.57271,13.41137,160073.69895393,2970
2025-06-07 00:00:00,13.58302,14.08038,13.5054,13.82683,13.85333,261632.76249805,2695
2025-06-08 00:00:00,13.82702,13.97127,13.57,13.72767,13.7108,133008.71956312,1934
2025-06-09 00:00:00,13.73042,14.39396,13.5375,14.35742,13.90026,268721.88661648,3782
2025-06-10 00:00:00,14.34218,15.52398,14.33796,15.44076,15.11287,304173.19628429,6568
2025-06-11 00:00:00,15.44045,15.64395,14.78737,14.91273,15.30982,277402.34290761,5865
2025-06-12 00:00:00,14.88415,14.9143,13.84172,13.98435,14.31107,148829.38167865,4758
2025-06-13 00:00:00,13.97907,13.99122,12.77521,13.44373,13.17987,201202.89977754,5776
2025-06-14 00:00:00,13.4479,13.45988,12.85,13.15551,13.13434,110821.15647636,2812
2025-06-15 00:00:00,13.15815,13.32764,13.00087,13.29779,13.18675,91596.54902521,2608
2025-06-16 00:00:00,13.30077,14.14819,13.18113,13.53497,13.81212,277306.42943719,5030
2025-06-17 00:00:00,13.56969,13.77133,12.8125,12.9978,13.19992,228631.93579844,4257
2025-06-18 00:00:00,12.99316,13.206,12.64081,13.11,12.95977,265470.69064215,5463
2025-06-19 00:00:00,13.11,13.37637,12.91311,13.07458,13.10003,119657.70370092,3096
2025-06-20 00:00:00,13.07362,13.27585,12.30906,12.51587,12.79758,172790.41202472,4306
2025-06-21 00:00:00,12.50467,12.73734,11.66375,12.02174,12.14016,158083.40162775,4304
2025-06-22 00:00:00,12.04062,12.18729,10.94232,11.65255,11.56272,458862.18786301,6386
2025-06-23 00:00:00,11.65425,12.94766,11.41573,12.82842,11.95864,411892.3439463,5928
2025-06-24 00:00:00,12.84895,13.73107,12.80675,13.41,13.24915,261701.96435105,4787
2025-06-25 00:00:00,13.41,13.5,13.00134,13.14672,13.26129,116793.86505272,3295
2025-06-26 00:00:00,13.14673,13.55674,12.8951,12.93001,13.17692,91843.56552566,2690
2025-06-27 00:00:00,12.94351,13.23857,12.75,13.06134,12.9724,99593.18717137,3090
2025-06-28 00:00:00,13.05843,13.44101,13.01958,13.40426,13.22605,49076.96086523,1530
2025-06-29 00:00:00,13.40521,13.8595,13.25029,13.7122,13.44821,189461.53854038,3204
2025-06-30 00:00:00,13.71273,13.77128,13.13992,13.37596,13.41232,247126.25165304,3938
2025-07-01 00:00:00,13.37573,13.43323,12.8,12.89842,13.14066,154877.19704026,2957
2025-07-02 00:00:00,12.8993,13.84165,12.74419,13.55618,13.35734,252100.78775379,4384
2025-07-03 00:00:00,13.56,14.07244,13.44475,13.65752,13.75294,379964.18640628,5112
2025-07-04 00:00:00,13.65752,13.77146,12.94648,13.16293,13.2405,145805.657514,2918
2025-07-05 00:00:00,13.16411,13.2639,13.0101,13.23062,13.16492,19077.7125922,1037
2025-07-06 00:00:00,13.23449,13.68844,13.11122,13.50368,13.42026,49849.94879065,1665
2025-07-07 00:00:00,13.49178,13.71765,13.26157,13.43339,13.46701,70317.35129253,2314
2025-07-08 00:00:00,13.43512,13.99,13.2156,13.96574,13.62724,161159.62601056,3908
2025-07-09 00:00:00,13.9708,14.36532,13.812,14.2564,14.09027,218752.14389409,5285
2025-07-10 00:00:00,14.25401,15.33612,14.1566,15.2506,14.60036,305704.67665831,6969
2025-07-11 00:00:00,15.24291,15.88,15.03316,15.29806,15.52817,440557.41718109,9348
2025-07-12 00:00:00,15.28988,15.47189,14.72222,15.09742,15.09381,209832.64098664,3947
2025-07-13 00:00:00,15.10618,15.93874,15.06062,15.64862,15.62014,199047.92380809,4524
2025-07-14 00:00:00,15.66004,16.45792,15.5667,15.73903,16.01773,634015.49248434,9628
2025-07-15 00:00:00,15.76166,16.18044,15.15308,16.112,15.64955,383168.24037695,8049
2025-07-16 00:00:00,16.10931,17.0429,15.8265,16.67553,16.67556,630724.62478067,11779
2025-07-17 00:00:00,16.68099,18.10544,16.33045,18.01605,17.12772,728480.66934512,14240
2025-07-18 00:00:00,18.00948,19.13872,17.35,17.82317,18.32484,984540.12399943,20483
2025-07-19 00:00:00,17.83334,18.54023,17.56135,18.39938,18.08876,289239.99102372,6577
2025-07-20 00:00:00,18.40045,19.96578,18.34495,19.29403,19.35827,609978.67457834,14943
2025-07-21 00:00:00,19.29388,20.26245,19.01286,19.50315,19.66691,509680.31941569,11471
2025-07-22 00:00:00,19.50958,20.00001,18.63694,19.66619,19.2961,532200.11825254,12575
2025-07-23 00:00:00,19.67004,19.77866,17.56863,18.19684,18.57934,493813.85285558,12754
2025-07-24 00:00:00,18.1877,18.6842,17.16848,17.89937,18.21211,291461.14746267,8504
2025-07-25 00:00:00,17.89937,18.50791,17.27231,18.28621,17.84476,285144.87968303,8467
2025-07-26 00:00:00,18.2862,18.63317,18.18096,18.4055,18.37195,158668.83349343,4094
2025-07-27 00:00:00,18.41293,19.28373,18.37384,19.24707,18.94349,437089.38158024,6771
2025-07-28 00:00:00,19.24204,19.54297,17.9844,18.09995,18.89645,373866.22725065,8085
2025-07-29 00:00:00,18.11748,18.76295,17.48409,17.83143,17.91182,651349.23000534,10091
2025-07-30 00:00:00,17.83046,17.9375,16.766,17.70938,17.47113,206371.26405195,6805
2025-07-31 00:00:00,17.70844,18.21991,16.8662,16.91817,17.71884,258100.38776542,5964
2025-08-01 00:00:00,16.93006,17.03497,15.6783,16.06596,16.50751,412978.3048041,11728
2025-08-02 00:00:00,16.06381,16.2391,15.42991,15.62411,15.72796,179523.63770189,5009
2025-08-03 00:00:00,15.64301,16.4007,15.45,16.30409,16.04961,120468.6440068,2999
2025-08-04 00:00:00,16.30023,17.19014,16.28534,17.10344,16.81228,246006.43886284,5283
2025-08-05 00:00:00,17.11424,17.11854,16.07425,16.38986,16.57351,173220.09956388,4579
2025-08-06 00:00:00,16.38221,16.89158,16.0374,16.68449,16.52359,94793.99929235,3685
2025-08-07 00:00:00,16.67822,18.48999,16.59248,18.46875,17.91137,405027.95439995,10110
2025-08-08 00:00:00,18.47547,19.95,18.1036,19.88413,19.32134,897085.14694102,21733
2025-08-09 00:00:00,19.89467,21.98556,19.79828,21.932,21.04977,556635.41222884,23096
2025-08-10 00:00:00,21.95783,22.68,21.16151,22.07643,21.8891,792582.50483949,25573
2025-08-11 00:00:00,22.07657,22.59564,20.85218,21.08047,21.78662,496001.49041755,15889
2025-08-12 00:00:00,21.07146,24.193,21.01352,23.59809,23.08468,1049098.64393963,26690
2025-08-13 00:00:00,23.59289,24.73324,23.26041,23.96825,23.83888,794766.52435725,22980
2025-08-14 00:00:00,23.96826,24.3,21.49475,22.47999,22.9003,825631.97378977,19184
2025-08-15 00:00:00,22.47586,23.03637,21.38124,21.76428,22.01004,378560.99021062,9402
2025-08-16 00:00:00,21.77156,22.97689,21.43134,22.64074,22.19566,356579.58819736,10622
2025-08-17 00:00:00,22.65119,26.35358,22.4,25.66142,25.1048,962059.84481919,33029
2025-08-18 00:00:00,25.65541,26.737,24.28656,25.78767,25.43062,1623643.74709265,45346
2025-08-19 00:00:00,25.78614,25.82061,23.44216,23.55042,24.31588,1113370.06889245,27162
2025-08-20 00:00:00,23.55348,26.87792,23.39,26.437,25.27195,1161400.25976838,31060
2025-08-21 00:00:00,26.45989,26.59999,24.62642,24.81332,25.61606,741265.58250954,19009
2025-08-22 00:00:00,24.81322,27.83764,24.12605,26.77286,26.48138,1664163.00729723,27039
2025-08-23 00:00:00,26.77287,26.80411,25.52768,26.27301,26.08387,476946.15007188,8710
2025-08-24 00:00:00,26.28696,26.72567,25.25109,25.80993,25.89289,858062.82282306,12905
2025-08-25 00:00:00,25.82156,26.4278,23.07582,23.39824,24.64948,994458.43358635,14936
2025-08-26 00:00:00,23.39363,24.74,22.87754,24.37833,23.74135,538808.47009401,11124
2025-08-27 00:00:00,24.38436,24.67453,23.58157,23.76051,24.2213,428577.1317266,8857
2025-08-28 00:00:00,23.76054,26.0,23.57172,25.20181,24.98772,929323.8709821,13556
2025-08-29 00:00:00,25.17831,25.22449,23.12,23.42458,23.69789,763635.11606221,12593
2025-08-30 00:00:00,23.43067,23.5,22.81728,23.48799,23.23983,233208.7667312,4670
2025-08-31 00:00:00,23.488,24.04016,23.17082,23.19395,23.64743,324923.62106091,5382
2025-09-01 00:00:00,23.18926,23.84861,22.1,22.52016,22.98326,416774.723056,7443
2025-09-02 00:00:00,22.51742,23.58722,22.36127,23.47831,23.09064,379898.67661195,6084
2025-09-03 00:00:00,23.4861,23.90254,23.21813,23.69276,23.60228,208816.2125481,4794
2025-09-04 00:00:00,23.70531,23.95551,22.205,22.32001,22.83521,503543.12414439,6372
2025-09-05 00:00:00,22.32001,23.2374,22.04533,22.295,22.48197,469438.50229407,7179
2025-09-06 00:00:00,22.29394,22.49352,21.86949,22.19583,22.17177,176868.51022235,3523
2025-09-07 00:00:00,22.20031,22.59804,22.1178,22.46623,22.31647,171242.83388348,3298
2025-09-08 00:00:00,22.46273,23.2789,22.23484,23.03808,22.86999,324405.1235039,6448
2025-09-09 00:00:00,23.03808,23.8,22.81931,23.04782,23.24685,252114.39129695,6769
2025-09-10 00:00:00,23.04601,23.93157,22.90163,23.56414,23.48851,330821.2333097,6626
2025-09-11 00:00:00,23.58061,24.5,23.27701,24.4871,23.78267,287662.48231807,6828
2025-09-12 00:00:00,24.47,25.33721,24.1722,25.1544,24.72199,384614.87308585,9614
2025-09-13 00:00:00,25.15441,25.63462,24.45604,24.8999,25.04216,439684.77678298,10607
2025-09-14 00:00:00,24.9036,25.02371,23.82858,24.14341,24.35459,345935.10037701,9339
2025-09-15 00:00:00,24.11392,24.44316,22.98374,23.58382,23.53604,259930.98353812,7427
2025-09-16 00:00:00,23.58382,23.74547,23.09999,23.4925,23.51663,186576.1879325,5520
2025-09-17 00:00:00,23.49252,24.22122,22.784,24.00072,23.39294,396434.91127458,9518
2025-09-18 00:00:00,23.99573,24.74284,23.69625,24.62936,24.31773,357182.66607137,7385
2025-09-19 00:00:00,24.62719,24.88592,23.3,23.48523,24.03807,276271.51132886,7352
2025-09-20 00:00:00,23.48515,23.65,23.128,23.34369,23.37506,116596.91600662,3352
2025-09-21 00:00:00,23.34062,23.48229,22.92569,22.96098,23.15159,231105.46414802,3492
2025-09-22 00:00:00,22.96359,23.05092,20.12501,21.66,21.52178,714579.7605822,12016
2025-09-23 00:00:00,21.66625,22.02838,21.18046,21.51603,21.7558,237527.90350358,5628
2025-09-24 00:00:00,21.51921,21.9711,21.00505,21.6274,21.68637,225559.48778109,5498
2025-09-25 00:00:00,21.61448,21.66805,19.85,20.12948,20.67706,453475.85596819,8480
2025-09-26 00:00:00,20.17102,21.24781,19.9445,21.07512,20.64377,203578.13686771,4804
2025-09-27 00:00:00,21.07795,21.15182,20.75185,20.91192,20.93244,122988.30505449,2365
2025-09-28 00:00:00,20.91192,21.70718,20.4442,21.68428,21.06796,188458.59504192,3833
2025-09-29 00:00:00,21.66749,21.9003,20.9282,21.74422,21.58008,277555.30009433,4446
2025-09-30 00:00:00,21.74106,21.8482,21.0,21.30899,21.29149,247433.54330616,5096
2025-10-01 00:00:00,21.31145,22.63195,21.06989,22.57279,22.06999,377706.00267441,7022
2025-10-02 00:00:00,22.59302,23.14974,21.94915,22.79069,22.62032,285653.78940799,6291
2025-10-03 00:00:00,22.80135,23.09847,22.12519,22.51464,22.60634,316755.2357667,5711
2025-10-04 00:00:00,22.51987,22.62827,21.7656,22.03585,22.08095,193085.61038984,3593
2025-10-05 00:00:00,22.03585,22.93348,21.90861,22.00911,22.3823,323961.62717071,6238
2025-10-06 00:00:00,22.00911,23.59256,21.52827,23.37647,22.59381,520433.9431993,11637
2025-10-07 00:00:00,23.36926,23.72506,21.78288,21.81243,22.56442,571730.77934153,17132
2025-10-08 00:00:00,21.81531,22.66413,21.65944,22.63,22.13974,294979.42310992,7190
2025-10-09 00:00:00,22.63,22.66413,21.29882,22.01768,21.75605,272474.99948475,9626
2025-10-10 00:00:00,22.00545,22.78,10.2,17.36276,18.47303,1505640.85498444,46560
2025-10-11 00:00:00,17.33454,18.52611,16.60541,17.221,17.60299,687147.31524856,17649
2025-10-12 00:00:00,17.21672,19.42792,16.7042,19.0103,18.47832,591201.85018238,12306
2025-10-13 00:00:00,19.01862,20.2,18.76607,19.85279,19.44041,421732.05505973,12984
2025-10-14 00:00:00,19.86528,20.04432,18.09921,19.10782,18.79985,473208.42944127,15477
2025-10-15 00:00:00,19.11545,19.24325,17.72485,18.06878,18.45254,423891.23699097,12691
2025-10-16 00:00:00,18.06879,18.61405,17.11967,17.41842,17.88967,445743.23542427,12857
2025-10-17 00:00:00,17.42738,17.6717,15.70151,16.60339,16.40572,603799.0681013,12032
2025-10-18 00:00:00,16.6075,16.99231,16.58336,16.8094,16.78906,203601.92889552,5665
2025-10-19 00:00:00,16.80941,17.66021,16.54124,17.28459,17.24098,273394.81416931,6124
2025-10-20 00:00:00,17.28446,19.18527,16.93392,18.65,18.67307,773623.33216212,19597
2025-10-21 00:00:00,18.68271,18.96615,17.54241,17.60344,18.2259,809497.20198822,14711
2025-10-22 00:00:00,17.61509,17.84045,16.75,17.20394,17.41541,502668.7604611,11083
2025-10-23 00:00:00,17.19689,17.79256,17.12,17.43227,17.48948,302360.88093498,6464
2025-10-24 00:00:00,17.43228,18.08145,17.29868,17.88046,17.68684,374457.64318797,7019
2025-10-25 00:00:00,17.89854,18.23082,17.80001,18.01663,17.96274,139920.4814917,6723
2025-10-26 00:00:00,18.0192,18.68216,17.70524,18.53416,18.21966,199271.82378852,5816
2025-10-27 00:00:00,18.54147,19.03712,18.09617,18.21392,18.60885,494594.44951945,9699
2025-10-28 00:00:00,18.20633,18.8169,17.42457,17.8294,18.18691,372495.11124429,7940
2025-10-29 00:00:00,17.82872,18.69894,17.57,18.12551,18.19612,631270.64559575,10013
2025-10-30 00:00:00,18.14107,18.41866,16.3214,16.80123,17.25331,482459.14870914,10270
2025-10-31 00:00:00,16.80122,17.44318,16.74788,17.24129,17.13964,301003.24443683,5869
2025-11-01 00:00:00,17.22196,17.41816,17.06001,17.14828,17.26136,104775.69476191,2075
2025-11-02 00:00:00,17.13702,17.61737,16.99833,17.58085,17.30546,317572.35022187,4645
2025-11-03 00:00:00,17.6,17.63716,14.61,15.24227,15.86983,679655.26281761,14241
2025-11-04 00:00:00,15.23568,15.93279,13.69954,14.71,14.70903,1336138.83313983,20339
2025-11-05 00:00:00,14.68772,15.3854,14.0,15.10312,14.79549,503244.98548039,8099
2025-11-06 00:00:00,15.09459,15.2255,14.247,14.7311,14.75913,319200.08154236,7096
2025-11-07 00:00:00,14.73564,16.32013,14.30525,15.77551,15.4416,478146.78838297,9420
2025-11-08 00:00:00,15.78697,16.01447,15.12415,15.51707,15.53756,251732.0059747,4182
2025-11-09 00:00:00,15.50488,16.11647,15.02139,15.91862,15.76194,227838.63364999,4615
2025-11-10 00:00:00,15.915,16.65035,15.77553,16.3564,16.20971,339549.44979472,5900
2025-11-11 00:00:00,16.361,16.77119,15.24692,15.2885,15.91914,398274.04771826,6668
2025-11-12 00:00:00,15.27983,16.23408,14.91205,15.14646,15.47661,306851.86223585,5744
2025-11-13 00:00:00,15.14299,16.01446,14.15,14.53394,15.00331,434445.79454915,9105
2025-11-14 00:00:00,14.53045,14.584,13.56868,13.80807,14.14153,402326.39722965,8610
2025-11-15 00:00:00,13.79843,14.31895,13.79732,14.1245,14.12546,196100.17671502,4193
2025-11-16 00:00:00,14.12822,14.53535,13.4,13.72905,13.8854,415828.10662891,7115
2025-11-17 00:00:00,13.72963,14.25174,13.06961,13.31476,13.53459,393433.22479448,7710
2025-11-18 00:00:00,13.31112,13.98053,13.05919,13.79359,13.56268,373271.31383475,6878
2025-11-19 00:00:00,13.77883,13.80531,12.75546,13.51513,13.19156,489977.99458118,10060
2025-11-20 00:00:00,13.51249,13.98389,12.75618,12.91017,13.29371,371360.17319468,8703
2025-11-21 00:00:00,12.91713,13.17345,11.60001,12.10919,12.21078,586775.55676146,10974
2025-11-22 00:00:00,12.12032,12.29471,11.73806,12.1752,12.04736,198264.28137984,4255
2025-11-23 00:00:00,12.16772,12.739,12.11683,12.51102,12.50069,214177.46920338,4811
2025-11-24 00:00:00,12.50233,13.1958,12.30658,12.96059,12.84495,395657.06263579,6549
2025-11-25 00:00:00,12.96,13.20091,12.55001,13.06596,12.91395,230861.03989184,5867
2025-11-26 00:00:00,13.08301,13.49695,12.74241,13.44916,13.14225,181808.34032809,5034
2025-11-27 00:00:00,13.45006,13.55582,13.23827,13.34622,13.39142,193367.72048086,3709
2025-11-28 00:00:00,13.33155,13.52994,13.05306,13.11929,13.28263,139721.25134852,4161
2025-11-29 00:00:00,13.12653,13.20887,12.92701,12.99256,13.06387,97789.66873146,2654
2025-11-30 00:00:00,12.99165,13.41546,12.95001,12.96269,13.19221,213765.67471936,3851
2025-12-01 00:00:00,12.95187,12.98501,11.74887,12.07816,12.17117,388353.61308851,7828
2025-12-02 00:00:00,12.0745,13.58788,11.97763,13.47,12.77527,441505.56520249,7022
2025-12-03 00:00:00,13.49253,14.74001,13.43472,14.6351,14.22924,559723.03664364,10234
2025-12-04 00:00:00,14.64503,14.9305,13.97962,14.26088,14.45961,304981.71344398,6977
2025-12-05 00:00:00,14.26006,14.4,13.36851,13.59036,13.94366,412338.36200016,6964
2025-12-06 00:00:00,13.59614,14.0796,13.50194,13.92306,13.81023,150192.50470983,4053
2025-12-07 00:00:00,13.91979,14.16,13.18296,13.65967,13.66491,323162.09407213,6681
2025-12-08 00:00:00,13.65133,14.28119,13.57805,13.76311,13.91497,465641.16191775,7240
2025-12-09 00:00:00,13.76311,14.99993,13.55199,14.40751,14.47582,615867.24479724,10590
2025-12-10 00:00:00,14.41261,14.88146,13.95,14.09534,14.34557,456919.14112676,9579
2025-12-11 00:00:00,14.09818,14.20527,13.40045,14.06826,13.73975,309188.22590435,7693
2025-12-12 00:00:00,14.06001,14.35115,13.2876,13.63407,13.81202,314816.53862797,7039
2025-12-13 00:00:00,13.6414,13.96035,13.60618,13.74135,13.77799,123534.09122898,3095
2025-12-14 00:00:00,13.72844,13.79065,13.0989,13.2736,13.46207,202262.68958299,4888
2025-12-15 00:00:00,13.27257,13.72613,12.47401,12.86259,13.21306,542665.85068243,9401
2025-12-16 00:00:00,12.85773,13.11815,12.55219,12.9344,12.88523,236654.60718637,5385
2025-12-17 00:00:00,12.93144,13.17323,12.12328,12.24781,12.7191,639556.59755575,8118
2025-12-18 00:00:00,12.2583,12.86628,11.74314,11.93198,12.20429,409331.18919831,8042
2025-12-19 00:00:00,11.93081,12.7484,11.83782,12.52711,12.37906,241040.12838229,5464
2025-12-20 00:00:00,12.5255,12.7,12.48087,12.55047,12.60592,123423.70474746,2771
2025-12-21 00:00:00,12.54782,12.69738,12.22317,12.43515,12.4353,159583.50557981,4285
2025-12-22 00:00:00,12.44762,12.95514,12.32815,12.56917,12.62959,395518.63494646,5639
2025-12-23 00:00:00,12.57107,12.68188,12.07262,12.39064,12.36155,262331.49352461,3831
2025-12-24 00:00:00,12.38946,12.42,12.00554,12.2666,12.21292,165754.95243403,3319
2025-12-25 00:00:00,12.2666,12.41591,11.98028,12.06265,12.27508,172862.50231671,2634
2025-12-26 00:00:00,12.05,12.51,12.02354,12.17407,12.27985,244134.27820743,4206
2025-12-27 00:00:00,12.17474,12.53164,12.15912,12.50272,12.30173,95567.89440134,2208
2025-12-28 00:00:00,12.5042,12.58,12.31414,12.47778,12.44389,134021.55960044,2789
2025-12-29 00:00:00,12.4873,13.00994,12.23769,12.28813,12.59807,298466.91671651,4793
2025-12-30 00:00:00,12.28812,12.59218,12.25233,12.40289,12.42639,165783.75377036,3161
2025-12-31 00:00:00,12.40367,12.52791,12.16827,12.18141,12.29689,262634.11137808,3648
2026-01-01 00:00:00,12.18141,12.60982,12.13096,12.59119,12.32895,152476.29503787,2625
2026-01-02 00:00:00,12.60982,13.42029,12.57475,13.26344,13.03899,314488.6133857,5435
2026-01-03 00:00:00,13.26341,13.35882,12.96701,13.22673,13.14533,179188.83527969,3117
2026-01-04 00:00:00,13.22203,13.56613,13.20741,13.42066,13.40859,174221.59391658,3565
2026-01-05 00:00:00,13.41992,14.12183,13.37716,13.90898,13.73955,324471.55904818,6415
2026-01-06 00:00:00,13.91721,14.23258,13.46965,14.04453,13.84442,334910.20859888,6491
2026-01-07 00:00:00,14.02662,14.032,13.29001,13.43293,13.49251,266618.2716904,4863
2026-01-08 00:00:00,13.43156,13.53746,13.01736,13.21001,13.21856,166134.8257532,3988
2026-01-09 00:00:00,13.21001,13.42,13.02877,13.12563,13.20679,147350.52803196,3602
2026-01-10 00:00:00,13.1232,13.22987,13.05328,13.11735,13.13353,84773.70885867,1818
2026-01-11 00:00:00,13.12117,13.34634,13.02244,13.18282,13.1969,148497.56080151,2685
2026-01-12 00:00:00,13.18931,13.4979,12.91857,13.07155,13.21166,261376.81937028,4492
2026-01-13 00:00:00,13.06142,14.16492,13.04614,14.04744,13.54196,326382.84478915,5167
2026-01-14 00:00:00,14.05226,14.39291,13.84094,14.10666,14.1379,342211.75269481,5389
2026-01-15 00:00:00,14.11583,14.2007,13.56455,13.78999,13.87989,254148.6930754,4402
2026-01-16 00:00:00,13.78999,13.85977,13.43778,13.72288,13.67606,150539.80309247,3477
2026-01-17 00:00:00,13.72006,13.88596,13.62521,13.73638,13.76725,101119.53271644,2354
2026-01-18 00:00:00,13.73273,13.86648,13.29683,13.30833,13.6929,119504.91674216,2688
2026-01-19 00:00:00,13.30001,13.30001,12.43,12.87677,12.83878,361139.96015485,6336
2026-01-20 00:00:00,12.87669,12.89284,12.01243,12.11608,12.4415,290554.30195047,5129
2026-01-21 00:00:00,12.11293,12.65,11.89316,12.39037,12.27275,276836.84339984,5490
2026-01-22 00:00:00,12.40297,12.56472,12.11399,12.24749,12.35773,170526.11088954,3245
2026-01-23 00:00:00,12.24597,12.48603,12.03222,12.20506,12.23333,122177.98667121,3463
2026-01-24 00:00:00,12.21048,12.26782,12.11702,12.18574,12.1937,71290.06076176,1647
2026-01-25 00:00:00,12.18573,12.19735,11.34919,11.51007,11.71535,307331.94017448,4931
2026-01-26 00:00:00,11.51255,12.11029,11.5,11.9345,11.83444,264632.7336084,3861
2026-01-27 00:00:00,11.93537,12.1711,11.82835,12.0321,11.99876,255482.34310084,3338
2026-01-28 00:00:00,12.03136,12.04206,11.68088,11.8274,11.86099,159582.74731314,2964
2026-01-29 00:00:00,11.83889,11.84109,10.81563,11.108,11.18856,464461.65773071,5858
2026-01-30 00:00:00,11.1057,11.14412,10.48709,10.76472,10.76807,525906.64809685,6603
2026-01-31 00:00:00,10.76812,10.80741,8.97435,9.98502,9.84711,832325.67026891,9655
2026-02-01 00:00:00,9.97594,10.0632,9.21109,9.39292,9.69174,414251.2919971,5646
2026-02-02 00:00:00,9.39606,10.02162,9.01713,9.79084,9.56559,554440.48758322,7150
2026-02-03 00:00:00,9.79911,9.87526,9.07622,9.47121,9.55596,574005.95284133,6325
2026-02-04 00:00:00,9.46968,9.75543,9.0123,9.23608,9.32629,493542.07808437,6481
2026-02-05 00:00:00,9.23501,9.32321,7.8461,7.90436,8.53977,810878.47285604,10631
2026-02-06 00:00:00,7.89949,8.99573,7.19,8.88322,8.27839,774969.06629223,11567
2026-02-07 00:00:00,8.86099,9.03521,8.5816,8.91044,8.87455,461614.0655666,5943
2026-02-08 00:00:00,8.90988,9.04,8.72144,8.81718,8.87763,126319.26714433,2750
2026-02-09 00:00:00,8.82414,9.00529,8.45778,8.83643,8.75609,280483.1062162,5129
2026-02-10 00:00:00,8.83343,8.87472,8.47267,8.56692,8.60625,166853.81044258,3741
2026-02-11 00:00:00,8.56974,8.60658,8.12356,8.31723,8.35756,335187.16091,5511
2026-02-12 00:00:00,8.31875,8.58596,8.17251,8.40537,8.38312,226085.94502874,5013
2026-02-13 00:00:00,8.40662,8.90033,8.29518,8.76497,8.65611,218195.36642551,4450
2026-02-14 00:00:00,8.76239,9.19696,8.75745,9.08691,8.95659,285816.31829241,3930
2026-02-15 00:00:00,9.08933,9.23962,8.58789,8.78305,8.94909,387001.50582684,5237
2026-02-16 00:00:00,8.78165,8.98578,8.64136,8.9309,8.79262,115395.02126361,3347
2026-02-17 00:00:00,8.93353,8.98882,8.65557,8.82551,8.83049,137441.76417911,3239
2026-02-18 00:00:00,8.82558,8.99551,8.52,8.60188,8.72473,165096.41922957,3729
2026-02-19 00:00:00,8.59143,8.74243,8.34578,8.57281,8.54728,127328.169247,3461
2026-02-20 00:00:00,8.57388,9.00525,8.45778,8.94047,8.76094,209691.81811195,4212
2026-02-21 00:00:00,8.94147,9.04554,8.848,8.87537,8.91906,155630.66015578,2779
2026-02-22 00:00:00,8.8725,8.89294,8.58967,8.67693,8.70476,145058.55638011,2593
2026-02-23 00:00:00,8.67885,8.69015,8.17855,8.2636,8.35226,304411.02138011,5212
2026-02-24 00:00:00,8.27097,8.33223,8.058,8.20089,8.18218,214594.36803214,3734
2026-02-25 00:00:00,8.19947,9.57937,8.18327,9.26,9.09671,478079.91489584,9333
2026-02-26 00:00:00,9.26643,9.33965,8.86403,9.09366,9.10179,368789.03259229,5263
2026-02-27 00:00:00,9.09366,9.29187,8.55334,8.71464,8.88383,283064.52095835,4881
2026-02-28 00:00:00,8.71203,8.93434,8.21503,8.84613,8.46782,390494.15215633,6434
2026-03-01 00:00:00,8.84614,9.20248,8.5377,8.67099,8.81974,258620.89960964,4735
2026-03-02 00:00:00,8.66872,9.26268,8.59017,8.94667,8.97199,260930.25059167,5269
2026-03-03 00:00:00,8.95371,9.01291,8.56095,8.7997,8.76615,167664.21037971,3902
2026-03-04 00:00:00,8.81082,9.63304,8.69019,9.35829,9.2387,341597.11215242,6964
2026-03-05 00:00:00,9.3528,9.48955,9.07716,9.2038,9.28835,309441.20791606,5126
2026-03-06 00:00:00,9.2038,9.29893,8.67669,8.79901,8.91706,214993.55719815,4305
2026-03-07 00:00:00,8.79457,8.85966,8.64319,8.70106,8.75868,58369.6806791,1958
2026-03-08 00:00:00,8.70566,8.77428,8.4,8.51516,8.5529,275930.24785084,3790
2026-03-09 00:00:00,8.5138,9.09533,8.51197,8.87092,8.85501,189628.39518074,4999
2026-03-10 00:00:00,8.86784,9.18156,8.85172,8.98345,9.02136,189954.357105,4209
2026-03-11 00:00:00,8.98727,9.16685,8.86947,8.99445,9.02143,104519.63255697,3056
2026-03-12 00:00:00,9.00107,9.10609,8.83777,9.05938,8.99354,226418.7349518,4153
2026-03-13 00:00:00,9.05938,9.59715,9.02482,9.08903,9.31468,235162.98831877,5383
2026-03-14 00:00:00,9.08904,9.16903,8.92683,9.16903,9.03083,105155.03713635,2728
2026-03-15 00:00:00,9.16903,9.55527,9.11721,9.49456,9.27887,125567.3665014,3146
2026-03-16 00:00:00,9.4971,10.08138,9.41983,9.92109,9.80702,497497.28200963,6571
2026-03-17 00:00:00,9.92297,10.01947,9.69049,9.79468,9.84442,203928.51025787,3773
2026-03-18 00:00:00,9.79636,9.92569,9.08929,9.22989,9.42314,180873.39770217,4258
2026-03-19 00:00:00,9.23139,9.3364,8.9,9.0452,9.06663,175710.91083474,3561
2026-03-20 00:00:00,9.04747,9.20942,8.96001,9.11265,9.0846,83664.74279331,2921
2026-03-21 00:00:00,9.11509,9.1722,8.77,8.81878,9.03847,76801.28376642,2199
2026-03-22 00:00:00,8.82105,8.96202,8.5768,8.68671,8.76752,145498.54595126,3618
2026-03-23 00:00:00,8.69343,9.27999,8.5763,9.10815,8.97971,209638.77307098,4319
2026-03-24 00:00:00,9.10757,9.26355,9.01403,9.24586,9.11942,225154.59705738,3470
2026-03-25 00:00:00,9.2467,9.49,9.17965,9.37204,9.33888,211803.81156687,3655
2026-03-26 00:00:00,9.37451,9.38479,8.81,8.90869,8.97121,164390.81495752,3218
2026-03-27 00:00:00,8.90825,8.97217,8.48484,8.56245,8.62739,199348.37820123,3703
2026-03-28 00:00:00,8.56166,8.69392,8.37219,8.42902,8.54217,121574.08912184,2329
2026-03-29 00:00:00,8.42672,8.56816,8.2,8.40814,8.42289,119276.89134254,2483
2026-03-30 00:00:00,8.40601,8.90645,8.39856,8.61262,8.6991,154856.54318801,3326
2026-03-31 00:00:00,8.61796,8.88113,8.50043,8.78007,8.72261,104329.45947791,3130
2026-04-01 00:00:00,8.76619,9.19052,8.73881,8.93923,9.03302,246197.8165682,4700
2026-04-02 00:00:00,8.93999,9.00387,8.42063,8.63357,8.65996,310818.89467349,4244
2026-04-03 00:00:00,8.63619,8.80972,8.59379,8.65751,8.70337,121513.95291015,3540
2026-04-04 00:00:00,8.6566,8.771,8.61454,8.68934,8.67366,77700.3158495,2970
2026-04-05 00:00:00,8.69298,8.86189,8.4758,8.81524,8.59939,90021.38842426,3290
2026-04-06 00:00:00,8.82827,9.1408,8.73367,8.79998,8.98436,189319.01642046,5038
2026-04-07 00:00:00,8.79998,9.40591,8.5712,9.28602,8.86292,210863.00407545,5503
2026-04-08 00:00:00,9.28739,9.33201,8.84138,8.86304,9.12311,172310.90381884,3895
2026-04-09 00:00:00,8.85431,9.1764,8.6932,8.95049,8.8219,207654.07449789,3692
2026-04-10 00:00:00,8.93962,9.17432,8.88896,9.08623,9.05172,164901.0522658,2947
2026-04-11 00:00:00,9.08711,9.28553,8.96075,9.06981,9.1058,105043.73195851,2511
2026-04-12 00:00:00,9.07009,9.07746,8.69408,8.73335,8.78666,143093.20592285,3080
2026-04-13 00:00:00,8.72719,9.43091,8.68948,9.35978,9.09665,178665.28961313,4334
2026-04-14 00:00:00,9.36793,9.38168,8.94181,9.02386,9.18972,206957.90832254,3674
2026-04-15 00:00:00,9.02529,9.36817,9.00261,9.25973,9.17798,110196.83619272,2948
2026-04-16 00:00:00,9.26548,9.67709,9.13497,9.59876,9.41582,362617.69832579,6023
2026-04-17 00:00:00,9.60258,9.86748,9.34914,9.62427,9.67073,285575.12938642,5629
2026-04-18 00:00:00,9.62,9.65,9.26698,9.28906,9.41944,97710.4122855,2694
2026-04-19 00:00:00,9.28801,9.38291,9.01001,9.06609,9.19477,207567.79994201,3532
2026-04-20 00:00:00,9.06558,9.40709,9.06558,9.29101,9.24998,126201.62385281,3077
2026-04-21 00:00:00,9.29101,9.48694,9.24239,9.40195,9.37205,125530.13586406,3317
2026-04-22 00:00:00,9.40528,9.55879,9.29033,9.29405,9.4498,157326.37551329,3736
2026-04-23 00:00:00,9.2984,9.39,9.15156,9.35193,9.23602,162212.15344439,3044
2026-04-24 00:00:00,9.35268,9.44168,9.24767,9.38087,9.3469,168639.38252691,2813
2026-04-25 00:00:00,9.38016,9.44584,9.29402,9.34964,9.36305,54000.72213653,1570
2026-04-26 00:00:00,9.34934,9.53791,9.30464,9.48673,9.42154,71088.15700279,2045
2026-04-27 00:00:00,9.48673,9.59042,9.15736,9.32072,9.38314,104366.45740574,3051
2026-04-28 00:00:00,9.31764,9.33,9.14652,9.24023,9.23734,74288.28142854,1950
2026-04-29 00:00:00,9.23874,9.41291,8.91605,9.1049,9.14399,155850.084365,3214
2026-04-30 00:00:00,9.1092,9.18019,9.03312,9.10205,9.11524,53480.79906513,1908
2026-05-01 00:00:00,9.1056,9.27316,9.06661,9.09388,9.16539,71262.77349489,2201
