trade_num,side,entry_price,exit_price,realized_pnl,commissions
1,FLAT,94031.76,93863.12,-29.36 USD,['23.98 USD']
2,FLAT,94742.42,94472.98,-32.40 USD,['23.89 USD']
3,FLAT,95732.0,95460.0,-32.29 USD,['23.82 USD']
4,FLAT,96150.0,96000.0,-28.40 USD,['23.76 USD']
5,FLAT,97533.54,96806.43999999999,-45.70 USD,['23.61 USD']
6,FLAT,97827.75,97402.53,-36.37 USD,['23.55 USD']
7,FLAT,96848.0,96592.0,-31.24 USD,['23.47 USD']
8,FLAT,97009.72,98101.01000000001,9.38 USD,['23.57 USD']
9,FLAT,98151.52,97832.06,-32.96 USD,['23.42 USD']
10,FLAT,98194.66,98174.98999999999,-23.97 USD,['23.38 USD']
11,FLAT,98487.16,98357.45999999999,-27.14 USD,['23.30 USD']
12,FLAT,98565.65000000001,98357.01000000001,-29.38 USD,['23.23 USD']
13,FLAT,98717.59,98516.28000000001,-29.07 USD,['23.16 USD']
14,FLAT,98885.59,99046.63,-18.43 USD,['23.14 USD']
15,FLAT,99676.68,99360.0,-32.20 USD,['23.04 USD']
16,FLAT,100489.99,101685.27,11.06 USD,['23.13 USD']
17,FLAT,102013.48,101868.0,-27.10 USD,['23.00 USD']
18,FLAT,95290.93000000001,94956.01999999999,-33.00 USD,['22.92 USD']
19,FLAT,95344.11,95036.07,-32.08 USD,['22.84 USD']
20,FLAT,94608.75,94001.53,-41.02 USD,['22.73 USD']
21,FLAT,93113.97,93472.0,-11.83 USD,['22.74 USD']
22,FLAT,95793.05,94962.26999999999,-47.16 USD,['22.58 USD']
23,FLAT,94497.25,94429.11,-24.58 USD,['22.55 USD']
24,FLAT,94798.3,94561.01000000001,-29.51 USD,['22.47 USD']
25,FLAT,94661.31999999999,94827.71999999999,-17.51 USD,['22.44 USD']
26,FLAT,92630.31,95748.26,71.43 USD,['22.76 USD']
27,FLAT,97124.98999999999,96861.77,-30.17 USD,['22.53 USD']
28,FLAT,98939.61,99690.90999999999,-1.23 USD,['22.57 USD']
29,FLAT,100098.21,99461.52,-40.29 USD,['22.41 USD']
30,FLAT,100417.2,99782.0,-40.01 USD,['22.31 USD']
31,FLAT,101164.0,104369.87,65.65 USD,['22.65 USD']
32,FLAT,104365.81,103912.05,-34.59 USD,['22.39 USD']
33,FLAT,104680.0,103969.2,-41.27 USD,['22.29 USD']
34,FLAT,104536.04,104267.94,-29.37 USD,['22.23 USD']
35,FLAT,104795.15,104482.43999999999,-30.44 USD,['22.16 USD']
36,FLAT,105467.8,105147.03,-30.50 USD,['22.09 USD']
37,FLAT,105369.89,104389.99,-47.57 USD,['21.94 USD']
38,FLAT,103476.53,106060.2,46.25 USD,['22.21 USD']
39,FLAT,103182.64,103487.68,-13.93 USD,['22.08 USD']
40,FLAT,106043.45999999999,105482.56,-28.62 USD,['17.21 USD']
41,FLAT,104703.99,103482.77,-53.80 USD,['21.81 USD']
42,FLAT,106500.0,105139.18000000001,-28.62 USD,['10.97 USD']
43,FLAT,104421.95999999999,105064.81,-5.08 USD,['21.81 USD']
44,FLAT,106478.23,105910.48,-36.17 USD,['21.68 USD']
45,FLAT,104760.0,104568.65,-26.56 USD,['21.62 USD']
46,FLAT,105076.51,104819.37999999999,-28.16 USD,['21.56 USD']
47,FLAT,105165.98000000001,104990.01,-26.00 USD,['21.50 USD']
48,FLAT,105380.0,105153.82,-27.19 USD,['21.43 USD']
49,FLAT,105114.01,104982.56,-24.71 USD,['21.37 USD']
50,FLAT,101811.41,100907.99,-40.02 USD,['18.93 USD']
51,FLAT,101455.97,102474.87,5.31 USD,['21.34 USD']
52,FLAT,103538.17,102634.0,-44.34 USD,['21.15 USD']
53,FLAT,102426.23,102334.4,-23.50 USD,['21.13 USD']
54,FLAT,102824.98999999999,102176.49,-37.63 USD,['21.01 USD']
55,FLAT,103448.29000000001,105036.08,19.11 USD,['21.16 USD']
56,FLAT,106034.83,105449.42,-35.50 USD,['20.98 USD']
57,FLAT,104823.5,104391.99,-31.69 USD,['20.91 USD']
58,FLAT,95650.0,94856.38,-42.44 USD,['20.79 USD']
59,FLAT,96589.5,100747.79,70.41 USD,['16.50 USD']
60,FLAT,100472.07,99586.25,-43.93 USD,['20.85 USD']
61,FLAT,98324.0,97914.24,-31.66 USD,['20.80 USD']
62,FLAT,97476.16,98240.0,-0.50 USD,['20.84 USD']
63,FLAT,97425.58,97957.22,-6.66 USD,['20.82 USD']
64,FLAT,96622.64,96419.99,-26.16 USD,['20.72 USD']
65,FLAT,96750.01,96826.43,-18.65 USD,['20.69 USD']
66,FLAT,96796.88,96271.48000000001,-34.58 USD,['20.58 USD']
67,FLAT,97444.0,97015.26000000001,-31.81 USD,['20.51 USD']
68,FLAT,97775.99,97407.98000000001,-30.07 USD,['20.44 USD']
69,FLAT,98215.71999999999,97815.97,-30.74 USD,['20.36 USD']
70,FLAT,97735.32,97488.44,-26.73 USD,['20.31 USD']
71,FLAT,98272.31,98109.3,-24.45 USD,['20.25 USD']
72,FLAT,96079.68,96000.01,-22.29 USD,['20.20 USD']
73,FLAT,96499.99,94891.3,-61.99 USD,['19.99 USD']
74,FLAT,97182.01999999999,96583.61,-35.34 USD,['19.94 USD']
75,FLAT,97863.42,97466.67,-29.98 USD,['19.88 USD']
76,FLAT,96376.0,96583.67,-14.53 USD,['19.88 USD']
77,FLAT,97113.86,96844.58,-26.66 USD,['19.79 USD']
78,FLAT,97479.01000000001,97035.16,-30.95 USD,['19.71 USD']
79,FLAT,97732.62000000001,97504.49,-25.40 USD,['19.66 USD']
80,FLAT,97833.41,97640.23,-24.44 USD,['19.60 USD']
81,FLAT,97964.81999999999,97808.66,-23.44 USD,['19.54 USD']
82,FLAT,97698.12,97531.01000000001,-23.65 USD,['19.48 USD']
83,FLAT,97741.78,97619.99,-22.46 USD,['19.43 USD']
84,FLAT,97660.38,97450.0,-24.59 USD,['19.37 USD']
85,FLAT,96457.76,96244.38,-24.66 USD,['19.31 USD']
86,FLAT,96409.33,96126.47,-26.32 USD,['19.25 USD']
87,FLAT,95890.0,95674.62000000001,-24.57 USD,['19.18 USD']
88,FLAT,95399.95,95107.25,-26.47 USD,['19.13 USD']
89,FLAT,95817.13,95663.92,-22.88 USD,['19.07 USD']
90,FLAT,96453.45999999999,96208.4,-25.05 USD,['19.01 USD']
91,FLAT,96488.14,96330.0,-22.85 USD,['18.96 USD']
92,FLAT,96641.45999999999,96005.47,-34.42 USD,['18.86 USD']
93,FLAT,96544.16,96834.01,-11.80 USD,['18.87 USD']
94,FLAT,97271.99,97108.28000000001,-22.75 USD,['18.79 USD']
95,FLAT,97299.99,97170.55,-21.86 USD,['18.74 USD']
96,FLAT,97453.73000000001,97290.89,-22.59 USD,['18.68 USD']
97,FLAT,98284.93000000001,98014.01,-25.04 USD,['18.62 USD']
98,FLAT,98473.74,98339.64,-21.73 USD,['18.57 USD']
99,FLAT,98873.97,98672.64,-23.24 USD,['18.52 USD']
100,FLAT,98936.43,98415.09000000001,-30.60 USD,['18.43 USD']
101,FLAT,96487.71999999999,96363.42,-21.35 USD,['18.39 USD']
102,FLAT,96588.23,96544.25,-19.39 USD,['18.35 USD']
103,FLAT,96161.62999999999,95959.79,-23.08 USD,['18.28 USD']
104,FLAT,89204.14,88680.4,-31.59 USD,['18.20 USD']
105,FLAT,89252.07,88900.0,-27.10 USD,['18.14 USD']
106,FLAT,85543.4,86160.01,-1.85 USD,['18.17 USD']
107,FLAT,80978.47,83875.99,62.55 USD,['18.43 USD']
108,FLAT,85088.34999999999,84857.01000000001,-24.43 USD,['18.23 USD']
109,FLAT,85274.81999999999,85806.98999999999,-4.06 USD,['18.25 USD']
110,FLAT,86514.18,86234.01,-25.51 USD,['18.15 USD']
111,FLAT,89370.23,92846.16,46.06 USD,['12.22 USD']
112,FLAT,93200.01,91651.52,-55.96 USD,['18.09 USD']
113,FLAT,85222.88,86631.84999999999,14.02 USD,['13.35 USD']
114,FLAT,87780.0,88722.38,6.11 USD,['18.23 USD']
115,FLAT,90499.64,90041.06,-29.60 USD,['18.10 USD']
116,FLAT,90861.53,90504.01999999999,-26.93 USD,['18.04 USD']
117,FLAT,91847.37,91296.54000000001,-31.46 USD,['17.96 USD']
118,FLAT,92126.29000000001,91638.13,-29.77 USD,['17.89 USD']
119,FLAT,88660.62000000001,88455.99,-22.99 USD,['17.84 USD']
120,FLAT,90676.90999999999,89211.47,-39.35 USD,['12.96 USD']
121,FLAT,86537.86,86254.01,-24.95 USD,['17.69 USD']
122,FLAT,80029.97,80583.65000000001,-2.45 USD,['17.72 USD']
123,FLAT,82433.76,82705.70999999999,-9.76 USD,['16.59 USD']
124,FLAT,82896.89,82270.84000000001,-34.20 USD,['17.56 USD']
125,FLAT,83004.45000000001,82717.79,-25.08 USD,['17.51 USD']
126,FLAT,82911.45,83469.62,-2.83 USD,['17.54 USD']
127,FLAT,81537.36,82847.99,17.50 USD,['17.62 USD']
128,FLAT,84942.85,84126.5,-31.99 USD,['14.49 USD']
129,FLAT,84650.0,84446.01,-22.67 USD,['17.42 USD']
130,FLAT,84272.19,84145.13,-20.66 USD,['17.38 USD']
131,FLAT,83645.09000000001,83305.59,-26.11 USD,['17.31 USD']
132,FLAT,83933.77,83969.58,-16.36 USD,['17.28 USD']
133,FLAT,82500.89,83983.5,21.33 USD,['17.39 USD']
134,FLAT,85313.42,85759.7,-6.02 USD,['17.33 USD']
135,FLAT,86053.17,85857.62,-22.17 USD,['17.26 USD']
136,FLAT,84688.54000000001,84479.37999999999,-22.52 USD,['17.20 USD']
137,FLAT,84392.49,84108.69,-24.36 USD,['17.14 USD']
138,FLAT,84509.6,84312.45000000001,-22.07 USD,['17.08 USD']
139,FLAT,84367.4,84298.26,-18.80 USD,['17.05 USD']
140,FLAT,84456.2,84340.0,-19.93 USD,['17.00 USD']
141,FLAT,84314.9,84196.2,-19.94 USD,['16.95 USD']
142,FLAT,84237.93,84150.5,-19.10 USD,['16.91 USD']
143,FLAT,84282.34999999999,84216.98,-18.51 USD,['16.87 USD']
144,FLAT,84369.83,84325.66,-17.92 USD,['16.82 USD']
145,FLAT,84499.99,84439.34,-18.29 USD,['16.78 USD']
146,FLAT,85040.81,84885.88,-20.53 USD,['16.72 USD']
147,FLAT,85307.52,85039.96,-23.20 USD,['16.66 USD']
148,FLAT,85383.84,87923.92,44.97 USD,['16.88 USD']
149,FLAT,87377.97,87078.93000000001,-23.87 USD,['16.71 USD']
150,FLAT,88152.47,87738.06,-26.44 USD,['16.64 USD']
151,FLAT,88447.45,88042.01,-26.10 USD,['16.58 USD']
152,FLAT,87849.15999999999,87871.39,-16.04 USD,['16.56 USD']
153,FLAT,87473.68,87278.47,-21.11 USD,['16.50 USD']
154,FLAT,87695.65000000001,87413.98000000001,-23.05 USD,['16.44 USD']
155,FLAT,84516.26999999999,84318.39,-21.20 USD,['16.40 USD']
156,FLAT,82806.0,82958.3,-12.62 USD,['16.38 USD']
157,FLAT,83375.05,83186.96,-20.93 USD,['16.32 USD']
158,FLAT,82491.32,81929.06999999999,-30.10 USD,['16.23 USD']
159,FLAT,83338.48,82807.31,-29.07 USD,['16.16 USD']
160,FLAT,83153.23,82908.24,-22.06 USD,['16.12 USD']
161,FLAT,83300.56999999999,83128.4,-20.23 USD,['16.07 USD']
162,FLAT,83356.5,83749.99,-6.62 USD,['16.08 USD']
163,FLAT,84906.0,84970.61,-14.51 USD,['16.03 USD']
164,FLAT,85311.84,84969.70999999999,-23.96 USD,['15.95 USD']
165,FLAT,86101.2,85215.82,-36.33 USD,['15.85 USD']
166,FLAT,86414.13,85892.64,-27.74 USD,['15.79 USD']
167,FLAT,82588.98999999999,82695.91,-13.24 USD,['15.79 USD']
168,FLAT,83254.18,83071.99,-20.04 USD,['15.73 USD']
169,FLAT,83720.01,83602.41,-18.45 USD,['15.69 USD']
170,FLAT,84171.62,83533.41,-30.44 USD,['15.60 USD']
171,FLAT,83241.95,83281.08,-14.66 USD,['15.58 USD']
172,FLAT,78365.47,77434.01,-26.35 USD,['10.56 USD']
173,FLAT,79489.04,79020.04,-26.86 USD,['15.44 USD']
174,FLAT,79982.0,79581.91,-25.02 USD,['15.38 USD']
175,FLAT,77284.56,76829.02,-26.62 USD,['15.31 USD']
176,FLAT,77869.57,77312.90999999999,-28.91 USD,['15.24 USD']
177,FLAT,78097.84999999999,77215.4,-33.17 USD,['13.70 USD']
178,FLAT,78744.39,81980.0,62.33 USD,['15.45 USD']
179,FLAT,80573.1,81754.16,12.61 USD,['15.41 USD']
180,FLAT,83800.0,83467.99,-22.88 USD,['15.29 USD']
181,FLAT,83513.49,83450.01,-16.71 USD,['15.26 USD']
182,FLAT,84015.82,83669.82,-23.03 USD,['15.19 USD']
183,FLAT,84894.9,84550.0,-22.86 USD,['15.15 USD']
184,FLAT,85507.36,85253.54,-20.71 USD,['15.10 USD']
185,FLAT,85309.06999999999,84777.42,-26.76 USD,['15.02 USD']
186,FLAT,85167.52,84713.65000000001,-24.96 USD,['14.96 USD']
187,FLAT,85592.48,84801.88,-32.13 USD,['14.87 USD']
188,FLAT,85029.99,85533.64,-3.90 USD,['14.91 USD']
189,FLAT,86080.23,85589.44,-25.41 USD,['14.82 USD']
190,FLAT,84118.43999999999,83813.34,-21.48 USD,['14.77 USD']
191,FLAT,84415.54999999999,84345.99,-16.26 USD,['14.74 USD']
192,FLAT,84604.0,84362.88,-19.92 USD,['14.68 USD']
193,FLAT,84906.01999999999,84695.66,-19.18 USD,['14.64 USD']
194,FLAT,84844.89,85170.51,-7.63 USD,['14.64 USD']
195,FLAT,85337.05,85241.1,-16.64 USD,['14.59 USD']
196,FLAT,84637.66,84677.15999999999,-13.71 USD,['14.56 USD']
197,FLAT,85330.97,87148.8,23.99 USD,['14.68 USD']
198,FLAT,87673.01000000001,87489.26000000001,-18.38 USD,['14.56 USD']
199,FLAT,87775.69,93521.73000000001,103.93 USD,['15.01 USD']
200,FLAT,92925.78,92636.49,-20.51 USD,['14.76 USD']
201,FLAT,93460.48,93151.65000000001,-20.80 USD,['14.71 USD']
202,FLAT,93621.72,93383.17,-19.34 USD,['14.66 USD']
203,FLAT,93683.23999999999,93446.53,-19.24 USD,['14.62 USD']
204,FLAT,93630.26999999999,94571.98000000001,3.68 USD,['14.67 USD']
205,FLAT,95060.72,94772.64,-20.11 USD,['14.58 USD']
206,FLAT,94448.01,94271.49,-17.94 USD,['14.54 USD']
207,FLAT,94233.08,94095.23999999999,-17.15 USD,['14.50 USD']
208,FLAT,94021.11,94794.0,0.35 USD,['14.52 USD']
209,FLAT,94864.22,94565.22,-20.15 USD,['14.45 USD']
210,FLAT,94990.0,94730.88,-19.32 USD,['14.40 USD']
211,FLAT,94879.81,94781.18000000001,-16.24 USD,['14.37 USD']
212,FLAT,95365.95999999999,94954.73999999999,-22.04 USD,['14.31 USD']
213,FLAT,94973.12,94809.53,-17.35 USD,['14.27 USD']
214,FLAT,95114.22,94928.64,-17.70 USD,['14.23 USD']
215,FLAT,94707.33,94421.35,-19.54 USD,['14.18 USD']
216,FLAT,94762.5,96495.49,18.06 USD,['14.29 USD']
217,FLAT,97093.31,96833.34,-18.93 USD,['14.18 USD']
218,FLAT,97188.68,96992.06,-17.72 USD,['14.14 USD']
219,FLAT,96993.23,96792.46,-17.74 USD,['14.09 USD']
220,FLAT,97604.0,97159.29,-22.04 USD,['14.03 USD']
221,FLAT,96486.49,96325.65000000001,-16.92 USD,['14.00 USD']
222,FLAT,96409.66,96280.72,-16.31 USD,['13.97 USD']
223,FLAT,95657.36,95172.28000000001,-22.73 USD,['13.90 USD']
224,FLAT,94576.0,94347.17,-18.06 USD,['13.86 USD']
225,FLAT,94965.84,94732.44,-18.07 USD,['13.82 USD']
226,FLAT,94717.54999999999,94388.03,-19.77 USD,['13.77 USD']
227,FLAT,94918.5,94721.42,-17.30 USD,['13.73 USD']
228,FLAT,95260.01,96334.98999999999,5.55 USD,['13.78 USD']
229,FLAT,96788.05,96783.3,-13.80 USD,['13.72 USD']
230,FLAT,97447.29,96879.23999999999,-23.61 USD,['13.64 USD']
231,FLAT,97306.28,97089.99,-17.40 USD,['13.61 USD']
232,FLAT,97770.01,99118.86,9.75 USD,['13.68 USD']
233,FLAT,100470.59,102366.49,18.37 USD,['13.73 USD']
234,FLAT,103131.45999999999,102752.3,-19.90 USD,['13.63 USD']
235,FLAT,103710.0,102998.53,-25.23 USD,['13.56 USD']
236,FLAT,103375.31,103179.54,-16.74 USD,['13.53 USD']
237,FLAT,103200.0,103033.25,-16.22 USD,['13.49 USD']
238,FLAT,103361.0,103432.51,-12.31 USD,['13.47 USD']
239,FLAT,103988.98999999999,103576.46,-20.07 USD,['13.41 USD']
240,FLAT,104319.90000000001,104269.84999999999,-14.18 USD,['13.38 USD']
241,FLAT,104662.67,104280.01,-19.43 USD,['13.33 USD']
242,FLAT,105639.99,105300.0,-18.63 USD,['13.28 USD']
243,FLAT,102967.87999999999,102608.56999999999,-19.02 USD,['13.24 USD']
244,FLAT,102915.71999999999,102665.34,-17.22 USD,['13.20 USD']
245,FLAT,102969.92,103082.14,-11.39 USD,['13.18 USD']
246,FLAT,104314.43999999999,103854.11,-20.36 USD,['13.11 USD']
247,FLAT,104426.96,104140.79000000001,-17.57 USD,['13.08 USD']
248,FLAT,103952.39,103712.79000000001,-16.80 USD,['13.04 USD']
249,FLAT,103704.98999999999,103496.67,-16.27 USD,['13.00 USD']
250,FLAT,103105.84999999999,102697.31,-19.38 USD,['12.95 USD']
251,FLAT,104072.51999999999,103830.51,-16.68 USD,['12.92 USD']
252,FLAT,104099.89,103796.95,-17.57 USD,['12.88 USD']
253,FLAT,103670.11,103514.59999999999,-15.24 USD,['12.83 USD']
254,FLAT,103406.75,103199.91,-16.00 USD,['12.80 USD']
255,FLAT,103428.56999999999,103328.51999999999,-14.31 USD,['12.77 USD']
256,FLAT,103608.81,103509.99,-14.25 USD,['12.73 USD']
257,FLAT,103840.04,103722.81999999999,-14.49 USD,['12.70 USD']
258,FLAT,104319.0,104351.03,-12.18 USD,['12.67 USD']
259,FLAT,105420.0,104978.62000000001,-19.23 USD,['12.61 USD']
260,FLAT,103963.87999999999,105553.31999999999,11.38 USD,['12.69 USD']
261,FLAT,105745.41,105400.0,-17.75 USD,['12.60 USD']
262,FLAT,107026.47,106472.47,-20.69 USD,['12.55 USD']
263,FLAT,107527.92,106836.24,-22.55 USD,['12.48 USD']
264,FLAT,107346.0,106975.90000000001,-17.84 USD,['12.46 USD']
265,FLAT,108899.99,110445.99,9.54 USD,['12.52 USD']
266,FLAT,111608.69,111154.24,-18.77 USD,['12.43 USD']
267,FLAT,111912.01999999999,111518.5,-17.84 USD,['12.39 USD']
268,FLAT,111783.37,111478.26,-16.57 USD,['12.35 USD']
269,FLAT,111321.35,110941.03,-17.56 USD,['12.30 USD']
270,FLAT,108470.42,108222.46,-15.78 USD,['12.27 USD']
271,FLAT,108569.41,108808.2,-8.89 USD,['12.26 USD']
272,FLAT,107622.97,107460.0,-14.52 USD,['12.21 USD']
273,FLAT,108947.94,109571.43000000001,-3.51 USD,['12.23 USD']
274,FLAT,110010.42,109746.55,-15.82 USD,['12.17 USD']
275,FLAT,110136.36,109700.01,-18.13 USD,['12.12 USD']
276,FLAT,109439.13,109535.20999999999,-10.78 USD,['12.11 USD']
277,FLAT,108285.31999999999,107913.31,-17.25 USD,['12.06 USD']
278,FLAT,108434.79000000001,108141.67,-16.09 USD,['12.02 USD']
279,FLAT,108207.03,108277.89,-11.02 USD,['12.00 USD']
280,FLAT,106224.56,106076.26999999999,-14.05 USD,['11.96 USD']
281,FLAT,104033.95999999999,104517.74,-5.03 USD,['11.97 USD']
282,FLAT,104532.47,104597.90000000001,-11.00 USD,['11.93 USD']
283,FLAT,105496.54000000001,105285.37,-14.87 USD,['11.89 USD']
284,FLAT,105433.97,104949.47,-18.64 USD,['11.83 USD']
285,FLAT,104895.1,104617.02,-15.72 USD,['11.80 USD']
286,FLAT,105908.98999999999,105666.66,-15.14 USD,['11.77 USD']
287,FLAT,105579.94,105278.8,-15.91 USD,['11.72 USD']
288,FLAT,106534.18,106169.52,-16.69 USD,['11.68 USD']
289,FLAT,105953.05,105734.34,-14.66 USD,['11.65 USD']
290,FLAT,104953.90000000001,104940.01,-11.81 USD,['11.62 USD']
291,FLAT,102511.62,104372.09,14.61 USD,['11.71 USD']
292,FLAT,104591.93,104737.31999999999,-9.63 USD,['11.65 USD']
293,FLAT,105278.68000000001,105651.26000000001,-6.50 USD,['11.64 USD']
294,FLAT,105765.48,105563.18000000001,-14.36 USD,['11.59 USD']
295,FLAT,105847.99,105627.90000000001,-14.56 USD,['11.55 USD']
296,FLAT,106431.32,106331.92,-12.87 USD,['11.52 USD']
297,FLAT,105926.39,109395.51,35.38 USD,['11.69 USD']
298,FLAT,109745.28,109492.13,-14.91 USD,['11.57 USD']
299,FLAT,109900.0,109428.59,-17.71 USD,['11.52 USD']
300,FLAT,109571.47,109666.28,-10.27 USD,['11.51 USD']
301,FLAT,109990.0,109507.98000000001,-17.74 USD,['11.45 USD']
302,FLAT,107860.0,107581.22,-15.11 USD,['11.42 USD']
303,FLAT,105087.5,104673.70999999999,-16.99 USD,['11.38 USD']
304,FLAT,105477.95999999999,105063.2,-16.92 USD,['11.34 USD']
305,FLAT,105662.4,105460.01,-14.02 USD,['11.31 USD']
306,FLAT,105241.92,105426.33,-8.82 USD,['11.29 USD']
307,FLAT,105677.99,105441.18000000001,-14.41 USD,['11.25 USD']
308,FLAT,105607.59,105207.01000000001,-16.52 USD,['11.20 USD']
309,FLAT,106024.73,106588.72,-3.77 USD,['11.21 USD']
310,FLAT,107753.11,107992.7,-8.08 USD,['11.19 USD']
311,FLAT,105035.98000000001,104756.0,-14.87 USD,['11.15 USD']
312,FLAT,105210.85,105008.79000000001,-13.78 USD,['11.11 USD']
313,FLAT,105045.77,104817.81,-14.09 USD,['11.08 USD']
314,FLAT,105187.35,104583.92,-18.96 USD,['11.03 USD']
315,FLAT,105044.98999999999,104843.70999999999,-13.65 USD,['11.01 USD']
316,FLAT,104817.90000000001,104603.69,-13.77 USD,['10.97 USD']
317,FLAT,104999.99,105576.61,-3.46 USD,['10.97 USD']
318,FLAT,103666.73,103563.96,-12.29 USD,['10.93 USD']
319,FLAT,103619.94,103713.49,-9.68 USD,['10.91 USD']
320,FLAT,100911.98000000001,101431.2,-3.91 USD,['10.91 USD']
321,FLAT,102354.14,101567.56,-21.29 USD,['10.84 USD']
322,FLAT,102868.0,104933.74,15.98 USD,['10.76 USD']
323,FLAT,105470.01999999999,105236.21,-13.86 USD,['10.85 USD']
324,FLAT,106217.99,105925.59,-14.55 USD,['10.82 USD']
325,FLAT,106725.57,106400.0,-14.90 USD,['10.78 USD']
326,FLAT,106672.03,106471.65000000001,-13.28 USD,['10.75 USD']
327,FLAT,106832.53,106506.68000000001,-14.80 USD,['10.71 USD']
328,FLAT,107108.63,107052.81,-11.39 USD,['10.69 USD']
329,FLAT,107968.0,107705.04,-13.90 USD,['10.65 USD']
330,FLAT,107589.08,107406.71,-12.88 USD,['10.63 USD']
331,FLAT,107314.63,107168.79000000001,-12.39 USD,['10.59 USD']
332,FLAT,107554.11,107440.01,-11.97 USD,['10.57 USD']
333,FLAT,107614.13,107344.0,-13.84 USD,['10.53 USD']
334,FLAT,107534.43999999999,107208.51999999999,-14.47 USD,['10.49 USD']
335,FLAT,107196.39,107097.66,-11.68 USD,['10.47 USD']
336,FLAT,107278.42,107198.46,-11.41 USD,['10.44 USD']
337,FLAT,107361.44,107309.19,-11.05 USD,['10.42 USD']
338,FLAT,107431.48000000001,107360.01,-11.25 USD,['10.39 USD']
339,FLAT,107376.95,107347.64,-10.71 USD,['10.36 USD']
340,FLAT,107627.71999999999,107868.47,-7.46 USD,['10.35 USD']
341,FLAT,107973.95999999999,108306.73,-6.36 USD,['10.34 USD']
342,FLAT,106158.42,108991.99,23.95 USD,['10.44 USD']
343,FLAT,109235.1,109297.0,-9.64 USD,['10.37 USD']
344,FLAT,110309.57,109755.81,-16.80 USD,['10.31 USD']
345,FLAT,109877.99,109705.72,-12.31 USD,['10.29 USD']
346,FLAT,108244.66,108057.36,-12.49 USD,['10.27 USD']
347,FLAT,108258.09,108122.41,-11.83 USD,['10.23 USD']
348,FLAT,108178.01,108096.0,-11.18 USD,['10.21 USD']
349,FLAT,108117.56000000001,108554.78,-5.05 USD,['10.20 USD']
350,FLAT,109009.02,108847.16,-12.06 USD,['10.17 USD']
351,FLAT,109615.99,109450.01,-12.05 USD,['10.13 USD']
352,FLAT,108425.06,108236.73999999999,-12.31 USD,['10.11 USD']
353,FLAT,108197.99,108587.0,-5.57 USD,['10.10 USD']
354,FLAT,109147.56,108950.0,-12.35 USD,['10.07 USD']
355,FLAT,109014.63,108861.1,-11.80 USD,['10.03 USD']
356,FLAT,108881.93,108908.94,-9.71 USD,['10.02 USD']
357,FLAT,109656.59,110940.26,4.57 USD,['10.05 USD']
358,FLAT,111408.4,117396.0,56.93 USD,['10.27 USD']
359,FLAT,118076.78,117664.46,-14.55 USD,['10.12 USD']
360,FLAT,117820.0,117675.99,-11.64 USD,['10.10 USD']
361,FLAT,117910.0,117733.48,-11.96 USD,['10.07 USD']
362,FLAT,118060.0,117676.3,-14.11 USD,['10.03 USD']
363,FLAT,117646.85,117700.0,-9.45 USD,['10.02 USD']
364,FLAT,118059.85,117955.25,-11.10 USD,['9.99 USD']
365,FLAT,118511.34999999999,118175.01,-13.49 USD,['9.95 USD']
366,FLAT,119265.87,118735.07,-15.44 USD,['9.91 USD']
367,FLAT,119181.28,118836.0,-13.46 USD,['9.88 USD']
368,FLAT,119609.77000000002,121388.23999999999,8.39 USD,['9.94 USD']
369,FLAT,118282.95999999999,117301.95999999999,-20.09 USD,['9.84 USD']
370,FLAT,117729.27,117436.56,-12.89 USD,['9.83 USD']
371,FLAT,118076.65000000001,118488.97000000002,-5.54 USD,['9.82 USD']
372,FLAT,119310.91,118613.53,-16.92 USD,['9.77 USD']
373,FLAT,119817.86000000002,119213.77000000002,-15.87 USD,['9.73 USD']
374,FLAT,119920.71,119391.02999999998,-15.05 USD,['9.69 USD']
375,FLAT,119073.45000000001,118658.84999999999,-13.87 USD,['9.66 USD']
376,FLAT,119261.49999999999,118747.91999999998,-14.81 USD,['9.62 USD']
377,FLAT,120065.99,119486.70999999999,-15.37 USD,['9.58 USD']
378,FLAT,118029.79999999999,118065.79999999999,-9.22 USD,['9.58 USD']
379,FLAT,118327.98999999999,118185.24999999999,-10.98 USD,['9.54 USD']
380,FLAT,118107.15,117900.0,-11.60 USD,['9.51 USD']
381,FLAT,118215.3,118036.01,-11.29 USD,['9.49 USD']
382,FLAT,118340.71,118216.36,-10.70 USD,['9.46 USD']
383,FLAT,118359.98000000001,118617.0,-6.89 USD,['9.45 USD']
384,FLAT,117847.26000000001,118300.01000000001,-4.91 USD,['9.44 USD']
385,FLAT,119985.99,119496.41,-14.20 USD,['9.40 USD']
386,FLAT,120199.98999999999,119860.0,-12.69 USD,['9.37 USD']
387,FLAT,118684.04,118680.98,-9.37 USD,['9.34 USD']
388,FLAT,118814.45999999999,118430.43000000001,-13.08 USD,['9.31 USD']
389,FLAT,118874.38,118473.31999999999,-13.20 USD,['9.28 USD']
390,FLAT,116630.43999999999,116263.94,-12.89 USD,['9.25 USD']
391,FLAT,116498.34999999999,117327.44,-1.06 USD,['9.27 USD']
392,FLAT,117562.71,117478.5,-10.05 USD,['9.22 USD']
393,FLAT,117621.78,117940.76000000001,-6.10 USD,['9.22 USD']
394,FLAT,118310.01,118091.45,-11.31 USD,['9.19 USD']
395,FLAT,118295.23999999999,118770.43999999999,-4.58 USD,['9.18 USD']
396,FLAT,119524.0,119227.98999999999,-11.97 USD,['9.14 USD']
397,FLAT,118496.1,118568.46999999999,-8.42 USD,['9.12 USD']
398,FLAT,118097.73,117911.19,-10.89 USD,['9.09 USD']
399,FLAT,118299.98999999999,118123.01,-10.77 USD,['9.07 USD']
400,FLAT,117675.45999999999,118420.0,-1.92 USD,['9.08 USD']
401,FLAT,115882.18,115409.94,-13.64 USD,['9.03 USD']
402,FLAT,113993.56000000001,113886.37000000001,-10.07 USD,['9.01 USD']
403,FLAT,113201.01000000001,113719.99,-3.87 USD,['9.02 USD']
404,FLAT,114128.26999999999,113955.69,-10.67 USD,['8.97 USD']
405,FLAT,114302.3,114095.93,-10.97 USD,['8.95 USD']
406,FLAT,114804.62000000001,114434.65,-12.51 USD,['8.91 USD']
407,FLAT,114778.5,114459.93,-11.98 USD,['8.89 USD']
408,FLAT,114913.88,114913.89,-8.88 USD,['8.88 USD']
409,FLAT,115325.88,115105.95,-10.95 USD,['8.84 USD']
410,FLAT,114960.03,114725.74,-11.06 USD,['8.81 USD']
411,FLAT,113989.91,113650.14,-12.06 USD,['8.78 USD']
412,FLAT,114071.99,113882.86,-10.58 USD,['8.76 USD']
413,FLAT,115187.96,115007.48000000001,-10.44 USD,['8.73 USD']
414,FLAT,114988.54000000001,116100.01,1.77 USD,['8.76 USD']
415,FLAT,116896.0,116878.05,-8.89 USD,['8.72 USD']
416,FLAT,117125.0,116763.59,-12.05 USD,['8.69 USD']
417,FLAT,116970.0,116858.64,-9.70 USD,['8.67 USD']
418,FLAT,117155.65000000001,116982.12,-10.24 USD,['8.64 USD']
419,FLAT,117510.87,117233.11,-11.16 USD,['8.61 USD']
420,FLAT,116934.37000000001,117638.95,-2.15 USD,['8.62 USD']
421,FLAT,118460.0,118465.31000000001,-8.55 USD,['8.60 USD']
422,FLAT,118990.36,121294.79000000001,12.09 USD,['8.66 USD']
423,FLAT,119515.98999999999,118742.52,-15.53 USD,['8.57 USD']
424,FLAT,119769.05,119412.45,-11.74 USD,['8.55 USD']
425,FLAT,120249.99,119852.03000000001,-12.05 USD,['8.52 USD']
426,FLAT,119887.98999999999,120475.14000000001,-3.31 USD,['8.52 USD']
427,FLAT,122055.17,123126.38,0.78 USD,['8.54 USD']
428,FLAT,118730.11000000002,118665.58999999998,-9.08 USD,['8.50 USD']
429,FLAT,117869.6,117645.93,-10.48 USD,['8.47 USD']
430,FLAT,117747.36,117588.43,-9.88 USD,['8.45 USD']
431,FLAT,117659.41,118109.74999999999,-4.41 USD,['8.44 USD']
432,FLAT,115820.01,116285.74,-4.21 USD,['8.44 USD']
433,FLAT,115597.53,115410.69,-10.10 USD,['8.40 USD']
434,FLAT,113609.70999999999,113490.13,-9.48 USD,['8.38 USD']
435,FLAT,114519.61,114244.87,-10.86 USD,['8.35 USD']
436,FLAT,114729.94,114445.11,-10.92 USD,['8.33 USD']
437,FLAT,112911.52,112827.62,-9.07 USD,['8.30 USD']
438,FLAT,115200.0,116532.01,3.65 USD,['8.33 USD']
439,FLAT,115325.81,115129.90000000001,-10.05 USD,['8.29 USD']
440,FLAT,115343.90000000001,115239.64,-9.20 USD,['8.27 USD']
441,FLAT,112282.56999999999,112187.84,-9.11 USD,['8.24 USD']
442,FLAT,110635.99,111168.0,-3.29 USD,['8.24 USD']
443,FLAT,111327.51,111067.75,-10.61 USD,['8.21 USD']
444,FLAT,111569.86,111677.02,-7.22 USD,['8.20 USD']
445,FLAT,112089.78,112740.01,-2.27 USD,['8.20 USD']
446,FLAT,112554.98999999999,112352.3,-10.01 USD,['8.17 USD']
447,FLAT,108590.12,108391.99,-10.00 USD,['8.14 USD']
448,FLAT,108727.25,108575.49,-9.54 USD,['8.12 USD']
449,FLAT,108768.34,108642.51,-9.27 USD,['8.10 USD']
450,FLAT,108880.89,109015.05,-6.84 USD,['8.08 USD']
451,FLAT,109099.99,108900.0,-9.90 USD,['8.05 USD']
452,FLAT,108872.71,108912.51,-7.67 USD,['8.04 USD']
453,FLAT,108436.12000000001,108545.74,-7.01 USD,['8.02 USD']
454,FLAT,109484.94,110080.01,-2.58 USD,['8.02 USD']
455,FLAT,111635.89,110953.62,-14.08 USD,['7.97 USD']
456,FLAT,111272.0,110974.56,-10.61 USD,['7.95 USD']
457,FLAT,111558.45000000001,111305.66,-10.18 USD,['7.93 USD']
458,FLAT,111312.28000000001,111169.27,-9.18 USD,['7.91 USD']
459,FLAT,111985.72,111824.01,-9.31 USD,['7.89 USD']
460,FLAT,110438.96,110451.62,-7.75 USD,['7.86 USD']
461,FLAT,111500.9,112235.56,-1.40 USD,['7.87 USD']
462,FLAT,111250.01,111080.67,-9.33 USD,['7.84 USD']
463,FLAT,110936.81999999999,110852.25,-8.57 USD,['7.82 USD']
464,FLAT,110498.79000000001,110504.15000000001,-7.75 USD,['7.80 USD']
465,FLAT,110952.77,111121.33,-6.31 USD,['7.79 USD']
466,FLAT,111403.20999999999,111123.81,-10.20 USD,['7.76 USD']
467,FLAT,111375.19,112173.91,-0.83 USD,['7.77 USD']
468,FLAT,112200.0,112593.22,-4.37 USD,['7.76 USD']
469,FLAT,111592.81,111404.4,-9.36 USD,['7.73 USD']
470,FLAT,111652.98,111407.19,-9.83 USD,['7.71 USD']
471,FLAT,112010.56999999999,113356.68,3.82 USD,['7.73 USD']
472,FLAT,113952.01999999999,113761.11,-9.30 USD,['7.69 USD']
473,FLAT,114057.84999999999,113843.02,-9.48 USD,['7.67 USD']
474,FLAT,114200.0,113992.01,-9.39 USD,['7.65 USD']
475,FLAT,114636.05,115160.63,-3.28 USD,['7.64 USD']
476,FLAT,115534.53,115771.83,-5.67 USD,['7.63 USD']
477,FLAT,116080.9,115960.77,-8.58 USD,['7.60 USD']
478,FLAT,116025.0,115838.01,-9.11 USD,['7.58 USD']
479,FLAT,115936.16,115863.33,-8.15 USD,['7.56 USD']
480,FLAT,115758.93000000001,115684.25,-8.15 USD,['7.54 USD']
481,FLAT,115899.99,115594.72,-9.99 USD,['7.51 USD']
482,FLAT,115930.59,115871.93,-7.97 USD,['7.50 USD']
483,FLAT,115267.43000000001,115209.24,-7.95 USD,['7.48 USD']
484,FLAT,115750.0,115600.0,-8.67 USD,['7.46 USD']
485,FLAT,116068.06,116516.71,-3.86 USD,['7.46 USD']
486,FLAT,117108.3,116905.54,-9.04 USD,['7.43 USD']
487,FLAT,116346.15000000001,117096.0,-1.47 USD,['7.44 USD']
488,FLAT,117386.85,117171.06999999999,-9.10 USD,['7.40 USD']
489,FLAT,117780.01,117410.47,-10.27 USD,['7.37 USD']
490,FLAT,115724.33,115690.0,-7.63 USD,['7.36 USD']
491,FLAT,116009.5,115882.81999999999,-8.34 USD,['7.34 USD']
492,FLAT,115809.5,115715.6,-8.06 USD,['7.32 USD']
493,FLAT,112791.87999999999,112738.43,-7.73 USD,['7.30 USD']
494,FLAT,113193.03,112826.49,-10.22 USD,['7.27 USD']
495,FLAT,112387.20999999999,112171.7,-8.99 USD,['7.25 USD']
496,FLAT,112570.52,113316.89,-1.26 USD,['7.26 USD']
497,FLAT,109664.29000000001,109415.6,-9.28 USD,['7.23 USD']
498,FLAT,109912.14,109535.91,-10.29 USD,['7.20 USD']
499,FLAT,109434.96,109388.12000000001,-7.56 USD,['7.18 USD']
500,FLAT,109459.45,109497.14,-6.87 USD,['7.18 USD']
501,FLAT,109639.0,111575.37999999999,8.57 USD,['7.22 USD']
502,FLAT,112006.04000000001,114185.31999999999,10.20 USD,['7.25 USD']
503,FLAT,113714.56,113813.20999999999,-6.42 USD,['7.20 USD']
504,FLAT,114549.99,114324.66,-8.94 USD,['7.17 USD']
505,FLAT,114587.5,114289.01000000001,-9.48 USD,['7.15 USD']
506,FLAT,115089.82,116768.07,5.82 USD,['7.19 USD']
507,FLAT,117741.34,118382.68999999999,-2.31 USD,['7.18 USD']
508,FLAT,118681.0,118845.48,-5.91 USD,['7.15 USD']
509,FLAT,120133.43,119563.12000000001,-11.35 USD,['7.12 USD']
510,FLAT,120393.09,120085.90999999999,-9.36 USD,['7.09 USD']
511,FLAT,120470.58,120289.0,-8.41 USD,['7.08 USD']
512,FLAT,120529.70000000001,120160.73,-9.75 USD,['7.05 USD']
513,FLAT,120835.66,122121.37,2.28 USD,['7.08 USD']
514,FLAT,122377.10999999999,122267.77,-7.83 USD,['7.04 USD']
515,FLAT,122142.20999999999,124013.40000000001,6.38 USD,['7.08 USD']
516,FLAT,123328.07999999999,123171.98999999999,-8.15 USD,['7.04 USD']
517,FLAT,124365.90999999999,125057.20000000001,-2.16 USD,['7.04 USD']
518,FLAT,124455.46,124309.49999999999,-8.04 USD,['7.01 USD']
519,FLAT,122505.99,122391.73999999999,-7.82 USD,['7.00 USD']
520,FLAT,123669.93000000001,123263.2,-9.84 USD,['6.97 USD']
521,FLAT,122515.44000000002,122415.73999999999,-7.67 USD,['6.96 USD']
522,FLAT,121528.45,121438.91,-7.58 USD,['6.94 USD']
523,FLAT,121889.09,121428.01000000001,-10.18 USD,['6.91 USD']
524,FLAT,112375.71999999999,112020.41,-9.62 USD,['6.89 USD']
525,FLAT,111500.59,111205.53,-9.14 USD,['6.87 USD']
526,FLAT,113666.01,112686.93000000001,-14.21 USD,['6.83 USD']
527,FLAT,114827.3,114906.45000000001,-6.23 USD,['6.82 USD']
528,FLAT,115453.27,115185.68,-8.76 USD,['6.79 USD']
529,FLAT,112900.43,112104.75,-12.73 USD,['6.76 USD']
530,FLAT,113294.26999999999,112736.22,-10.89 USD,['6.73 USD']
531,FLAT,111701.06999999999,111329.48,-9.51 USD,['6.71 USD']
532,FLAT,111842.01,111419.94,-9.85 USD,['6.69 USD']
533,FLAT,109176.73999999999,108910.46,-8.71 USD,['6.67 USD']
534,FLAT,107323.4,106514.84000000001,-12.90 USD,['6.63 USD']
535,FLAT,107261.82,106899.13,-9.41 USD,['6.61 USD']
536,FLAT,107351.56,107065.15999999999,-8.79 USD,['6.59 USD']
537,FLAT,107206.14,107040.3,-7.85 USD,['6.58 USD']
538,FLAT,107348.67,107074.77,-8.64 USD,['6.55 USD']
539,FLAT,108409.99,108695.71999999999,-4.39 USD,['6.55 USD']
540,FLAT,109314.48,110612.98999999999,3.13 USD,['6.57 USD']
541,FLAT,111275.05,110853.09000000001,-9.63 USD,['6.53 USD']
542,FLAT,109362.75,108910.03,-9.87 USD,['6.50 USD']
543,FLAT,109744.9,110819.93,1.42 USD,['6.53 USD']
544,FLAT,108311.35,109194.0,0.10 USD,['6.52 USD']
545,FLAT,109925.06,109989.36,-6.03 USD,['6.50 USD']
546,FLAT,110566.18,110242.36,-8.84 USD,['6.47 USD']
547,FLAT,110736.71,110473.04,-8.37 USD,['6.45 USD']
548,FLAT,110962.21,110812.0,-7.53 USD,['6.44 USD']
549,FLAT,111556.51,110744.23,-12.24 USD,['6.40 USD']
550,FLAT,110941.72,110689.75,-8.20 USD,['6.39 USD']
551,FLAT,111074.20000000001,110923.20999999999,-7.45 USD,['6.37 USD']
552,FLAT,111421.74,111228.0,-7.73 USD,['6.35 USD']
553,FLAT,111552.43,111535.71999999999,-6.46 USD,['6.34 USD']
554,FLAT,111742.26,111495.39,-8.06 USD,['6.31 USD']
555,FLAT,111701.65000000001,113372.23,5.43 USD,['6.35 USD']
556,FLAT,114774.49,115136.47,-3.84 USD,['6.33 USD']
557,FLAT,115496.06,115041.94,-9.39 USD,['6.29 USD']
558,FLAT,114371.73000000001,114315.49,-6.67 USD,['6.28 USD']
559,FLAT,114816.12000000001,114543.75,-8.12 USD,['6.26 USD']
560,FLAT,113423.82,113057.51,-8.75 USD,['6.23 USD']
561,FLAT,113357.04,112997.17,-8.68 USD,['6.21 USD']
562,FLAT,111521.84,110851.05,-10.85 USD,['6.18 USD']
563,FLAT,108322.88,109222.46,0.20 USD,['6.21 USD']
564,FLAT,110571.37,109856.09,-11.16 USD,['6.16 USD']
565,FLAT,110790.14,110000.0,-11.62 USD,['6.13 USD']
566,FLAT,109928.04,109734.11,-7.47 USD,['6.12 USD']
567,FLAT,110168.0,109967.09000000001,-7.49 USD,['6.10 USD']
568,FLAT,110371.14,110233.59,-7.03 USD,['6.08 USD']
569,FLAT,110670.26999999999,110340.14,-8.33 USD,['6.07 USD']
570,FLAT,111033.0,110798.9,-7.65 USD,['6.05 USD']
571,FLAT,111064.96,110816.7,-7.72 USD,['6.03 USD']
572,FLAT,110640.0,110288.22,-8.40 USD,['6.01 USD']
573,FLAT,102106.47,101566.32,-9.94 USD,['5.98 USD']
574,FLAT,102430.31,103451.33,1.43 USD,['6.01 USD']
575,FLAT,104081.61,103668.64,-8.93 USD,['5.97 USD']
576,FLAT,101905.11,101612.37000000001,-8.09 USD,['5.95 USD']
577,FLAT,101532.87,102732.76000000001,2.80 USD,['5.97 USD']
578,FLAT,102239.20999999999,102051.25,-7.30 USD,['5.93 USD']
579,FLAT,102113.27,101905.82,-7.42 USD,['5.92 USD']
580,FLAT,102382.62000000001,102105.79999999999,-7.89 USD,['5.89 USD']
581,FLAT,102510.33,105908.94,18.41 USD,['5.98 USD']
582,FLAT,106564.12000000001,106272.96,-7.96 USD,['5.93 USD']
583,FLAT,106235.64,105733.06,-9.40 USD,['5.90 USD']
584,FLAT,107357.87,106792.58,-9.75 USD,['5.87 USD']
585,FLAT,103515.05,103302.49,-7.37 USD,['5.86 USD']
586,FLAT,104243.23999999999,103918.62000000001,-8.11 USD,['5.83 USD']
587,FLAT,102762.22,102812.90999999999,-5.47 USD,['5.83 USD']
588,FLAT,95880.0,95908.83,-5.60 USD,['5.82 USD']
589,FLAT,96242.33,95877.84,-8.54 USD,['5.79 USD']
590,FLAT,96040.0,95813.53,-7.47 USD,['5.77 USD']
591,FLAT,96410.0,95931.39,-9.33 USD,['5.75 USD']
592,FLAT,95048.54000000001,95420.0,-2.95 USD,['5.75 USD']
593,FLAT,91531.74,91117.31,-8.97 USD,['5.72 USD']
594,FLAT,92071.98000000001,91471.23999999999,-10.36 USD,['5.70 USD']
595,FLAT,93166.0,92681.66,-7.74 USD,['4.69 USD']
596,FLAT,92218.8,91480.0,-11.32 USD,['5.64 USD']
597,FLAT,90855.35,91846.90999999999,2.03 USD,['5.67 USD']
598,FLAT,85410.25,84173.05,-12.56 USD,['4.45 USD']
599,FLAT,85515.70999999999,84895.97,-10.69 USD,['5.60 USD']
600,FLAT,84828.0,84517.47,-8.15 USD,['5.59 USD']
601,FLAT,85185.75,84822.97,-8.53 USD,['5.56 USD']
602,FLAT,85334.88,85727.15,-2.38 USD,['5.57 USD']
603,FLAT,86597.45,87093.31,-1.59 USD,['5.56 USD']
604,FLAT,87500.95,88169.90000000001,-0.26 USD,['5.56 USD']
605,FLAT,88022.79000000001,87476.88,-9.82 USD,['5.52 USD']
606,FLAT,87736.01999999999,87402.11,-8.13 USD,['5.51 USD']
607,FLAT,87935.05,87701.97,-7.31 USD,['5.49 USD']
608,FLAT,88663.14,91277.31999999999,14.64 USD,['5.56 USD']
609,FLAT,91687.61,91432.62000000001,-7.43 USD,['5.51 USD']
610,FLAT,91501.40000000001,91303.25,-6.98 USD,['5.49 USD']
611,FLAT,91860.14,91588.86,-7.49 USD,['5.47 USD']
612,FLAT,92325.47,91385.24,-12.38 USD,['5.43 USD']
613,FLAT,90935.28,90699.82,-7.19 USD,['5.43 USD']
614,FLAT,91033.42,90928.51,-6.19 USD,['5.41 USD']
615,FLAT,91488.33,91244.0,-7.19 USD,['5.39 USD']
616,FLAT,91713.17,91299.0,-8.41 USD,['5.37 USD']
617,FLAT,86187.74,86240.01,-4.95 USD,['5.36 USD']
618,FLAT,87192.46,91054.0,24.16 USD,['5.47 USD']
619,FLAT,92233.88,92715.61,-1.89 USD,['5.42 USD']
620,FLAT,93700.0,93331.70999999999,-8.05 USD,['5.39 USD']
621,FLAT,92658.0,92370.55,-7.46 USD,['5.37 USD']
622,FLAT,89783.15,89676.08,-6.16 USD,['5.36 USD']
623,FLAT,89893.37999999999,90529.93,-0.64 USD,['5.38 USD']
624,FLAT,91632.22,91120.09999999999,-9.08 USD,['5.34 USD']
625,FLAT,91552.24,91659.15,-4.55 USD,['5.33 USD']
626,FLAT,91032.59,90662.0,-8.02 USD,['5.31 USD']
627,FLAT,90589.06999999999,90386.26,-6.77 USD,['5.29 USD']
628,FLAT,90611.28,90202.7,-8.25 USD,['5.27 USD']
629,FLAT,91597.99,92679.70999999999,2.48 USD,['5.29 USD']
630,FLAT,92782.90999999999,92550.8,-6.91 USD,['5.26 USD']
631,FLAT,92823.57,92450.16,-7.89 USD,['5.25 USD']
632,FLAT,93006.22,92582.13,-8.21 USD,['5.23 USD']
633,FLAT,93570.52,92492.64,-9.78 USD,['4.00 USD']
634,FLAT,91169.65000000001,90632.06,-9.01 USD,['5.18 USD']
635,FLAT,91573.45999999999,91573.88,-5.16 USD,['5.16 USD']
636,FLAT,90608.87,90505.42,-5.90 USD,['5.16 USD']
637,FLAT,90309.0,90250.0,-5.56 USD,['5.14 USD']
638,FLAT,89477.84,89585.54999999999,-4.36 USD,['5.13 USD']
639,FLAT,86559.93,86337.68,-6.75 USD,['5.11 USD']
640,FLAT,86761.87,86443.02,-7.43 USD,['5.09 USD']
641,FLAT,87941.51,87343.42,-9.39 USD,['5.07 USD']
642,FLAT,87378.09999999999,87233.44,-6.11 USD,['5.06 USD']
643,FLAT,86895.02,86691.49,-6.52 USD,['5.04 USD']
644,FLAT,86967.61,87599.99,-0.48 USD,['5.05 USD']
645,FLAT,87146.04000000001,86702.76,-8.22 USD,['5.02 USD']
646,FLAT,87744.81,87758.81,-4.92 USD,['5.02 USD']
647,FLAT,88340.0,88218.25,-5.86 USD,['5.00 USD']
648,FLAT,88313.20999999999,88237.11,-5.52 USD,['4.98 USD']
649,FLAT,88259.0,88346.96,-4.36 USD,['4.98 USD']
650,FLAT,88545.72,88312.32,-6.58 USD,['4.95 USD']
651,FLAT,88706.42,88450.0,-6.73 USD,['4.94 USD']
652,FLAT,89480.0,89154.0,-7.16 USD,['4.92 USD']
653,FLAT,89163.05,89650.0,-1.58 USD,['4.93 USD']
654,FLAT,87409.81,87269.99,-5.88 USD,['4.90 USD']
655,FLAT,87720.43,87542.18,-6.13 USD,['4.89 USD']
656,FLAT,87738.89,87770.45000000001,-4.66 USD,['4.88 USD']
657,FLAT,89380.29000000001,89171.20999999999,-6.28 USD,['4.86 USD']
658,FLAT,88953.79,88564.0,-7.51 USD,['4.85 USD']
659,FLAT,87701.99,87592.66,-5.58 USD,['4.83 USD']
660,FLAT,87566.0,87500.01,-5.27 USD,['4.82 USD']
661,FLAT,87600.32,87544.2,-5.19 USD,['4.80 USD']
662,FLAT,87655.39,87526.76,-5.67 USD,['4.79 USD']
663,FLAT,87870.46,87805.0,-5.23 USD,['4.78 USD']
664,FLAT,88121.7,89326.0,3.34 USD,['4.81 USD']
665,FLAT,87717.17,88255.51,-1.12 USD,['4.79 USD']
666,FLAT,88540.08,88383.76,-5.82 USD,['4.77 USD']
667,FLAT,88610.73,88390.08,-6.24 USD,['4.76 USD']
668,FLAT,88682.26,88461.54999999999,-6.22 USD,['4.74 USD']
669,FLAT,88733.98000000001,88637.89,-5.37 USD,['4.73 USD']
