source_file,project,study_name,symbol,source_venue,target_venue,signal_type,horizon,events_count,gross_bps,fee_bps,slippage_bps,latency_buffer_bps,quote_mismatch_bps,net_bps,win_rate,random_baseline_bps,beats_baseline,verdict,rejection_reason,warnings
reports/RESEARCH_LOG.md,unknown,RESEARCH_LOG.md,,,,,,,,,,,,3.0,,,,REJECTED,,
reports/baseline_v6_market_structure/funding_basis_alt_summary.json,kraken_market_structure_scanner,baseline_v6_market_structure,DOGE,,,,,,-154.0,,,,,,,,False,UNKNOWN,USD_USDT_mismatch,
reports/baseline_v6_market_structure/funding_basis_alt_summary.json,kraken_market_structure_scanner,baseline_v6_market_structure,AVAX,,,,,,-154.0,,,,,,,,False,UNKNOWN,USD_USDT_mismatch,
reports/lead_lag_v1/pair_binance_btc_usd.json,venue_agnostic_signal_observer,lead_lag_v1,,,,tick_lead_lag,,,,,,,,,,,,UNKNOWN,,
reports/lead_lag_v1/summary.json,venue_agnostic_signal_observer,lead_lag_v1,,,,tick_lead_lag,,1127,,,,,,,,,,,,
reports/lead_lag_v1/summary.json,venue_agnostic_signal_observer,lead_lag_v1,,,,tick_lead_lag,,1430,,,,,,,,,,,,
reports/lead_lag_v1/summary.json,venue_agnostic_signal_observer,lead_lag_v1,,,,tick_lead_lag,,1783,,,,,,,,,,,,
reports/signal_observer/by_signal_type.csv,venue_agnostic_signal_observer,signal_observer,,,,cross_market_move,,143,34.9554,,,,,,,,,,,
reports/signal_observer/forward_returns.jsonl,venue_agnostic_signal_observer,signal_observer,,BINANCE,KRAKEN,cross_market_move,10s,,-5.9281,5.0,1.0,,0.0,-5.9281,,,,,None,
reports/signal_observer/forward_returns.jsonl,venue_agnostic_signal_observer,signal_observer,,BINANCE,KRAKEN,cross_market_move,30s,,24.439,5.0,1.0,,0.0,24.439,,,,,None,
reports/signal_observer/forward_returns.jsonl,venue_agnostic_signal_observer,signal_observer,,BINANCE,KRAKEN,cross_market_move,60s,,42.6574,5.0,1.0,,0.0,42.6574,,,,,None,
reports/signal_observer/forward_returns.jsonl,venue_agnostic_signal_observer,signal_observer,,BINANCE,KRAKEN,cross_market_move,5m,,45.7969,5.0,1.0,,0.0,45.7969,,,,,None,
reports/signal_observer/forward_returns.jsonl,venue_agnostic_signal_observer,signal_observer,,BINANCE,KRAKEN,cross_market_move,15m,,25.0112,5.0,1.0,,0.0,25.0112,,,,,None,
reports/signal_observer/forward_returns.jsonl,venue_agnostic_signal_observer,signal_observer,,BINANCE,KRAKEN,cross_market_move,1h,,64.1341,5.0,1.0,,0.0,64.1341,,,,,None,
reports/signal_observer/forward_returns.jsonl,venue_agnostic_signal_observer,signal_observer,,BINANCE,KRAKEN,cross_market_move,10s,,-8.4028,5.0,1.0,,0.0,-8.4028,,,,,None,
reports/signal_observer/forward_returns.jsonl,venue_agnostic_signal_observer,signal_observer,,BINANCE,KRAKEN,cross_market_move,30s,,26.5915,5.0,1.0,,0.0,26.5915,,,,,None,
reports/signal_observer/forward_returns.jsonl,venue_agnostic_signal_observer,signal_observer,,BINANCE,KRAKEN,cross_market_move,60s,,36.421,5.0,1.0,,0.0,36.421,,,,,None,
reports/signal_observer/forward_returns.jsonl,venue_agnostic_signal_observer,signal_observer,,BINANCE,KRAKEN,cross_market_move,5m,,45.1511,5.0,1.0,,0.0,45.1511,,,,,None,
reports/signal_observer/forward_returns.jsonl,venue_agnostic_signal_observer,signal_observer,,BINANCE,KRAKEN,cross_market_move,15m,,46.7479,5.0,1.0,,0.0,46.7479,,,,,None,
reports/signal_observer/forward_returns.jsonl,venue_agnostic_signal_observer,signal_observer,,BINANCE,KRAKEN,cross_market_move,1h,,77.9103,5.0,1.0,,0.0,77.9103,,,,,None,
reports/signal_observer/forward_returns.jsonl,venue_agnostic_signal_observer,signal_observer,,BINANCE,KRAKEN,cross_market_move,10s,,-5.5019,5.0,1.0,,0.0,-5.5019,,,,,None,
reports/signal_observer/forward_returns.jsonl,venue_agnostic_signal_observer,signal_observer,,BINANCE,KRAKEN,cross_market_move,30s,,31.9627,5.0,1.0,,0.0,31.9627,,,,,None,
reports/signal_observer/forward_returns.jsonl,venue_agnostic_signal_observer,signal_observer,,BINANCE,KRAKEN,cross_market_move,60s,,40.3104,5.0,1.0,,0.0,40.3104,,,,,None,
reports/signal_observer/forward_returns.jsonl,venue_agnostic_signal_observer,signal_observer,,BINANCE,KRAKEN,cross_market_move,5m,,40.9475,5.0,1.0,,0.0,40.9475,,,,,None,
reports/signal_observer/forward_returns.jsonl,venue_agnostic_signal_observer,signal_observer,,BINANCE,KRAKEN,cross_market_move,15m,,60.6655,5.0,1.0,,0.0,60.6655,,,,,None,
reports/signal_observer/forward_returns.jsonl,venue_agnostic_signal_observer,signal_observer,,BINANCE,KRAKEN,cross_market_move,1h,,104.2993,5.0,1.0,,0.0,104.2993,,,,,None,
reports/signal_observer/forward_returns.jsonl,venue_agnostic_signal_observer,signal_observer,,BINANCE,KRAKEN,cross_market_move,10s,,-8.743,5.0,1.0,,0.0,-8.743,,,,,None,
reports/signal_observer/forward_returns.jsonl,venue_agnostic_signal_observer,signal_observer,,BINANCE,KRAKEN,cross_market_move,30s,,28.3111,5.0,1.0,,0.0,28.3111,,,,,None,
reports/signal_observer/forward_returns.jsonl,venue_agnostic_signal_observer,signal_observer,,BINANCE,KRAKEN,cross_market_move,60s,,43.5841,5.0,1.0,,0.0,43.5841,,,,,None,
reports/signal_observer/forward_returns.jsonl,venue_agnostic_signal_observer,signal_observer,,BINANCE,KRAKEN,cross_market_move,5m,,43.0508,5.0,1.0,,0.0,43.0508,,,,,None,
reports/signal_observer/forward_returns.jsonl,venue_agnostic_signal_observer,signal_observer,,BINANCE,KRAKEN,cross_market_move,15m,,44.3002,5.0,1.0,,0.0,44.3002,,,,,None,
reports/signal_observer/forward_returns.jsonl,venue_agnostic_signal_observer,signal_observer,,BINANCE,KRAKEN,cross_market_move,1h,,-37.6395,5.0,1.0,,0.0,-37.6395,,,,,None,
reports/signal_observer/forward_returns.jsonl,venue_agnostic_signal_observer,signal_observer,,BINANCE,KRAKEN,cross_market_move,10s,,-3.7544,5.0,1.0,,0.0,-3.7544,,,,,None,
reports/signal_observer/forward_returns.jsonl,venue_agnostic_signal_observer,signal_observer,,BINANCE,KRAKEN,cross_market_move,30s,,32.0303,5.0,1.0,,0.0,32.0303,,,,,None,
reports/signal_observer/forward_returns.jsonl,venue_agnostic_signal_observer,signal_observer,,BINANCE,KRAKEN,cross_market_move,60s,,47.6429,5.0,1.0,,0.0,47.6429,,,,,None,
reports/signal_observer/forward_returns.jsonl,venue_agnostic_signal_observer,signal_observer,,BINANCE,KRAKEN,cross_market_move,5m,,66.4663,5.0,1.0,,0.0,66.4663,,,,,None,
reports/signal_observer/forward_returns.jsonl,venue_agnostic_signal_observer,signal_observer,,BINANCE,KRAKEN,cross_market_move,15m,,75.4778,5.0,1.0,,0.0,75.4778,,,,,None,
reports/signal_observer/forward_returns.jsonl,venue_agnostic_signal_observer,signal_observer,,BINANCE,KRAKEN,cross_market_move,1h,,148.8959,5.0,1.0,,0.0,148.8959,,,,,None,
reports/signal_observer/forward_returns.jsonl,venue_agnostic_signal_observer,signal_observer,,BINANCE,KRAKEN,cross_market_move,10s,,-5.5114,5.0,1.0,,0.0,-5.5114,,,,,None,
reports/signal_observer/forward_returns.jsonl,venue_agnostic_signal_observer,signal_observer,,BINANCE,KRAKEN,cross_market_move,30s,,29.4123,5.0,1.0,,0.0,29.4123,,,,,None,
reports/signal_observer/forward_returns.jsonl,venue_agnostic_signal_observer,signal_observer,,BINANCE,KRAKEN,cross_market_move,60s,,46.7609,5.0,1.0,,0.0,46.7609,,,,,None,
reports/signal_observer/forward_returns.jsonl,venue_agnostic_signal_observer,signal_observer,,BINANCE,KRAKEN,cross_market_move,5m,,53.939,5.0,1.0,,0.0,53.939,,,,,None,
reports/signal_observer/forward_returns.jsonl,venue_agnostic_signal_observer,signal_observer,,BINANCE,KRAKEN,cross_market_move,15m,,58.5523,5.0,1.0,,0.0,58.5523,,,,,None,
reports/signal_observer/forward_returns.jsonl,venue_agnostic_signal_observer,signal_observer,,BINANCE,KRAKEN,cross_market_move,1h,,7.4981,5.0,1.0,,0.0,7.4981,,,,,None,
reports/signal_observer/forward_returns.jsonl,venue_agnostic_signal_observer,signal_observer,,BINANCE,KRAKEN,cross_market_move,10s,,-2.2509,5.0,1.0,,0.0,-2.2509,,,,,None,
reports/signal_observer/forward_returns.jsonl,venue_agnostic_signal_observer,signal_observer,,BINANCE,KRAKEN,cross_market_move,30s,,29.5856,5.0,1.0,,0.0,29.5856,,,,,None,
reports/signal_observer/forward_returns.jsonl,venue_agnostic_signal_observer,signal_observer,,BINANCE,KRAKEN,cross_market_move,60s,,46.6513,5.0,1.0,,0.0,46.6513,,,,,None,
reports/signal_observer/forward_returns.jsonl,venue_agnostic_signal_observer,signal_observer,,BINANCE,KRAKEN,cross_market_move,5m,,57.7582,5.0,1.0,,0.0,57.7582,,,,,None,
reports/signal_observer/forward_returns.jsonl,venue_agnostic_signal_observer,signal_observer,,BINANCE,KRAKEN,cross_market_move,15m,,54.1403,5.0,1.0,,0.0,54.1403,,,,,None,
reports/signal_observer/forward_returns.jsonl,venue_agnostic_signal_observer,signal_observer,,BINANCE,KRAKEN,cross_market_move,1h,,-31.4199,5.0,1.0,,0.0,-31.4199,,,,,None,
reports/signal_observer/forward_returns.jsonl,venue_agnostic_signal_observer,signal_observer,,BINANCE,KRAKEN,cross_market_move,10s,,-3.2322,5.0,1.0,,0.0,-3.2322,,,,,None,
reports/signal_observer/forward_returns.jsonl,venue_agnostic_signal_observer,signal_observer,,BINANCE,KRAKEN,cross_market_move,30s,,24.6831,5.0,1.0,,0.0,24.6831,,,,,None,
reports/signal_observer/forward_returns.jsonl,venue_agnostic_signal_observer,signal_observer,,BINANCE,KRAKEN,cross_market_move,60s,,44.2648,5.0,1.0,,0.0,44.2648,,,,,None,
reports/signal_observer/forward_returns.jsonl,venue_agnostic_signal_observer,signal_observer,,BINANCE,KRAKEN,cross_market_move,5m,,53.4848,5.0,1.0,,0.0,53.4848,,,,,None,
reports/signal_observer/forward_returns.jsonl,venue_agnostic_signal_observer,signal_observer,,BINANCE,KRAKEN,cross_market_move,15m,,58.6176,5.0,1.0,,0.0,58.6176,,,,,None,
reports/signal_observer/forward_returns.jsonl,venue_agnostic_signal_observer,signal_observer,,BINANCE,KRAKEN,cross_market_move,1h,,53.1697,5.0,1.0,,0.0,53.1697,,,,,None,
reports/signal_observer/forward_returns.jsonl,venue_agnostic_signal_observer,signal_observer,,BINANCE,KRAKEN,cross_market_move,10s,,-10.4079,5.0,1.0,,0.0,-10.4079,,,,,None,
reports/signal_observer/forward_returns.jsonl,venue_agnostic_signal_observer,signal_observer,,BINANCE,KRAKEN,cross_market_move,30s,,29.956,5.0,1.0,,0.0,29.956,,,,,None,
reports/signal_observer/forward_returns.jsonl,venue_agnostic_signal_observer,signal_observer,,BINANCE,KRAKEN,cross_market_move,60s,,45.664,5.0,1.0,,0.0,45.664,,,,,None,
reports/signal_observer/forward_returns.jsonl,venue_agnostic_signal_observer,signal_observer,,BINANCE,KRAKEN,cross_market_move,5m,,39.523,5.0,1.0,,0.0,39.523,,,,,None,
reports/signal_observer/forward_returns.jsonl,venue_agnostic_signal_observer,signal_observer,,BINANCE,KRAKEN,cross_market_move,15m,,26.0999,5.0,1.0,,0.0,26.0999,,,,,None,
reports/signal_observer/forward_returns.jsonl,venue_agnostic_signal_observer,signal_observer,,BINANCE,KRAKEN,cross_market_move,1h,,54.1152,5.0,1.0,,0.0,54.1152,,,,,None,
reports/signal_observer/forward_returns.jsonl,venue_agnostic_signal_observer,signal_observer,,BINANCE,KRAKEN,cross_market_move,10s,,0.8145,5.0,1.0,,0.0,0.8145,,,,,None,
reports/signal_observer/forward_returns.jsonl,venue_agnostic_signal_observer,signal_observer,,BINANCE,KRAKEN,cross_market_move,30s,,31.3311,5.0,1.0,,0.0,31.3311,,,,,None,
reports/signal_observer/forward_returns.jsonl,venue_agnostic_signal_observer,signal_observer,,BINANCE,KRAKEN,cross_market_move,60s,,47.5166,5.0,1.0,,0.0,47.5166,,,,,None,
reports/signal_observer/forward_returns.jsonl,venue_agnostic_signal_observer,signal_observer,,BINANCE,KRAKEN,cross_market_move,5m,,39.3291,5.0,1.0,,0.0,39.3291,,,,,None,
reports/signal_observer/forward_returns.jsonl,venue_agnostic_signal_observer,signal_observer,,BINANCE,KRAKEN,cross_market_move,15m,,63.5346,5.0,1.0,,0.0,63.5346,,,,,None,
reports/signal_observer/forward_returns.jsonl,venue_agnostic_signal_observer,signal_observer,,BINANCE,KRAKEN,cross_market_move,1h,,124.9729,5.0,1.0,,0.0,124.9729,,,,,None,
reports/signal_observer/forward_returns.jsonl,venue_agnostic_signal_observer,signal_observer,,BINANCE,KRAKEN,cross_market_move,10s,,-7.5208,5.0,1.0,,0.0,-7.5208,,,,,None,
reports/signal_observer/forward_returns.jsonl,venue_agnostic_signal_observer,signal_observer,,BINANCE,KRAKEN,cross_market_move,30s,,22.0118,5.0,1.0,,0.0,22.0118,,,,,None,
reports/signal_observer/forward_returns.jsonl,venue_agnostic_signal_observer,signal_observer,,BINANCE,KRAKEN,cross_market_move,60s,,45.4482,5.0,1.0,,0.0,45.4482,,,,,None,
reports/signal_observer/forward_returns.jsonl,venue_agnostic_signal_observer,signal_observer,,BINANCE,KRAKEN,cross_market_move,5m,,59.2691,5.0,1.0,,0.0,59.2691,,,,,None,
reports/signal_observer/forward_returns.jsonl,venue_agnostic_signal_observer,signal_observer,,BINANCE,KRAKEN,cross_market_move,15m,,71.8197,5.0,1.0,,0.0,71.8197,,,,,None,
reports/signal_observer/forward_returns.jsonl,venue_agnostic_signal_observer,signal_observer,,BINANCE,KRAKEN,cross_market_move,1h,,135.6989,5.0,1.0,,0.0,135.6989,,,,,None,
reports/signal_observer/forward_returns.jsonl,venue_agnostic_signal_observer,signal_observer,,BINANCE,KRAKEN,cross_market_move,10s,,-2.9896,5.0,1.0,,0.0,-2.9896,,,,,None,
reports/signal_observer/forward_returns.jsonl,venue_agnostic_signal_observer,signal_observer,,BINANCE,KRAKEN,cross_market_move,30s,,32.7324,5.0,1.0,,0.0,32.7324,,,,,None,
reports/signal_observer/forward_returns.jsonl,venue_agnostic_signal_observer,signal_observer,,BINANCE,KRAKEN,cross_market_move,60s,,51.1148,5.0,1.0,,0.0,51.1148,,,,,None,
reports/signal_observer/forward_returns.jsonl,venue_agnostic_signal_observer,signal_observer,,BINANCE,KRAKEN,cross_market_move,5m,,37.3175,5.0,1.0,,0.0,37.3175,,,,,None,
reports/signal_observer/forward_returns.jsonl,venue_agnostic_signal_observer,signal_observer,,BINANCE,KRAKEN,cross_market_move,15m,,40.5364,5.0,1.0,,0.0,40.5364,,,,,None,
reports/signal_observer/forward_returns.jsonl,venue_agnostic_signal_observer,signal_observer,,BINANCE,KRAKEN,cross_market_move,1h,,60.2416,5.0,1.0,,0.0,60.2416,,,,,None,
reports/signal_observer/forward_returns.jsonl,venue_agnostic_signal_observer,signal_observer,,BINANCE,KRAKEN,cross_market_move,10s,,-6.3948,5.0,1.0,,0.0,-6.3948,,,,,None,
reports/signal_observer/forward_returns.jsonl,venue_agnostic_signal_observer,signal_observer,,BINANCE,KRAKEN,cross_market_move,30s,,27.3947,5.0,1.0,,0.0,27.3947,,,,,None,
reports/signal_observer/forward_returns.jsonl,venue_agnostic_signal_observer,signal_observer,,BINANCE,KRAKEN,cross_market_move,60s,,44.8785,5.0,1.0,,0.0,44.8785,,,,,None,
reports/signal_observer/forward_returns.jsonl,venue_agnostic_signal_observer,signal_observer,,BINANCE,KRAKEN,cross_market_move,5m,,34.9125,5.0,1.0,,0.0,34.9125,,,,,None,
reports/signal_observer/forward_returns.jsonl,venue_agnostic_signal_observer,signal_observer,,BINANCE,KRAKEN,cross_market_move,15m,,22.7314,5.0,1.0,,0.0,22.7314,,,,,None,
reports/signal_observer/forward_returns.jsonl,venue_agnostic_signal_observer,signal_observer,,BINANCE,KRAKEN,cross_market_move,1h,,-35.4625,5.0,1.0,,0.0,-35.4625,,,,,None,
reports/signal_observer/forward_returns.jsonl,venue_agnostic_signal_observer,signal_observer,,BINANCE,KRAKEN,cross_market_move,10s,,-4.9505,5.0,1.0,,0.0,-4.9505,,,,,None,
reports/signal_observer/forward_returns.jsonl,venue_agnostic_signal_observer,signal_observer,,BINANCE,KRAKEN,cross_market_move,30s,,30.9347,5.0,1.0,,0.0,30.9347,,,,,None,
reports/signal_observer/forward_returns.jsonl,venue_agnostic_signal_observer,signal_observer,,BINANCE,KRAKEN,cross_market_move,60s,,41.9768,5.0,1.0,,0.0,41.9768,,,,,None,
reports/signal_observer/forward_returns.jsonl,venue_agnostic_signal_observer,signal_observer,,BINANCE,KRAKEN,cross_market_move,5m,,28.0967,5.0,1.0,,0.0,28.0967,,,,,None,
reports/signal_observer/forward_returns.jsonl,venue_agnostic_signal_observer,signal_observer,,BINANCE,KRAKEN,cross_market_move,15m,,22.6051,5.0,1.0,,0.0,22.6051,,,,,None,
reports/signal_observer/forward_returns.jsonl,venue_agnostic_signal_observer,signal_observer,,BINANCE,KRAKEN,cross_market_move,1h,,-1.0948,5.0,1.0,,0.0,-1.0948,,,,,None,
reports/signal_observer/forward_returns.jsonl,venue_agnostic_signal_observer,signal_observer,,BINANCE,KRAKEN,cross_market_move,10s,,-2.9184,5.0,1.0,,0.0,-2.9184,,,,,None,
reports/signal_observer/forward_returns.jsonl,venue_agnostic_signal_observer,signal_observer,,BINANCE,KRAKEN,cross_market_move,30s,,32.9518,5.0,1.0,,0.0,32.9518,,,,,None,
reports/signal_observer/forward_returns.jsonl,venue_agnostic_signal_observer,signal_observer,,BINANCE,KRAKEN,cross_market_move,60s,,49.756,5.0,1.0,,0.0,49.756,,,,,None,
reports/signal_observer/forward_returns.jsonl,venue_agnostic_signal_observer,signal_observer,,BINANCE,KRAKEN,cross_market_move,5m,,51.2516,5.0,1.0,,0.0,51.2516,,,,,None,
reports/signal_observer/forward_returns.jsonl,venue_agnostic_signal_observer,signal_observer,,BINANCE,KRAKEN,cross_market_move,15m,,68.0458,5.0,1.0,,0.0,68.0458,,,,,None,
reports/signal_observer/forward_returns.jsonl,venue_agnostic_signal_observer,signal_observer,,BINANCE,KRAKEN,cross_market_move,1h,,51.4162,5.0,1.0,,0.0,51.4162,,,,,None,
reports/signal_observer/forward_returns.jsonl,venue_agnostic_signal_observer,signal_observer,,BINANCE,KRAKEN,cross_market_move,10s,,-4.4504,5.0,1.0,,0.0,-4.4504,,,,,None,
reports/signal_observer/forward_returns.jsonl,venue_agnostic_signal_observer,signal_observer,,BINANCE,KRAKEN,cross_market_move,30s,,27.7425,5.0,1.0,,0.0,27.7425,,,,,None,
reports/signal_observer/forward_returns.jsonl,venue_agnostic_signal_observer,signal_observer,,BINANCE,KRAKEN,cross_market_move,60s,,39.8533,5.0,1.0,,0.0,39.8533,,,,,None,
reports/signal_observer/forward_returns.jsonl,venue_agnostic_signal_observer,signal_observer,,BINANCE,KRAKEN,cross_market_move,5m,,30.9997,5.0,1.0,,0.0,30.9997,,,,,None,
reports/signal_observer/forward_returns.jsonl,venue_agnostic_signal_observer,signal_observer,,BINANCE,KRAKEN,cross_market_move,15m,,7.6168,5.0,1.0,,0.0,7.6168,,,,,None,
reports/signal_observer/forward_returns.jsonl,venue_agnostic_signal_observer,signal_observer,,BINANCE,KRAKEN,cross_market_move,1h,,-34.1058,5.0,1.0,,0.0,-34.1058,,,,,None,
reports/signal_observer/forward_returns.jsonl,venue_agnostic_signal_observer,signal_observer,,BINANCE,KRAKEN,cross_market_move,10s,,-5.6762,5.0,1.0,,0.0,-5.6762,,,,,None,
reports/signal_observer/forward_returns.jsonl,venue_agnostic_signal_observer,signal_observer,,BINANCE,KRAKEN,cross_market_move,30s,,27.9499,5.0,1.0,,0.0,27.9499,,,,,None,
reports/signal_observer/forward_returns.jsonl,venue_agnostic_signal_observer,signal_observer,,BINANCE,KRAKEN,cross_market_move,60s,,37.9449,5.0,1.0,,0.0,37.9449,,,,,None,
reports/signal_observer/forward_returns.jsonl,venue_agnostic_signal_observer,signal_observer,,BINANCE,KRAKEN,cross_market_move,5m,,36.3126,5.0,1.0,,0.0,36.3126,,,,,None,
reports/signal_observer/forward_returns.jsonl,venue_agnostic_signal_observer,signal_observer,,BINANCE,KRAKEN,cross_market_move,15m,,30.3403,5.0,1.0,,0.0,30.3403,,,,,None,
reports/signal_observer/forward_returns.jsonl,venue_agnostic_signal_observer,signal_observer,,BINANCE,KRAKEN,cross_market_move,1h,,54.7898,5.0,1.0,,0.0,54.7898,,,,,None,
reports/signal_observer/forward_returns.jsonl,venue_agnostic_signal_observer,signal_observer,,BINANCE,KRAKEN,cross_market_move,10s,,-7.0912,5.0,1.0,,0.0,-7.0912,,,,,None,
reports/signal_observer/forward_returns.jsonl,venue_agnostic_signal_observer,signal_observer,,BINANCE,KRAKEN,cross_market_move,30s,,30.8382,5.0,1.0,,0.0,30.8382,,,,,None,
reports/signal_observer/forward_returns.jsonl,venue_agnostic_signal_observer,signal_observer,,BINANCE,KRAKEN,cross_market_move,60s,,43.5547,5.0,1.0,,0.0,43.5547,,,,,None,
reports/signal_observer/forward_returns.jsonl,venue_agnostic_signal_observer,signal_observer,,BINANCE,KRAKEN,cross_market_move,5m,,34.394,5.0,1.0,,0.0,34.394,,,,,None,
reports/signal_observer/forward_returns.jsonl,venue_agnostic_signal_observer,signal_observer,,BINANCE,KRAKEN,cross_market_move,15m,,30.4361,5.0,1.0,,0.0,30.4361,,,,,None,
reports/signal_observer/forward_returns.jsonl,venue_agnostic_signal_observer,signal_observer,,BINANCE,KRAKEN,cross_market_move,1h,,-35.9968,5.0,1.0,,0.0,-35.9968,,,,,None,
reports/signal_observer/forward_returns.jsonl,venue_agnostic_signal_observer,signal_observer,,BINANCE,KRAKEN,cross_market_move,10s,,-1.2254,5.0,1.0,,0.0,-1.2254,,,,,None,
reports/signal_observer/forward_returns.jsonl,venue_agnostic_signal_observer,signal_observer,,BINANCE,KRAKEN,cross_market_move,30s,,31.4325,5.0,1.0,,0.0,31.4325,,,,,None,
reports/signal_observer/forward_returns.jsonl,venue_agnostic_signal_observer,signal_observer,,BINANCE,KRAKEN,cross_market_move,60s,,40.4704,5.0,1.0,,0.0,40.4704,,,,,None,
reports/signal_observer/forward_returns.jsonl,venue_agnostic_signal_observer,signal_observer,,BINANCE,KRAKEN,cross_market_move,5m,,53.1386,5.0,1.0,,0.0,53.1386,,,,,None,
reports/signal_observer/forward_returns.jsonl,venue_agnostic_signal_observer,signal_observer,,BINANCE,KRAKEN,cross_market_move,15m,,45.0105,5.0,1.0,,0.0,45.0105,,,,,None,
reports/signal_observer/forward_returns.jsonl,venue_agnostic_signal_observer,signal_observer,,BINANCE,KRAKEN,cross_market_move,1h,,17.0717,5.0,1.0,,0.0,17.0717,,,,,None,
reports/signal_observer/forward_returns.jsonl,venue_agnostic_signal_observer,signal_observer,,BINANCE,KRAKEN,cross_market_move,10s,,-9.6501,5.0,1.0,,0.0,-9.6501,,,,,None,
reports/signal_observer/forward_returns.jsonl,venue_agnostic_signal_observer,signal_observer,,BINANCE,KRAKEN,cross_market_move,30s,,28.1907,5.0,1.0,,0.0,28.1907,,,,,None,
reports/signal_observer/forward_returns.jsonl,venue_agnostic_signal_observer,signal_observer,,BINANCE,KRAKEN,cross_market_move,60s,,33.0892,5.0,1.0,,0.0,33.0892,,,,,None,
reports/signal_observer/forward_returns.jsonl,venue_agnostic_signal_observer,signal_observer,,BINANCE,KRAKEN,cross_market_move,5m,,49.9513,5.0,1.0,,0.0,49.9513,,,,,None,
reports/signal_observer/forward_returns.jsonl,venue_agnostic_signal_observer,signal_observer,,BINANCE,KRAKEN,cross_market_move,15m,,54.8281,5.0,1.0,,0.0,54.8281,,,,,None,
reports/signal_observer/forward_returns.jsonl,venue_agnostic_signal_observer,signal_observer,,BINANCE,KRAKEN,cross_market_move,1h,,118.2105,5.0,1.0,,0.0,118.2105,,,,,None,
reports/signal_observer/forward_returns.jsonl,venue_agnostic_signal_observer,signal_observer,,BINANCE,KRAKEN,cross_market_move,10s,,-4.0919,5.0,1.0,,0.0,-4.0919,,,,,None,
reports/signal_observer/forward_returns.jsonl,venue_agnostic_signal_observer,signal_observer,,BINANCE,KRAKEN,cross_market_move,30s,,40.123,5.0,1.0,,0.0,40.123,,,,,None,
reports/signal_observer/forward_returns.jsonl,venue_agnostic_signal_observer,signal_observer,,BINANCE,KRAKEN,cross_market_move,60s,,56.6342,5.0,1.0,,0.0,56.6342,,,,,None,
reports/signal_observer/forward_returns.jsonl,venue_agnostic_signal_observer,signal_observer,,BINANCE,KRAKEN,cross_market_move,5m,,83.865,5.0,1.0,,0.0,83.865,,,,,None,
reports/signal_observer/forward_returns.jsonl,venue_agnostic_signal_observer,signal_observer,,BINANCE,KRAKEN,cross_market_move,15m,,85.232,5.0,1.0,,0.0,85.232,,,,,None,
reports/signal_observer/forward_returns.jsonl,venue_agnostic_signal_observer,signal_observer,,BINANCE,KRAKEN,cross_market_move,1h,,156.5281,5.0,1.0,,0.0,156.5281,,,,,None,
reports/signal_observer/forward_returns.jsonl,venue_agnostic_signal_observer,signal_observer,,BINANCE,KRAKEN,cross_market_move,10s,,-10.8326,5.0,1.0,,0.0,-10.8326,,,,,None,
reports/signal_observer/forward_returns.jsonl,venue_agnostic_signal_observer,signal_observer,,BINANCE,KRAKEN,cross_market_move,30s,,30.1167,5.0,1.0,,0.0,30.1167,,,,,None,
reports/signal_observer/forward_returns.jsonl,venue_agnostic_signal_observer,signal_observer,,BINANCE,KRAKEN,cross_market_move,60s,,37.5465,5.0,1.0,,0.0,37.5465,,,,,None,
reports/signal_observer/forward_returns.jsonl,venue_agnostic_signal_observer,signal_observer,,BINANCE,KRAKEN,cross_market_move,5m,,26.6313,5.0,1.0,,0.0,26.6313,,,,,None,
reports/signal_observer/forward_returns.jsonl,venue_agnostic_signal_observer,signal_observer,,BINANCE,KRAKEN,cross_market_move,15m,,39.3254,5.0,1.0,,0.0,39.3254,,,,,None,
reports/signal_observer/forward_returns.jsonl,venue_agnostic_signal_observer,signal_observer,,BINANCE,KRAKEN,cross_market_move,1h,,101.7827,5.0,1.0,,0.0,101.7827,,,,,None,
reports/signal_observer/forward_returns.jsonl,venue_agnostic_signal_observer,signal_observer,,BINANCE,KRAKEN,cross_market_move,10s,,-3.1849,5.0,1.0,,0.0,-3.1849,,,,,None,
reports/signal_observer/forward_returns.jsonl,venue_agnostic_signal_observer,signal_observer,,BINANCE,KRAKEN,cross_market_move,30s,,23.4682,5.0,1.0,,0.0,23.4682,,,,,None,
reports/signal_observer/forward_returns.jsonl,venue_agnostic_signal_observer,signal_observer,,BINANCE,KRAKEN,cross_market_move,60s,,41.6979,5.0,1.0,,0.0,41.6979,,,,,None,
reports/signal_observer/forward_returns.jsonl,venue_agnostic_signal_observer,signal_observer,,BINANCE,KRAKEN,cross_market_move,5m,,28.0865,5.0,1.0,,0.0,28.0865,,,,,None,
reports/signal_observer/forward_returns.jsonl,venue_agnostic_signal_observer,signal_observer,,BINANCE,KRAKEN,cross_market_move,15m,,52.2904,5.0,1.0,,0.0,52.2904,,,,,None,
reports/signal_observer/forward_returns.jsonl,venue_agnostic_signal_observer,signal_observer,,BINANCE,KRAKEN,cross_market_move,1h,,15.9232,5.0,1.0,,0.0,15.9232,,,,,None,
reports/signal_observer/forward_returns.jsonl,venue_agnostic_signal_observer,signal_observer,,BINANCE,KRAKEN,cross_market_move,10s,,-6.5489,5.0,1.0,,0.0,-6.5489,,,,,None,
reports/signal_observer/forward_returns.jsonl,venue_agnostic_signal_observer,signal_observer,,BINANCE,KRAKEN,cross_market_move,30s,,31.1099,5.0,1.0,,0.0,31.1099,,,,,None,
reports/signal_observer/forward_returns.jsonl,venue_agnostic_signal_observer,signal_observer,,BINANCE,KRAKEN,cross_market_move,60s,,46.037,5.0,1.0,,0.0,46.037,,,,,None,
reports/signal_observer/forward_returns.jsonl,venue_agnostic_signal_observer,signal_observer,,BINANCE,KRAKEN,cross_market_move,5m,,36.5341,5.0,1.0,,0.0,36.5341,,,,,None,
reports/signal_observer/forward_returns.jsonl,venue_agnostic_signal_observer,signal_observer,,BINANCE,KRAKEN,cross_market_move,15m,,41.1859,5.0,1.0,,0.0,41.1859,,,,,None,
reports/signal_observer/summary.csv,venue_agnostic_signal_observer,signal_observer,,,,,10s,24,-5.4352,,,,,,,,,,,
reports/signal_observer/summary.csv,venue_agnostic_signal_observer,signal_observer,,,,,30s,24,29.3875,,,,,,,,,,,
reports/signal_observer/summary.csv,venue_agnostic_signal_observer,signal_observer,,,,,60s,24,43.8115,,,,,,,,,,,
reports/signal_observer/summary.csv,venue_agnostic_signal_observer,signal_observer,,,,,5m,24,44.842,,,,,,,,,,,
reports/signal_observer/summary.csv,venue_agnostic_signal_observer,signal_observer,,,,,15m,24,46.8813,,,,,,,,,,,
reports/signal_observer/summary.csv,venue_agnostic_signal_observer,signal_observer,,,,,1h,24,50.9104,,,,,,,,,,,
reports/signal_observer/summary.json,venue_agnostic_signal_observer,signal_observer,,,,,,24,5.0,5.0,1.0,,0.0,,,,,,,
reports/signal_observer_tick_lead_lag/by_asset.csv,venue_agnostic_signal_observer,signal_observer_tick_lead_lag,BTC-USD,,,tick_lead_lag,,0,,,,,,,,,,,,
reports/signal_observer_tick_lead_lag/by_venue_pair.csv,venue_agnostic_signal_observer,signal_observer_tick_lead_lag,,,,tick_lead_lag,,0,,,,,,,,,,,,
reports/signal_observer_tick_lead_lag/random_baseline.csv,venue_agnostic_signal_observer,signal_observer_tick_lead_lag,BTC-USD,coinbase,coinbase,tick_lead_lag,,0,,,,,,,,,,,,
reports/signal_observer_tick_lead_lag/tick_lead_lag_report.md,venue_agnostic_signal_observer,signal_observer_tick_lead_lag,,,,,,,,,,,,12.0,,,,REJECTED,,
reports/signal_observer_tick_lead_lag/tick_summary.csv,venue_agnostic_signal_observer,signal_observer_tick_lead_lag,BTC-USD,coinbase,coinbase,tick_lead_lag,1000,0,,,,,,,,,True,UNKNOWN,,
reports/signal_observer_tick_lead_lag/tick_summary.csv,venue_agnostic_signal_observer,signal_observer_tick_lead_lag,BTC-USD,coinbase,coinbase,tick_lead_lag,5000,0,,,,,,,,,True,UNKNOWN,,
reports/signal_observer_tick_lead_lag/tick_summary.csv,venue_agnostic_signal_observer,signal_observer_tick_lead_lag,BTC-USD,coinbase,coinbase,tick_lead_lag,10000,0,,,,,,,,,True,UNKNOWN,,
reports/signal_observer_tick_lead_lag/tick_summary.csv,venue_agnostic_signal_observer,signal_observer_tick_lead_lag,BTC-USD,coinbase,coinbase,tick_lead_lag,30000,0,,,,,,,,,True,UNKNOWN,,
reports/signal_observer_tick_lead_lag_v2/by_asset.csv,venue_agnostic_signal_observer,signal_observer_tick_lead_lag_v2,BTC,,,tick_lead_lag,,14,-13.9899,,,,,,,,,,,
reports/signal_observer_tick_lead_lag_v2/by_venue_pair.csv,venue_agnostic_signal_observer,signal_observer_tick_lead_lag_v2,,,,tick_lead_lag,,9,-13.9929,,,,,,,,,,,
reports/signal_observer_tick_lead_lag_v2/by_venue_pair.csv,venue_agnostic_signal_observer,signal_observer_tick_lead_lag_v2,,,,tick_lead_lag,,5,-13.9869,,,,,,,,,,,
reports/signal_observer_tick_lead_lag_v2/random_baseline.csv,venue_agnostic_signal_observer,signal_observer_tick_lead_lag_v2,BTC-USD,coinbase,kraken,tick_lead_lag,,9,-14.1804,,,,,,0.0,,,,,
reports/signal_observer_tick_lead_lag_v2/random_baseline.csv,venue_agnostic_signal_observer,signal_observer_tick_lead_lag_v2,BTC-USD,kraken,coinbase,tick_lead_lag,,5,-14.0177,,,,,,0.0,,,,,
reports/signal_observer_tick_lead_lag_v2/tick_lead_lag_report.md,venue_agnostic_signal_observer,signal_observer_tick_lead_lag_v2,,,,,,,,,,,,12.0,,,,REJECTED,,
reports/signal_observer_tick_lead_lag_v2/tick_summary.csv,venue_agnostic_signal_observer,signal_observer_tick_lead_lag_v2,BTC-USD,coinbase,kraken,tick_lead_lag,1000,1,-14.124,,,,,,0.0,,True,UNKNOWN,,
reports/signal_observer_tick_lead_lag_v2/tick_summary.csv,venue_agnostic_signal_observer,signal_observer_tick_lead_lag_v2,BTC-USD,coinbase,kraken,tick_lead_lag,1000,0,,,,,,,,,True,UNKNOWN,,
reports/signal_observer_tick_lead_lag_v2/tick_summary.csv,venue_agnostic_signal_observer,signal_observer_tick_lead_lag_v2,BTC-USD,coinbase,kraken,tick_lead_lag,5000,2,-14.0558,,,,,,0.0,,True,UNKNOWN,,
reports/signal_observer_tick_lead_lag_v2/tick_summary.csv,venue_agnostic_signal_observer,signal_observer_tick_lead_lag_v2,BTC-USD,coinbase,kraken,tick_lead_lag,5000,0,,,,,,,,,True,UNKNOWN,,
reports/signal_observer_tick_lead_lag_v2/tick_summary.csv,venue_agnostic_signal_observer,signal_observer_tick_lead_lag_v2,BTC-USD,coinbase,kraken,tick_lead_lag,10000,2,-14.0558,,,,,,0.0,,True,UNKNOWN,,
reports/signal_observer_tick_lead_lag_v2/tick_summary.csv,venue_agnostic_signal_observer,signal_observer_tick_lead_lag_v2,BTC-USD,coinbase,kraken,tick_lead_lag,10000,0,,,,,,,,,True,UNKNOWN,,
reports/signal_observer_tick_lead_lag_v2/tick_summary.csv,venue_agnostic_signal_observer,signal_observer_tick_lead_lag_v2,BTC-USD,coinbase,kraken,tick_lead_lag,30000,4,-13.7359,,,,,,0.0,,True,UNKNOWN,,
reports/signal_observer_tick_lead_lag_v2/tick_summary.csv,venue_agnostic_signal_observer,signal_observer_tick_lead_lag_v2,BTC-USD,coinbase,kraken,tick_lead_lag,30000,0,,,,,,,,,True,UNKNOWN,,
reports/signal_observer_tick_lead_lag_v2/tick_summary.csv,venue_agnostic_signal_observer,signal_observer_tick_lead_lag_v2,BTC-USD,kraken,coinbase,tick_lead_lag,1000,1,-13.9578,,,,,,0.0,,True,UNKNOWN,,
reports/signal_observer_tick_lead_lag_v2/tick_summary.csv,venue_agnostic_signal_observer,signal_observer_tick_lead_lag_v2,BTC-USD,kraken,coinbase,tick_lead_lag,1000,0,,,,,,,,,True,UNKNOWN,,
reports/signal_observer_tick_lead_lag_v2/tick_summary.csv,venue_agnostic_signal_observer,signal_observer_tick_lead_lag_v2,BTC-USD,kraken,coinbase,tick_lead_lag,5000,1,-13.9578,,,,,,0.0,,True,UNKNOWN,,
reports/signal_observer_tick_lead_lag_v2/tick_summary.csv,venue_agnostic_signal_observer,signal_observer_tick_lead_lag_v2,BTC-USD,kraken,coinbase,tick_lead_lag,5000,0,,,,,,,,,True,UNKNOWN,,
reports/signal_observer_tick_lead_lag_v2/tick_summary.csv,venue_agnostic_signal_observer,signal_observer_tick_lead_lag_v2,BTC-USD,kraken,coinbase,tick_lead_lag,10000,1,-13.9578,,,,,,0.0,,True,UNKNOWN,,
reports/signal_observer_tick_lead_lag_v2/tick_summary.csv,venue_agnostic_signal_observer,signal_observer_tick_lead_lag_v2,BTC-USD,kraken,coinbase,tick_lead_lag,10000,0,,,,,,,,,True,UNKNOWN,,
reports/signal_observer_tick_lead_lag_v2/tick_summary.csv,venue_agnostic_signal_observer,signal_observer_tick_lead_lag_v2,BTC-USD,kraken,coinbase,tick_lead_lag,30000,2,-14.0743,,,,,,0.0,,True,UNKNOWN,,
reports/signal_observer_tick_lead_lag_v2/tick_summary.csv,venue_agnostic_signal_observer,signal_observer_tick_lead_lag_v2,BTC-USD,kraken,coinbase,tick_lead_lag,30000,0,,,,,,,,,True,UNKNOWN,,
reports/signal_observer_tick_lead_lag_v2/tick_summary.json,venue_agnostic_signal_observer,signal_observer_tick_lead_lag_v2,,,,tick_lead_lag,,14,12.0,12.0,2.0,,5.0,,,,,,,
reports/signal_observer_tick_lead_lag_v2/tick_summary.json,venue_agnostic_signal_observer,signal_observer_tick_lead_lag_v2,BTC-USD,coinbase,kraken,tick_lead_lag,1000,5,-14.124,,,,,,0.0,,False,UNKNOWN,,
reports/signal_observer_tick_lead_lag_v2/tick_summary.json,venue_agnostic_signal_observer,signal_observer_tick_lead_lag_v2,BTC-USD,coinbase,kraken,tick_lead_lag,5000,10,-14.0558,,,,,,0.0,,False,UNKNOWN,,
reports/signal_observer_tick_lead_lag_v2/tick_summary.json,venue_agnostic_signal_observer,signal_observer_tick_lead_lag_v2,BTC-USD,coinbase,kraken,tick_lead_lag,10000,10,-14.0558,,,,,,0.0,,False,UNKNOWN,,
reports/signal_observer_tick_lead_lag_v2/tick_summary.json,venue_agnostic_signal_observer,signal_observer_tick_lead_lag_v2,BTC-USD,coinbase,kraken,tick_lead_lag,30000,20,-13.7359,,,,,,0.0,,True,UNKNOWN,,
reports/signal_observer_tick_lead_lag_v2/tick_summary.json,venue_agnostic_signal_observer,signal_observer_tick_lead_lag_v2,BTC-USD,kraken,coinbase,tick_lead_lag,1000,5,-13.9578,,,,,,0.0,,False,UNKNOWN,,
reports/signal_observer_tick_lead_lag_v2/tick_summary.json,venue_agnostic_signal_observer,signal_observer_tick_lead_lag_v2,BTC-USD,kraken,coinbase,tick_lead_lag,5000,5,-13.9578,,,,,,0.0,,False,UNKNOWN,,
reports/signal_observer_tick_lead_lag_v2/tick_summary.json,venue_agnostic_signal_observer,signal_observer_tick_lead_lag_v2,BTC-USD,kraken,coinbase,tick_lead_lag,10000,5,-13.9578,,,,,,0.0,,False,UNKNOWN,,
reports/signal_observer_tick_lead_lag_v2/tick_summary.json,venue_agnostic_signal_observer,signal_observer_tick_lead_lag_v2,BTC-USD,kraken,coinbase,tick_lead_lag,30000,10,-14.0743,,,,,,0.0,,False,UNKNOWN,,
reports/signal_observer_tick_lead_lag_v3/by_asset.csv,venue_agnostic_signal_observer,signal_observer_tick_lead_lag_v3,BTC,,,tick_lead_lag,,56,-12.9709,,,,,,,,,,,
reports/signal_observer_tick_lead_lag_v3/by_asset.csv,venue_agnostic_signal_observer,signal_observer_tick_lead_lag_v3,ETH,,,tick_lead_lag,,75,-13.1438,,,,,,,,,,,
reports/signal_observer_tick_lead_lag_v3/by_venue_pair.csv,venue_agnostic_signal_observer,signal_observer_tick_lead_lag_v3,,,,tick_lead_lag,,101,-13.1198,,,,,,,,,,,
reports/signal_observer_tick_lead_lag_v3/by_venue_pair.csv,venue_agnostic_signal_observer,signal_observer_tick_lead_lag_v3,,,,tick_lead_lag,,30,-12.9978,,,,,,,,,,,
reports/signal_observer_tick_lead_lag_v3/random_baseline.csv,venue_agnostic_signal_observer,signal_observer_tick_lead_lag_v3,BTC-USD,coinbase,kraken,tick_lead_lag,,39,-14.0364,,,,,,0.0,,,,,
reports/signal_observer_tick_lead_lag_v3/random_baseline.csv,venue_agnostic_signal_observer,signal_observer_tick_lead_lag_v3,ETH-USD,coinbase,kraken,tick_lead_lag,,62,-14.0554,,,,,,0.0,,,,,
reports/signal_observer_tick_lead_lag_v3/random_baseline.csv,venue_agnostic_signal_observer,signal_observer_tick_lead_lag_v3,BTC-USD,kraken,coinbase,tick_lead_lag,,17,-14.0105,,,,,,0.0,,,,,
reports/signal_observer_tick_lead_lag_v3/random_baseline.csv,venue_agnostic_signal_observer,signal_observer_tick_lead_lag_v3,ETH-USD,kraken,coinbase,tick_lead_lag,,13,-13.8509,,,,,,0.0,,,,,
reports/signal_observer_tick_lead_lag_v3/tick_lead_lag_report.md,venue_agnostic_signal_observer,signal_observer_tick_lead_lag_v3,,,,,,,,,,,,12.0,,,,REJECTED,,
reports/signal_observer_tick_lead_lag_v3/tick_summary.csv,venue_agnostic_signal_observer,signal_observer_tick_lead_lag_v3,BTC-USD,coinbase,kraken,tick_lead_lag,1000,6,-13.1044,,,,,,0.0,,True,UNKNOWN,,
reports/signal_observer_tick_lead_lag_v3/tick_summary.csv,venue_agnostic_signal_observer,signal_observer_tick_lead_lag_v3,BTC-USD,coinbase,kraken,tick_lead_lag,1000,0,,,,,,,,,True,UNKNOWN,,
reports/signal_observer_tick_lead_lag_v3/tick_summary.csv,venue_agnostic_signal_observer,signal_observer_tick_lead_lag_v3,BTC-USD,coinbase,kraken,tick_lead_lag,5000,6,-13.1044,,,,,,0.0,,True,UNKNOWN,,
reports/signal_observer_tick_lead_lag_v3/tick_summary.csv,venue_agnostic_signal_observer,signal_observer_tick_lead_lag_v3,BTC-USD,coinbase,kraken,tick_lead_lag,5000,0,,,,,,,,,True,UNKNOWN,,
reports/signal_observer_tick_lead_lag_v3/tick_summary.csv,venue_agnostic_signal_observer,signal_observer_tick_lead_lag_v3,BTC-USD,coinbase,kraken,tick_lead_lag,10000,6,-13.071,,,,,,0.0,,True,UNKNOWN,,
reports/signal_observer_tick_lead_lag_v3/tick_summary.csv,venue_agnostic_signal_observer,signal_observer_tick_lead_lag_v3,BTC-USD,coinbase,kraken,tick_lead_lag,10000,0,,,,,,,,,True,UNKNOWN,,
reports/signal_observer_tick_lead_lag_v3/tick_summary.csv,venue_agnostic_signal_observer,signal_observer_tick_lead_lag_v3,BTC-USD,coinbase,kraken,tick_lead_lag,30000,21,-13.2433,,,,,,0.0,,True,UNKNOWN,,
reports/signal_observer_tick_lead_lag_v3/tick_summary.csv,venue_agnostic_signal_observer,signal_observer_tick_lead_lag_v3,BTC-USD,coinbase,kraken,tick_lead_lag,30000,0,,,,,,,,,True,UNKNOWN,,
reports/signal_observer_tick_lead_lag_v3/tick_summary.csv,venue_agnostic_signal_observer,signal_observer_tick_lead_lag_v3,ETH-USD,coinbase,kraken,tick_lead_lag,1000,5,-12.7586,,,,,,0.0,,True,UNKNOWN,,
reports/signal_observer_tick_lead_lag_v3/tick_summary.csv,venue_agnostic_signal_observer,signal_observer_tick_lead_lag_v3,ETH-USD,coinbase,kraken,tick_lead_lag,1000,0,,,,,,,,,True,UNKNOWN,,
reports/signal_observer_tick_lead_lag_v3/tick_summary.csv,venue_agnostic_signal_observer,signal_observer_tick_lead_lag_v3,ETH-USD,coinbase,kraken,tick_lead_lag,5000,10,-13.0955,,,,,,0.0,,True,UNKNOWN,,
reports/signal_observer_tick_lead_lag_v3/tick_summary.csv,venue_agnostic_signal_observer,signal_observer_tick_lead_lag_v3,ETH-USD,coinbase,kraken,tick_lead_lag,5000,0,,,,,,,,,True,UNKNOWN,,
reports/signal_observer_tick_lead_lag_v3/tick_summary.csv,venue_agnostic_signal_observer,signal_observer_tick_lead_lag_v3,ETH-USD,coinbase,kraken,tick_lead_lag,10000,15,-13.396,,,,,,0.0,,True,UNKNOWN,,
reports/signal_observer_tick_lead_lag_v3/tick_summary.csv,venue_agnostic_signal_observer,signal_observer_tick_lead_lag_v3,ETH-USD,coinbase,kraken,tick_lead_lag,10000,0,,,,,,,,,True,UNKNOWN,,
reports/signal_observer_tick_lead_lag_v3/tick_summary.csv,venue_agnostic_signal_observer,signal_observer_tick_lead_lag_v3,ETH-USD,coinbase,kraken,tick_lead_lag,30000,29,-13.3641,,,,,,0.0,,True,UNKNOWN,,
reports/signal_observer_tick_lead_lag_v3/tick_summary.csv,venue_agnostic_signal_observer,signal_observer_tick_lead_lag_v3,ETH-USD,coinbase,kraken,tick_lead_lag,30000,3,-12.9413,,,,,,0.0,,True,UNKNOWN,,
reports/signal_observer_tick_lead_lag_v3/tick_summary.csv,venue_agnostic_signal_observer,signal_observer_tick_lead_lag_v3,ETH-USD,coinbase,kraken,tick_lead_lag,30000,0,,,,,,,,,True,UNKNOWN,,
reports/signal_observer_tick_lead_lag_v3/tick_summary.csv,venue_agnostic_signal_observer,signal_observer_tick_lead_lag_v3,BTC-USD,kraken,coinbase,tick_lead_lag,1000,2,-12.2841,,,,,,0.0,,True,UNKNOWN,,
reports/signal_observer_tick_lead_lag_v3/tick_summary.csv,venue_agnostic_signal_observer,signal_observer_tick_lead_lag_v3,BTC-USD,kraken,coinbase,tick_lead_lag,1000,0,,,,,,,,,True,UNKNOWN,,
reports/signal_observer_tick_lead_lag_v3/tick_summary.csv,venue_agnostic_signal_observer,signal_observer_tick_lead_lag_v3,BTC-USD,kraken,coinbase,tick_lead_lag,5000,3,-12.6901,,,,,,0.0,,True,UNKNOWN,,
reports/signal_observer_tick_lead_lag_v3/tick_summary.csv,venue_agnostic_signal_observer,signal_observer_tick_lead_lag_v3,BTC-USD,kraken,coinbase,tick_lead_lag,5000,0,,,,,,,,,True,UNKNOWN,,
reports/signal_observer_tick_lead_lag_v3/tick_summary.csv,venue_agnostic_signal_observer,signal_observer_tick_lead_lag_v3,BTC-USD,kraken,coinbase,tick_lead_lag,10000,4,-13.0432,,,,,,0.0,,True,UNKNOWN,,
reports/signal_observer_tick_lead_lag_v3/tick_summary.csv,venue_agnostic_signal_observer,signal_observer_tick_lead_lag_v3,BTC-USD,kraken,coinbase,tick_lead_lag,10000,0,,,,,,,,,True,UNKNOWN,,
reports/signal_observer_tick_lead_lag_v3/tick_summary.csv,venue_agnostic_signal_observer,signal_observer_tick_lead_lag_v3,BTC-USD,kraken,coinbase,tick_lead_lag,30000,8,-13.2264,,,,,,0.0,,True,UNKNOWN,,
reports/signal_observer_tick_lead_lag_v3/tick_summary.csv,venue_agnostic_signal_observer,signal_observer_tick_lead_lag_v3,BTC-USD,kraken,coinbase,tick_lead_lag,30000,0,,,,,,,,,True,UNKNOWN,,
reports/signal_observer_tick_lead_lag_v3/tick_summary.csv,venue_agnostic_signal_observer,signal_observer_tick_lead_lag_v3,ETH-USD,kraken,coinbase,tick_lead_lag,1000,2,-13.2079,,,,,,0.0,,True,UNKNOWN,,
reports/signal_observer_tick_lead_lag_v3/tick_summary.csv,venue_agnostic_signal_observer,signal_observer_tick_lead_lag_v3,ETH-USD,kraken,coinbase,tick_lead_lag,1000,0,,,,,,,,,True,UNKNOWN,,
reports/signal_observer_tick_lead_lag_v3/tick_summary.csv,venue_agnostic_signal_observer,signal_observer_tick_lead_lag_v3,ETH-USD,kraken,coinbase,tick_lead_lag,5000,2,-13.2079,,,,,,0.0,,True,UNKNOWN,,
reports/signal_observer_tick_lead_lag_v3/tick_summary.csv,venue_agnostic_signal_observer,signal_observer_tick_lead_lag_v3,ETH-USD,kraken,coinbase,tick_lead_lag,5000,0,,,,,,,,,True,UNKNOWN,,
reports/signal_observer_tick_lead_lag_v3/tick_summary.csv,venue_agnostic_signal_observer,signal_observer_tick_lead_lag_v3,ETH-USD,kraken,coinbase,tick_lead_lag,10000,2,-13.2079,,,,,,0.0,,True,UNKNOWN,,
reports/signal_observer_tick_lead_lag_v3/tick_summary.csv,venue_agnostic_signal_observer,signal_observer_tick_lead_lag_v3,ETH-USD,kraken,coinbase,tick_lead_lag,10000,0,,,,,,,,,True,UNKNOWN,,
reports/signal_observer_tick_lead_lag_v3/tick_summary.csv,venue_agnostic_signal_observer,signal_observer_tick_lead_lag_v3,ETH-USD,kraken,coinbase,tick_lead_lag,30000,7,-13.1147,,,,,,0.0,,True,UNKNOWN,,
reports/signal_observer_tick_lead_lag_v3/tick_summary.csv,venue_agnostic_signal_observer,signal_observer_tick_lead_lag_v3,ETH-USD,kraken,coinbase,tick_lead_lag,30000,0,,,,,,,,,True,UNKNOWN,,
reports/signal_observer_tick_lead_lag_v3/tick_summary.json,venue_agnostic_signal_observer,signal_observer_tick_lead_lag_v3,,,,tick_lead_lag,,131,12.0,12.0,2.0,,5.0,,,,,,,
reports/signal_observer_tick_lead_lag_v3/tick_summary.json,venue_agnostic_signal_observer,signal_observer_tick_lead_lag_v3,BTC-USD,coinbase,kraken,tick_lead_lag,1000,30,-13.1044,,,,,,0.0,,False,UNKNOWN,,
reports/signal_observer_tick_lead_lag_v3/tick_summary.json,venue_agnostic_signal_observer,signal_observer_tick_lead_lag_v3,BTC-USD,coinbase,kraken,tick_lead_lag,5000,30,-13.1044,,,,,,0.0,,False,UNKNOWN,,
reports/signal_observer_tick_lead_lag_v3/tick_summary.json,venue_agnostic_signal_observer,signal_observer_tick_lead_lag_v3,BTC-USD,coinbase,kraken,tick_lead_lag,10000,29,-13.071,,,,,,0.0,,False,UNKNOWN,,
reports/signal_observer_tick_lead_lag_v3/tick_summary.json,venue_agnostic_signal_observer,signal_observer_tick_lead_lag_v3,BTC-USD,coinbase,kraken,tick_lead_lag,30000,105,-13.2433,,,,,,0.0,,False,UNKNOWN,,
reports/signal_observer_tick_lead_lag_v3/tick_summary.json,venue_agnostic_signal_observer,signal_observer_tick_lead_lag_v3,ETH-USD,coinbase,kraken,tick_lead_lag,1000,25,-12.7586,,,,,,0.0,,False,UNKNOWN,,
reports/signal_observer_tick_lead_lag_v3/tick_summary.json,venue_agnostic_signal_observer,signal_observer_tick_lead_lag_v3,ETH-USD,coinbase,kraken,tick_lead_lag,5000,45,-13.0955,,,,,,0.0,,False,UNKNOWN,,
reports/signal_observer_tick_lead_lag_v3/tick_summary.json,venue_agnostic_signal_observer,signal_observer_tick_lead_lag_v3,ETH-USD,coinbase,kraken,tick_lead_lag,10000,70,-13.396,,,,,,0.0,,False,UNKNOWN,,
reports/signal_observer_tick_lead_lag_v3/tick_summary.json,venue_agnostic_signal_observer,signal_observer_tick_lead_lag_v3,ETH-USD,coinbase,kraken,tick_lead_lag,30000,140,-13.3641,,,,,,0.0,,False,UNKNOWN,,
reports/signal_observer_tick_lead_lag_v3/tick_summary.json,venue_agnostic_signal_observer,signal_observer_tick_lead_lag_v3,ETH-USD,coinbase,kraken,tick_lead_lag,30000,15,-12.9413,,,,,,0.0,,False,UNKNOWN,,
reports/signal_observer_tick_lead_lag_v3/tick_summary.json,venue_agnostic_signal_observer,signal_observer_tick_lead_lag_v3,BTC-USD,kraken,coinbase,tick_lead_lag,1000,10,-12.2841,,,,,,0.0,,True,UNKNOWN,,
reports/signal_observer_tick_lead_lag_v3/tick_summary.json,venue_agnostic_signal_observer,signal_observer_tick_lead_lag_v3,BTC-USD,kraken,coinbase,tick_lead_lag,5000,15,-12.6901,,,,,,0.0,,True,UNKNOWN,,
reports/signal_observer_tick_lead_lag_v3/tick_summary.json,venue_agnostic_signal_observer,signal_observer_tick_lead_lag_v3,BTC-USD,kraken,coinbase,tick_lead_lag,10000,20,-13.0432,,,,,,0.0,,False,UNKNOWN,,
reports/signal_observer_tick_lead_lag_v3/tick_summary.json,venue_agnostic_signal_observer,signal_observer_tick_lead_lag_v3,BTC-USD,kraken,coinbase,tick_lead_lag,30000,40,-13.2264,,,,,,0.0,,False,UNKNOWN,,
reports/signal_observer_tick_lead_lag_v3/tick_summary.json,venue_agnostic_signal_observer,signal_observer_tick_lead_lag_v3,ETH-USD,kraken,coinbase,tick_lead_lag,1000,10,-13.2079,,,,,,0.0,,False,UNKNOWN,,
reports/signal_observer_tick_lead_lag_v3/tick_summary.json,venue_agnostic_signal_observer,signal_observer_tick_lead_lag_v3,ETH-USD,kraken,coinbase,tick_lead_lag,5000,10,-13.2079,,,,,,0.0,,False,UNKNOWN,,
reports/signal_observer_tick_lead_lag_v3/tick_summary.json,venue_agnostic_signal_observer,signal_observer_tick_lead_lag_v3,ETH-USD,kraken,coinbase,tick_lead_lag,10000,10,-13.2079,,,,,,0.0,,False,UNKNOWN,,
reports/signal_observer_tick_lead_lag_v3/tick_summary.json,venue_agnostic_signal_observer,signal_observer_tick_lead_lag_v3,ETH-USD,kraken,coinbase,tick_lead_lag,30000,35,-13.1147,,,,,,0.0,,False,UNKNOWN,,
reports/trade_flow_impulse_v1/by_signal_type.csv,venue_agnostic_signal_observer,trade_flow_impulse_v1,,,,count_burst,,0,,,,,,,,,,,,
reports/trade_flow_impulse_v1/by_signal_type.csv,venue_agnostic_signal_observer,trade_flow_impulse_v1,,,,large_trade,,748,-14.0412,,,,,,,,,,,
reports/trade_flow_impulse_v1/by_signal_type.csv,venue_agnostic_signal_observer,trade_flow_impulse_v1,,,,notional_burst,,442,-13.9632,,,,,,,,,,,
reports/trade_flow_impulse_v1/by_signal_type.csv,venue_agnostic_signal_observer,trade_flow_impulse_v1,,,,signed_imbalance,,708,-14.0158,,,,,,,,,,,
reports/trade_flow_impulse_v1/by_venue_pair.csv,venue_agnostic_signal_observer,trade_flow_impulse_v1,,,,trade_flow_impulse,,1337,,,,,,,,,,,,
reports/trade_flow_impulse_v1/by_venue_pair.csv,venue_agnostic_signal_observer,trade_flow_impulse_v1,,,,trade_flow_impulse,,561,,,,,,,,,,,,
reports/trade_flow_impulse_v1/random_baseline.csv,venue_agnostic_signal_observer,trade_flow_impulse_v1,ETH/USD,kraken,coinbase,trade_flow_impulse,,198,-13.8442,,,,,,0.0,,,,,
reports/trade_flow_impulse_v1/tick_summary.csv,venue_agnostic_signal_observer,trade_flow_impulse_v1,BTC/USD,coinbase,kraken,count_burst,1000,0,,,,,,,,,,,,
reports/trade_flow_impulse_v1/tick_summary.csv,venue_agnostic_signal_observer,trade_flow_impulse_v1,BTC/USD,coinbase,kraken,count_burst,5000,0,,,,,,,,,,,,
reports/trade_flow_impulse_v1/tick_summary.csv,venue_agnostic_signal_observer,trade_flow_impulse_v1,BTC/USD,coinbase,kraken,count_burst,10000,0,,,,,,,,,,,,
reports/trade_flow_impulse_v1/tick_summary.csv,venue_agnostic_signal_observer,trade_flow_impulse_v1,BTC/USD,coinbase,kraken,count_burst,30000,0,,,,,,,,,,,,
reports/trade_flow_impulse_v1/tick_summary.csv,venue_agnostic_signal_observer,trade_flow_impulse_v1,BTC/USD,coinbase,kraken,notional_burst,1000,78,-14.0277,,,,,,0.0,,,,,
reports/trade_flow_impulse_v1/tick_summary.csv,venue_agnostic_signal_observer,trade_flow_impulse_v1,BTC/USD,coinbase,kraken,notional_burst,5000,43,-13.8608,,,,,,0.0,,,,,
reports/trade_flow_impulse_v1/tick_summary.csv,venue_agnostic_signal_observer,trade_flow_impulse_v1,BTC/USD,coinbase,kraken,notional_burst,10000,30,-13.8216,,,,,,0.0,,,,,
reports/trade_flow_impulse_v1/tick_summary.csv,venue_agnostic_signal_observer,trade_flow_impulse_v1,BTC/USD,coinbase,kraken,notional_burst,30000,5,-13.9568,,,,,,0.0,,,,,
reports/trade_flow_impulse_v1/tick_summary.csv,venue_agnostic_signal_observer,trade_flow_impulse_v1,BTC/USD,coinbase,kraken,large_trade,1000,74,-14.0195,,,,,,0.0,,,,,
reports/trade_flow_impulse_v1/tick_summary.csv,venue_agnostic_signal_observer,trade_flow_impulse_v1,BTC/USD,coinbase,kraken,large_trade,5000,74,-14.0195,,,,,,0.0,,,,,
reports/trade_flow_impulse_v1/tick_summary.csv,venue_agnostic_signal_observer,trade_flow_impulse_v1,BTC/USD,coinbase,kraken,large_trade,10000,74,-14.0195,,,,,,0.0,,,,,
reports/trade_flow_impulse_v1/tick_summary.csv,venue_agnostic_signal_observer,trade_flow_impulse_v1,BTC/USD,coinbase,kraken,large_trade,30000,74,-14.0195,,,,,,0.0,,,,,
reports/trade_flow_impulse_v1/tick_summary.csv,venue_agnostic_signal_observer,trade_flow_impulse_v1,BTC/USD,coinbase,kraken,signed_imbalance,1000,73,-13.9742,,,,,,0.0,,,,,
reports/trade_flow_impulse_v1/tick_summary.csv,venue_agnostic_signal_observer,trade_flow_impulse_v1,BTC/USD,coinbase,kraken,signed_imbalance,5000,79,-13.9798,,,,,,0.0,,,,,
reports/trade_flow_impulse_v1/tick_summary.csv,venue_agnostic_signal_observer,trade_flow_impulse_v1,BTC/USD,coinbase,kraken,signed_imbalance,10000,73,-14.1441,,,,,,0.0,,,,,
reports/trade_flow_impulse_v1/tick_summary.csv,venue_agnostic_signal_observer,trade_flow_impulse_v1,BTC/USD,coinbase,kraken,signed_imbalance,30000,39,-14.178,,,,,,0.0,,,,,
reports/trade_flow_impulse_v1/tick_summary.csv,venue_agnostic_signal_observer,trade_flow_impulse_v1,ETH/USD,coinbase,kraken,count_burst,1000,0,,,,,,,,,,,,
reports/trade_flow_impulse_v1/tick_summary.csv,venue_agnostic_signal_observer,trade_flow_impulse_v1,ETH/USD,coinbase,kraken,count_burst,5000,0,,,,,,,,,,,,
reports/trade_flow_impulse_v1/tick_summary.csv,venue_agnostic_signal_observer,trade_flow_impulse_v1,ETH/USD,coinbase,kraken,count_burst,10000,0,,,,,,,,,,,,
reports/trade_flow_impulse_v1/tick_summary.csv,venue_agnostic_signal_observer,trade_flow_impulse_v1,ETH/USD,coinbase,kraken,count_burst,30000,0,,,,,,,,,,,,
reports/trade_flow_impulse_v1/tick_summary.csv,venue_agnostic_signal_observer,trade_flow_impulse_v1,ETH/USD,coinbase,kraken,notional_burst,1000,59,-14.0378,,,,,,0.0,,,,,
reports/trade_flow_impulse_v1/tick_summary.csv,venue_agnostic_signal_observer,trade_flow_impulse_v1,ETH/USD,coinbase,kraken,notional_burst,5000,41,-13.7534,,,,,,0.0,,,,,
reports/trade_flow_impulse_v1/tick_summary.csv,venue_agnostic_signal_observer,trade_flow_impulse_v1,ETH/USD,coinbase,kraken,notional_burst,10000,18,-14.4566,,,,,,0.0,,,,,
reports/trade_flow_impulse_v1/tick_summary.csv,venue_agnostic_signal_observer,trade_flow_impulse_v1,ETH/USD,coinbase,kraken,notional_burst,30000,6,-14.1339,,,,,,0.0,,,,,
reports/trade_flow_impulse_v1/tick_summary.csv,venue_agnostic_signal_observer,trade_flow_impulse_v1,ETH/USD,coinbase,kraken,large_trade,1000,62,-14.1631,,,,,,0.0,,,,,
reports/trade_flow_impulse_v1/tick_summary.csv,venue_agnostic_signal_observer,trade_flow_impulse_v1,ETH/USD,coinbase,kraken,large_trade,5000,62,-14.1631,,,,,,0.0,,,,,
reports/trade_flow_impulse_v1/tick_summary.csv,venue_agnostic_signal_observer,trade_flow_impulse_v1,ETH/USD,coinbase,kraken,large_trade,10000,62,-14.1631,,,,,,0.0,,,,,
reports/trade_flow_impulse_v1/tick_summary.csv,venue_agnostic_signal_observer,trade_flow_impulse_v1,ETH/USD,coinbase,kraken,large_trade,30000,62,-14.1631,,,,,,0.0,,,,,
reports/trade_flow_impulse_v1/tick_summary.csv,venue_agnostic_signal_observer,trade_flow_impulse_v1,ETH/USD,coinbase,kraken,signed_imbalance,1000,59,-14.1628,,,,,,0.0,,,,,
reports/trade_flow_impulse_v1/tick_summary.csv,venue_agnostic_signal_observer,trade_flow_impulse_v1,ETH/USD,coinbase,kraken,signed_imbalance,5000,70,-14.1752,,,,,,0.0,,,,,
reports/trade_flow_impulse_v1/tick_summary.csv,venue_agnostic_signal_observer,trade_flow_impulse_v1,ETH/USD,coinbase,kraken,signed_imbalance,10000,66,-14.0984,,,,,,0.0,,,,,
reports/trade_flow_impulse_v1/tick_summary.csv,venue_agnostic_signal_observer,trade_flow_impulse_v1,ETH/USD,coinbase,kraken,signed_imbalance,30000,54,-14.2011,,,,,,0.0,,,,,
reports/trade_flow_impulse_v1/tick_summary.csv,venue_agnostic_signal_observer,trade_flow_impulse_v1,BTC/USD,kraken,coinbase,count_burst,1000,0,,,,,,,,,,,,
reports/trade_flow_impulse_v1/tick_summary.csv,venue_agnostic_signal_observer,trade_flow_impulse_v1,BTC/USD,kraken,coinbase,count_burst,5000,0,,,,,,,,,,,,
reports/trade_flow_impulse_v1/tick_summary.csv,venue_agnostic_signal_observer,trade_flow_impulse_v1,BTC/USD,kraken,coinbase,count_burst,10000,0,,,,,,,,,,,,
reports/trade_flow_impulse_v1/tick_summary.csv,venue_agnostic_signal_observer,trade_flow_impulse_v1,BTC/USD,kraken,coinbase,count_burst,30000,0,,,,,,,,,,,,
reports/trade_flow_impulse_v1/tick_summary.csv,venue_agnostic_signal_observer,trade_flow_impulse_v1,BTC/USD,kraken,coinbase,notional_burst,1000,33,-13.7168,,,,,,0.0,,,,,
reports/trade_flow_impulse_v1/tick_summary.csv,venue_agnostic_signal_observer,trade_flow_impulse_v1,BTC/USD,kraken,coinbase,notional_burst,5000,32,-14.0068,,,,,,0.0,,,,,
reports/trade_flow_impulse_v1/tick_summary.csv,venue_agnostic_signal_observer,trade_flow_impulse_v1,BTC/USD,kraken,coinbase,notional_burst,10000,25,-14.0916,,,,,,0.0,,,,,
reports/trade_flow_impulse_v1/tick_summary.csv,venue_agnostic_signal_observer,trade_flow_impulse_v1,BTC/USD,kraken,coinbase,notional_burst,30000,11,-13.6927,,,,,,0.0,,,,,
reports/trade_flow_impulse_v1/tick_summary.csv,venue_agnostic_signal_observer,trade_flow_impulse_v1,BTC/USD,kraken,coinbase,large_trade,1000,31,-13.9175,,,,,,0.0,,,,,
reports/trade_flow_impulse_v1/tick_summary.csv,venue_agnostic_signal_observer,trade_flow_impulse_v1,BTC/USD,kraken,coinbase,large_trade,5000,31,-13.9175,,,,,,0.0,,,,,
reports/trade_flow_impulse_v1/tick_summary.csv,venue_agnostic_signal_observer,trade_flow_impulse_v1,BTC/USD,kraken,coinbase,large_trade,10000,31,-13.9175,,,,,,0.0,,,,,
reports/trade_flow_impulse_v1/tick_summary.csv,venue_agnostic_signal_observer,trade_flow_impulse_v1,BTC/USD,kraken,coinbase,large_trade,30000,31,-13.9175,,,,,,0.0,,,,,
reports/trade_flow_impulse_v1/tick_summary.csv,venue_agnostic_signal_observer,trade_flow_impulse_v1,BTC/USD,kraken,coinbase,signed_imbalance,1000,19,-13.6595,,,,,,0.0,,,,,
reports/trade_flow_impulse_v1/tick_summary.csv,venue_agnostic_signal_observer,trade_flow_impulse_v1,BTC/USD,kraken,coinbase,signed_imbalance,5000,33,-13.7346,,,,,,0.0,,,,,
reports/trade_flow_impulse_v1/tick_summary.csv,venue_agnostic_signal_observer,trade_flow_impulse_v1,BTC/USD,kraken,coinbase,signed_imbalance,10000,42,-13.7347,,,,,,0.0,,,,,
reports/trade_flow_impulse_v1/tick_summary.csv,venue_agnostic_signal_observer,trade_flow_impulse_v1,BTC/USD,kraken,coinbase,signed_imbalance,30000,44,-13.879,,,,,,0.0,,,,,
reports/trade_flow_impulse_v1/tick_summary.csv,venue_agnostic_signal_observer,trade_flow_impulse_v1,ETH/USD,kraken,coinbase,count_burst,1000,0,,,,,,,,,,,,
reports/trade_flow_impulse_v1/tick_summary.csv,venue_agnostic_signal_observer,trade_flow_impulse_v1,ETH/USD,kraken,coinbase,count_burst,5000,0,,,,,,,,,,,,
reports/trade_flow_impulse_v1/tick_summary.csv,venue_agnostic_signal_observer,trade_flow_impulse_v1,ETH/USD,kraken,coinbase,count_burst,10000,0,,,,,,,,,,,,
reports/trade_flow_impulse_v1/tick_summary.csv,venue_agnostic_signal_observer,trade_flow_impulse_v1,ETH/USD,kraken,coinbase,count_burst,30000,0,,,,,,,,,,,,
reports/trade_flow_impulse_v1/tick_summary.csv,venue_agnostic_signal_observer,trade_flow_impulse_v1,ETH/USD,kraken,coinbase,notional_burst,1000,17,-14.072,,,,,,0.0,,,,,
reports/trade_flow_impulse_v1/tick_summary.csv,venue_agnostic_signal_observer,trade_flow_impulse_v1,ETH/USD,kraken,coinbase,notional_burst,5000,18,-13.9817,,,,,,0.0,,,,,
reports/trade_flow_impulse_v1/tick_summary.csv,venue_agnostic_signal_observer,trade_flow_impulse_v1,ETH/USD,kraken,coinbase,notional_burst,10000,17,-14.0168,,,,,,0.0,,,,,
reports/trade_flow_impulse_v1/tick_summary.csv,venue_agnostic_signal_observer,trade_flow_impulse_v1,ETH/USD,kraken,coinbase,notional_burst,30000,9,-13.7838,,,,,,0.0,,,,,
reports/trade_flow_impulse_v1/tick_summary.csv,venue_agnostic_signal_observer,trade_flow_impulse_v1,ETH/USD,kraken,coinbase,large_trade,1000,20,-14.0647,,,,,,0.0,,,,,
reports/trade_flow_impulse_v1/tick_summary.csv,venue_agnostic_signal_observer,trade_flow_impulse_v1,ETH/USD,kraken,coinbase,large_trade,5000,20,-14.0647,,,,,,0.0,,,,,
reports/trade_flow_impulse_v1/tick_summary.csv,venue_agnostic_signal_observer,trade_flow_impulse_v1,ETH/USD,kraken,coinbase,large_trade,10000,20,-14.0647,,,,,,0.0,,,,,
reports/trade_flow_impulse_v1/tick_summary.csv,venue_agnostic_signal_observer,trade_flow_impulse_v1,ETH/USD,kraken,coinbase,large_trade,30000,20,-14.0647,,,,,,0.0,,,,,
reports/trade_flow_impulse_v1/tick_summary.csv,venue_agnostic_signal_observer,trade_flow_impulse_v1,ETH/USD,kraken,coinbase,signed_imbalance,1000,4,-14.3557,,,,,,0.0,,,,,
reports/trade_flow_impulse_v1/tick_summary.csv,venue_agnostic_signal_observer,trade_flow_impulse_v1,ETH/USD,kraken,coinbase,signed_imbalance,5000,12,-14.0118,,,,,,0.0,,,,,
reports/trade_flow_impulse_v1/tick_summary.csv,venue_agnostic_signal_observer,trade_flow_impulse_v1,ETH/USD,kraken,coinbase,signed_imbalance,10000,13,-14.0717,,,,,,0.0,,,,,
reports/trade_flow_impulse_v1/tick_summary.csv,venue_agnostic_signal_observer,trade_flow_impulse_v1,ETH/USD,kraken,coinbase,signed_imbalance,30000,28,-13.8929,,,,,,0.0,,,,,
reports/trade_flow_impulse_v1/tick_summary.json,venue_agnostic_signal_observer,trade_flow_impulse_v1,,,,trade_flow_impulse,,1898,12.0,12.0,2.0,,5.0,,,,,,,
reports/trade_flow_impulse_v1/tick_summary.json,venue_agnostic_signal_observer,trade_flow_impulse_v1,BTC/USD,coinbase,kraken,trade_flow_impulse,,716,,,,,,,,,,,,
reports/trade_flow_impulse_v1/tick_summary.json,venue_agnostic_signal_observer,trade_flow_impulse_v1,ETH/USD,coinbase,kraken,trade_flow_impulse,,621,,,,,,,,,,,,
reports/trade_flow_impulse_v1/tick_summary.json,venue_agnostic_signal_observer,trade_flow_impulse_v1,BTC/USD,kraken,coinbase,trade_flow_impulse,,363,,,,,,,,,,,,
reports/trade_flow_impulse_v1/trade_flow_impulse_report.md,venue_agnostic_signal_observer,trade_flow_impulse_v1,,,,,,,,,,,,12.0,,,,REJECTED,,
reports/v6_market_structure/funding_basis_alt_summary.json,kraken_market_structure_scanner,v6_market_structure,DOGE,,,,,,-154.0,,,,,,,,False,UNKNOWN,USD_USDT_mismatch,
reports/v6_market_structure/funding_basis_alt_summary.json,kraken_market_structure_scanner,v6_market_structure,AVAX,,,,,,-154.0,,,,,,,,False,UNKNOWN,USD_USDT_mismatch,
