source_venue,target_venue,symbol,signal_type,lookback_ms,horizon_ms,oi_bucket,capture_mode,captures_seen,finite_mean_raw_captures,positive_mean_raw_captures,positive_mean_net_captures,mean_of_mean_raw_bps,median_of_mean_raw_bps,mean_of_mean_net_bps,median_of_mean_net_bps,best_raw_bps,worst_raw_bps,best_net_bps,worst_net_bps,mean_win_rate,median_win_rate,total_valid_count,min_valid_count,max_valid_count,consistency_score,diagnostic_label
binance_perp,coinbase,,signed_imbalance,10000,300000,,FAST_DIAGNOSTIC,1,1,1,0,50.6416,50.6416,-26.6029,-26.6029,50.6416,50.6416,-26.6029,-26.6029,0.5,0.5,40,40,40,0.55,cost-wall constrained
binance_perp,coinbase,,notional_burst,5000,300000,,FAST_DIAGNOSTIC,1,1,1,0,49.481,49.481,-41.8113,-41.8113,49.481,49.481,-41.8113,-41.8113,0.4667,0.4667,15,15,15,0.55,cost-wall constrained
binance_perp,coinbase,,notional_burst,2000,300000,,FAST_DIAGNOSTIC,1,1,1,0,47.4985,47.4985,-33.2955,-33.2955,47.4985,47.4985,-33.2955,-33.2955,0.4242,0.4242,66,66,66,0.55,cost-wall constrained
binance_perp,coinbase,,signed_imbalance,30000,300000,,FAST_DIAGNOSTIC,1,1,1,0,45.8689,45.8689,-9.3855,-9.3855,45.8689,45.8689,-9.3855,-9.3855,0.5,0.5,16,16,16,0.55,cost-wall constrained
binance_perp,coinbase,,signed_imbalance,5000,300000,,FAST_DIAGNOSTIC,1,1,1,0,44.3949,44.3949,-35.0005,-35.0005,44.3949,44.3949,-35.0005,-35.0005,0.3333,0.3333,78,78,78,0.55,cost-wall constrained
binance_perp,coinbase,,notional_burst,1000,300000,,FAST_DIAGNOSTIC,1,1,1,0,42.4856,42.4856,-38.4709,-38.4709,42.4856,42.4856,-38.4709,-38.4709,0.3107,0.3107,103,103,103,0.55,cost-wall constrained
binance_perp,coinbase,,notional_burst,500,300000,,FAST_DIAGNOSTIC,1,1,1,0,42.4698,42.4698,-33.7524,-33.7524,42.4698,42.4698,-33.7524,-33.7524,0.3421,0.3421,114,114,114,0.55,cost-wall constrained
binance_perp,coinbase,,signed_imbalance,500,300000,,FAST_DIAGNOSTIC,1,1,1,0,42.2314,42.2314,-46.7408,-46.7408,42.2314,42.2314,-46.7408,-46.7408,0.2712,0.2712,118,118,118,0.55,cost-wall constrained
binance_perp,coinbase,,signed_imbalance,2000,300000,,FAST_DIAGNOSTIC,1,1,1,0,42.2188,42.2188,-38.5025,-38.5025,42.2188,42.2188,-38.5025,-38.5025,0.3178,0.3178,107,107,107,0.55,cost-wall constrained
binance_perp,coinbase,,signed_imbalance,250,300000,,FAST_DIAGNOSTIC,1,1,1,0,42.1622,42.1622,-50.4651,-50.4651,42.1622,42.1622,-50.4651,-50.4651,0.2458,0.2458,118,118,118,0.55,cost-wall constrained
binance_perp,coinbase,,notional_burst,250,300000,,FAST_DIAGNOSTIC,1,1,1,0,41.921,41.921,-38.8692,-38.8692,41.921,41.921,-38.8692,-38.8692,0.2966,0.2966,118,118,118,0.55,cost-wall constrained
binance_perp,coinbase,,signed_imbalance,1000,300000,,FAST_DIAGNOSTIC,1,1,1,0,41.7463,41.7463,-44.4078,-44.4078,41.7463,41.7463,-44.4078,-44.4078,0.2586,0.2586,116,116,116,0.55,cost-wall constrained
binance_perp,coinbase,,large_trade,250,300000,,FAST_DIAGNOSTIC,1,1,1,0,41.3288,41.3288,-54.6206,-54.6206,41.3288,41.3288,-54.6206,-54.6206,0.225,0.225,840,840,840,0.55,cost-wall constrained
binance_perp,coinbase,,notional_burst,10000,300000,,FAST_DIAGNOSTIC,1,1,1,0,27.297,27.297,-47.2122,-47.2122,27.297,27.297,-47.2122,-47.2122,0.3333,0.3333,6,6,6,0.55,cost-wall constrained
binance_perp,coinbase,,signed_imbalance,10000,60000,,FAST_DIAGNOSTIC,1,1,1,0,8.863,8.863,-46.9677,-46.9677,8.863,8.863,-46.9677,-46.9677,0.0,0.0,48,48,48,0.55,cost-wall constrained
binance_perp,coinbase,,signed_imbalance,30000,60000,,FAST_DIAGNOSTIC,1,1,1,0,7.9302,7.9302,-42.2926,-42.2926,7.9302,7.9302,-42.2926,-42.2926,0.0,0.0,16,16,16,0.55,cost-wall constrained
binance_perp,coinbase,,notional_burst,5000,60000,,FAST_DIAGNOSTIC,1,1,1,0,6.5567,6.5567,-54.3058,-54.3058,6.5567,6.5567,-54.3058,-54.3058,0.0,0.0,18,18,18,0.55,cost-wall constrained
binance_perp,coinbase,,signed_imbalance,5000,60000,,FAST_DIAGNOSTIC,1,1,1,0,5.8472,5.8472,-49.5673,-49.5673,5.8472,5.8472,-49.5673,-49.5673,0.0,0.0,106,106,106,0.55,cost-wall constrained
binance_perp,coinbase,,notional_burst,1000,60000,,FAST_DIAGNOSTIC,1,1,1,0,5.4856,5.4856,-51.3956,-51.3956,5.4856,5.4856,-51.3956,-51.3956,0.0,0.0,143,143,143,0.55,cost-wall constrained
binance_perp,coinbase,,notional_burst,2000,60000,,FAST_DIAGNOSTIC,1,1,1,0,5.4491,5.4491,-53.0177,-53.0177,5.4491,5.4491,-53.0177,-53.0177,0.0,0.0,95,95,95,0.55,cost-wall constrained
binance_perp,coinbase,,signed_imbalance,1000,60000,,FAST_DIAGNOSTIC,1,1,1,0,5.4355,5.4355,-51.1087,-51.1087,5.4355,5.4355,-51.1087,-51.1087,0.0,0.0,161,161,161,0.55,cost-wall constrained
binance_perp,coinbase,,signed_imbalance,500,60000,,FAST_DIAGNOSTIC,1,1,1,0,5.3994,5.3994,-52.9698,-52.9698,5.3994,5.3994,-52.9698,-52.9698,0.0,0.0,166,166,166,0.55,cost-wall constrained
binance_perp,coinbase,,notional_burst,500,60000,,FAST_DIAGNOSTIC,1,1,1,0,5.3159,5.3159,-51.7363,-51.7363,5.3159,5.3159,-51.7363,-51.7363,0.0,0.0,160,160,160,0.55,cost-wall constrained
binance_perp,coinbase,,large_trade,250,60000,,FAST_DIAGNOSTIC,1,1,1,0,5.3003,5.3003,-54.4636,-54.4636,5.3003,5.3003,-54.4636,-54.4636,0.0,0.0,1169,1169,1169,0.55,cost-wall constrained
binance_perp,coinbase,,signed_imbalance,2000,60000,,FAST_DIAGNOSTIC,1,1,1,0,5.251,5.251,-51.1586,-51.1586,5.251,5.251,-51.1586,-51.1586,0.0,0.0,147,147,147,0.55,cost-wall constrained
binance_perp,coinbase,,signed_imbalance,250,60000,,FAST_DIAGNOSTIC,1,1,1,0,5.1982,5.1982,-53.3725,-53.3725,5.1982,5.1982,-53.3725,-53.3725,0.0,0.0,166,166,166,0.55,cost-wall constrained
binance_perp,coinbase,,notional_burst,250,60000,,FAST_DIAGNOSTIC,1,1,1,0,5.1673,5.1673,-51.7008,-51.7008,5.1673,5.1673,-51.7008,-51.7008,0.0,0.0,165,165,165,0.55,cost-wall constrained
binance_perp,coinbase,,signed_imbalance,10000,30000,,FAST_DIAGNOSTIC,1,1,1,0,4.3562,4.3562,-51.2063,-51.2063,4.3562,4.3562,-51.2063,-51.2063,0.0,0.0,48,48,48,0.55,cost-wall constrained
binance_perp,coinbase,,signed_imbalance,30000,30000,,FAST_DIAGNOSTIC,1,1,1,0,3.3574,3.3574,-49.8818,-49.8818,3.3574,3.3574,-49.8818,-49.8818,0.0,0.0,16,16,16,0.55,cost-wall constrained
binance_perp,coinbase,,notional_burst,5000,30000,,FAST_DIAGNOSTIC,1,1,1,0,3.0218,3.0218,-54.3326,-54.3326,3.0218,3.0218,-54.3326,-54.3326,0.0,0.0,18,18,18,0.55,cost-wall constrained
binance_perp,coinbase,,notional_burst,1000,30000,,FAST_DIAGNOSTIC,1,1,1,0,2.6387,2.6387,-53.423,-53.423,2.6387,2.6387,-53.423,-53.423,0.0,0.0,149,149,149,0.55,cost-wall constrained
binance_perp,coinbase,,signed_imbalance,1000,30000,,FAST_DIAGNOSTIC,1,1,1,0,2.499,2.499,-52.7044,-52.7044,2.499,2.499,-52.7044,-52.7044,0.0,0.0,166,166,166,0.55,cost-wall constrained
binance_perp,coinbase,,notional_burst,500,30000,,FAST_DIAGNOSTIC,1,1,1,0,2.4925,2.4925,-53.035,-53.035,2.4925,2.4925,-53.035,-53.035,0.0,0.0,166,166,166,0.55,cost-wall constrained
binance_perp,coinbase,,signed_imbalance,250,30000,,FAST_DIAGNOSTIC,1,1,1,0,2.4327,2.4327,-54.3457,-54.3457,2.4327,2.4327,-54.3457,-54.3457,0.0,0.0,171,171,171,0.55,cost-wall constrained
binance_perp,coinbase,,signed_imbalance,500,30000,,FAST_DIAGNOSTIC,1,1,1,0,2.4126,2.4126,-54.128,-54.128,2.4126,2.4126,-54.128,-54.128,0.0,0.0,172,172,172,0.55,cost-wall constrained
binance_perp,coinbase,,signed_imbalance,2000,30000,,FAST_DIAGNOSTIC,1,1,1,0,2.402,2.402,-53.2229,-53.2229,2.402,2.402,-53.2229,-53.2229,0.0,0.0,153,153,153,0.55,cost-wall constrained
binance_perp,coinbase,,notional_burst,250,30000,,FAST_DIAGNOSTIC,1,1,1,0,2.3867,2.3867,-52.9013,-52.9013,2.3867,2.3867,-52.9013,-52.9013,0.0,0.0,171,171,171,0.55,cost-wall constrained
binance_perp,coinbase,,notional_burst,2000,30000,,FAST_DIAGNOSTIC,1,1,1,0,2.3666,2.3666,-54.2041,-54.2041,2.3666,2.3666,-54.2041,-54.2041,0.0,0.0,99,99,99,0.55,cost-wall constrained
binance_perp,coinbase,,large_trade,250,30000,,FAST_DIAGNOSTIC,1,1,1,0,2.3498,2.3498,-54.856,-54.856,2.3498,2.3498,-54.856,-54.856,0.0,0.0,1211,1211,1211,0.55,cost-wall constrained
binance_perp,coinbase,,signed_imbalance,5000,30000,,FAST_DIAGNOSTIC,1,1,1,0,2.2489,2.2489,-52.3207,-52.3207,2.2489,2.2489,-52.3207,-52.3207,0.0,0.0,108,108,108,0.55,cost-wall constrained
binance_perp,coinbase,,notional_burst,5000,10000,,FAST_DIAGNOSTIC,1,1,1,0,1.3289,1.3289,-55.1589,-55.1589,1.3289,1.3289,-55.1589,-55.1589,0.0,0.0,18,18,18,0.55,cost-wall constrained
binance_perp,coinbase,,signed_imbalance,30000,10000,,FAST_DIAGNOSTIC,1,1,1,0,1.3257,1.3257,-52.8721,-52.8721,1.3257,1.3257,-52.8721,-52.8721,0.0,0.0,16,16,16,0.55,cost-wall constrained
binance_perp,coinbase,,signed_imbalance,10000,10000,,FAST_DIAGNOSTIC,1,1,1,0,1.1771,1.1771,-53.2785,-53.2785,1.1771,1.1771,-53.2785,-53.2785,0.0,0.0,49,49,49,0.55,cost-wall constrained
binance_perp,coinbase,,notional_burst,5000,2000,,FAST_DIAGNOSTIC,1,1,1,0,1.0989,1.0989,-54.0163,-54.0163,1.0989,1.0989,-54.0163,-54.0163,0.0,0.0,18,18,18,0.55,cost-wall constrained
binance_perp,coinbase,,signed_imbalance,10000,2000,,FAST_DIAGNOSTIC,1,1,1,0,1.0276,1.0276,-53.6471,-53.6471,1.0276,1.0276,-53.6471,-53.6471,0.0,0.0,49,49,49,0.55,cost-wall constrained
binance_perp,coinbase,,signed_imbalance,2000,10000,,FAST_DIAGNOSTIC,1,1,1,0,0.9627,0.9627,-54.1237,-54.1237,0.9627,0.9627,-54.1237,-54.1237,0.0,0.0,156,156,156,0.55,cost-wall constrained
binance_perp,coinbase,,signed_imbalance,10000,5000,,FAST_DIAGNOSTIC,1,1,1,0,0.8578,0.8578,-53.4756,-53.4756,0.8578,0.8578,-53.4756,-53.4756,0.0,0.0,49,49,49,0.55,cost-wall constrained
binance_perp,coinbase,,notional_burst,1000,10000,,FAST_DIAGNOSTIC,1,1,1,0,0.853,0.853,-54.436,-54.436,0.853,0.853,-54.436,-54.436,0.0,0.0,153,153,153,0.55,cost-wall constrained
binance_perp,coinbase,,signed_imbalance,1000,10000,,FAST_DIAGNOSTIC,1,1,1,0,0.8126,0.8126,-54.2874,-54.2874,0.8126,0.8126,-54.2874,-54.2874,0.0,0.0,170,170,170,0.55,cost-wall constrained
binance_perp,coinbase,,notional_burst,5000,5000,,FAST_DIAGNOSTIC,1,1,1,0,0.793,0.793,-54.5007,-54.5007,0.793,0.793,-54.5007,-54.5007,0.0,0.0,18,18,18,0.55,cost-wall constrained
binance_perp,coinbase,,large_trade,250,10000,,FAST_DIAGNOSTIC,1,1,1,0,0.7562,0.7562,-55.0102,-55.0102,0.7562,0.7562,-55.0102,-55.0102,0.0,0.0,1232,1232,1232,0.55,cost-wall constrained
binance_perp,coinbase,,signed_imbalance,10000,1000,,FAST_DIAGNOSTIC,1,1,1,0,0.7426,0.7426,-53.9703,-53.9703,0.7426,0.7426,-53.9703,-53.9703,0.0,0.0,49,49,49,0.55,cost-wall constrained
binance_perp,coinbase,,signed_imbalance,500,10000,,FAST_DIAGNOSTIC,1,1,1,0,0.7419,0.7419,-54.456,-54.456,0.7419,0.7419,-54.456,-54.456,0.0,0.0,176,176,176,0.55,cost-wall constrained
binance_perp,coinbase,,signed_imbalance,250,10000,,FAST_DIAGNOSTIC,1,1,1,0,0.7293,0.7293,-54.5052,-54.5052,0.7293,0.7293,-54.5052,-54.5052,0.0,0.0,175,175,175,0.55,cost-wall constrained
binance_perp,coinbase,,notional_burst,500,10000,,FAST_DIAGNOSTIC,1,1,1,0,0.7266,0.7266,-54.4521,-54.4521,0.7266,0.7266,-54.4521,-54.4521,0.0,0.0,169,169,169,0.55,cost-wall constrained
binance_perp,coinbase,,notional_burst,5000,250,,FAST_DIAGNOSTIC,1,1,1,0,0.6806,0.6806,-54.2557,-54.2557,0.6806,0.6806,-54.2557,-54.2557,0.0,0.0,18,18,18,0.55,cost-wall constrained
binance_perp,coinbase,,signed_imbalance,5000,10000,,FAST_DIAGNOSTIC,1,1,1,0,0.6764,0.6764,-53.9683,-53.9683,0.6764,0.6764,-53.9683,-53.9683,0.0,0.0,110,110,110,0.55,cost-wall constrained
binance_perp,coinbase,,notional_burst,250,10000,,FAST_DIAGNOSTIC,1,1,1,0,0.6626,0.6626,-54.3188,-54.3188,0.6626,0.6626,-54.3188,-54.3188,0.0,0.0,175,175,175,0.55,cost-wall constrained
binance_perp,coinbase,,notional_burst,5000,500,,FAST_DIAGNOSTIC,1,1,1,0,0.6601,0.6601,-54.1454,-54.1454,0.6601,0.6601,-54.1454,-54.1454,0.0,0.0,18,18,18,0.55,cost-wall constrained
binance_perp,coinbase,,notional_burst,2000,10000,,FAST_DIAGNOSTIC,1,1,1,0,0.6452,0.6452,-54.4745,-54.4745,0.6452,0.6452,-54.4745,-54.4745,0.0,0.0,103,103,103,0.55,cost-wall constrained
binance_perp,coinbase,,signed_imbalance,10000,500,,FAST_DIAGNOSTIC,1,1,1,0,0.6308,0.6308,-54.0711,-54.0711,0.6308,0.6308,-54.0711,-54.0711,0.0,0.0,49,49,49,0.55,cost-wall constrained
binance_perp,coinbase,,signed_imbalance,10000,250,,FAST_DIAGNOSTIC,1,1,1,0,0.5648,0.5648,-54.1415,-54.1415,0.5648,0.5648,-54.1415,-54.1415,0.0,0.0,49,49,49,0.55,cost-wall constrained
binance_perp,coinbase,,notional_burst,5000,1000,,FAST_DIAGNOSTIC,1,1,1,0,0.5296,0.5296,-54.2609,-54.2609,0.5296,0.5296,-54.2609,-54.2609,0.0,0.0,18,18,18,0.55,cost-wall constrained
binance_perp,coinbase,,signed_imbalance,500,5000,,FAST_DIAGNOSTIC,1,1,1,0,0.506,0.506,-54.3533,-54.3533,0.506,0.506,-54.3533,-54.3533,0.0,0.0,176,176,176,0.55,cost-wall constrained
binance_perp,coinbase,,signed_imbalance,30000,2000,,FAST_DIAGNOSTIC,1,1,1,0,0.4552,0.4552,-54.8725,-54.8725,0.4552,0.4552,-54.8725,-54.8725,0.0,0.0,16,16,16,0.55,cost-wall constrained
binance_perp,coinbase,,signed_imbalance,5000,2000,,FAST_DIAGNOSTIC,1,1,1,0,0.4123,0.4123,-54.5781,-54.5781,0.4123,0.4123,-54.5781,-54.5781,0.0,0.0,110,110,110,0.55,cost-wall constrained
binance_perp,coinbase,,signed_imbalance,250,5000,,FAST_DIAGNOSTIC,1,1,1,0,0.4003,0.4003,-54.571,-54.571,0.4003,0.4003,-54.571,-54.571,0.0,0.0,176,176,176,0.55,cost-wall constrained
binance_perp,coinbase,,signed_imbalance,2000,5000,,FAST_DIAGNOSTIC,1,1,1,0,0.3666,0.3666,-54.5865,-54.5865,0.3666,0.3666,-54.5865,-54.5865,0.0,0.0,156,156,156,0.55,cost-wall constrained
binance_perp,coinbase,,signed_imbalance,30000,1000,,FAST_DIAGNOSTIC,1,1,1,0,0.3629,0.3629,-54.7032,-54.7032,0.3629,0.3629,-54.7032,-54.7032,0.0,0.0,16,16,16,0.55,cost-wall constrained
binance_perp,coinbase,,signed_imbalance,250,2000,,FAST_DIAGNOSTIC,1,1,1,0,0.3323,0.3323,-54.7886,-54.7886,0.3323,0.3323,-54.7886,-54.7886,0.0,0.0,177,177,177,0.55,cost-wall constrained
binance_perp,coinbase,,signed_imbalance,30000,250,,FAST_DIAGNOSTIC,1,1,1,0,0.3288,0.3288,-54.6389,-54.6389,0.3288,0.3288,-54.6389,-54.6389,0.0,0.0,16,16,16,0.55,cost-wall constrained
binance_perp,coinbase,,notional_burst,500,5000,,FAST_DIAGNOSTIC,1,1,1,0,0.3247,0.3247,-54.6872,-54.6872,0.3247,0.3247,-54.6872,-54.6872,0.0,0.0,170,170,170,0.55,cost-wall constrained
binance_perp,coinbase,,notional_burst,2000,5000,,FAST_DIAGNOSTIC,1,1,1,0,0.3104,0.3104,-54.3209,-54.3209,0.3104,0.3104,-54.3209,-54.3209,0.0,0.0,103,103,103,0.55,cost-wall constrained
binance_perp,coinbase,,notional_burst,500,2000,,FAST_DIAGNOSTIC,1,1,1,0,0.3061,0.3061,-54.6972,-54.6972,0.3061,0.3061,-54.6972,-54.6972,0.0,0.0,170,170,170,0.55,cost-wall constrained
binance_perp,coinbase,,signed_imbalance,5000,5000,,FAST_DIAGNOSTIC,1,1,1,0,0.2949,0.2949,-54.4353,-54.4353,0.2949,0.2949,-54.4353,-54.4353,0.0,0.0,110,110,110,0.55,cost-wall constrained
binance_perp,coinbase,,notional_burst,250,5000,,FAST_DIAGNOSTIC,1,1,1,0,0.2425,0.2425,-54.581,-54.581,0.2425,0.2425,-54.581,-54.581,0.0,0.0,176,176,176,0.55,cost-wall constrained
binance_perp,coinbase,,notional_burst,1000,2000,,FAST_DIAGNOSTIC,1,1,1,0,0.2384,0.2384,-54.7788,-54.7788,0.2384,0.2384,-54.7788,-54.7788,0.0,0.0,153,153,153,0.55,cost-wall constrained
binance_perp,coinbase,,notional_burst,1000,5000,,FAST_DIAGNOSTIC,1,1,1,0,0.2384,0.2384,-54.7782,-54.7782,0.2384,0.2384,-54.7782,-54.7782,0.0,0.0,153,153,153,0.55,cost-wall constrained
binance_perp,coinbase,,signed_imbalance,30000,500,,FAST_DIAGNOSTIC,1,1,1,0,0.2283,0.2283,-54.7286,-54.7286,0.2283,0.2283,-54.7286,-54.7286,0.0,0.0,16,16,16,0.55,cost-wall constrained
binance_perp,coinbase,,signed_imbalance,1000,5000,,FAST_DIAGNOSTIC,1,1,1,0,0.2119,0.2119,-54.5001,-54.5001,0.2119,0.2119,-54.5001,-54.5001,0.0,0.0,171,171,171,0.55,cost-wall constrained
binance_perp,coinbase,,notional_burst,1000,1000,,FAST_DIAGNOSTIC,1,1,1,0,0.1771,0.1771,-54.8486,-54.8486,0.1771,0.1771,-54.8486,-54.8486,0.0,0.0,154,154,154,0.55,cost-wall constrained
binance_perp,coinbase,,signed_imbalance,5000,1000,,FAST_DIAGNOSTIC,1,1,1,0,0.1407,0.1407,-54.6443,-54.6443,0.1407,0.1407,-54.6443,-54.6443,0.0,0.0,110,110,110,0.55,cost-wall constrained
binance_perp,coinbase,,signed_imbalance,1000,2000,,FAST_DIAGNOSTIC,1,1,1,0,0.1379,0.1379,-54.7467,-54.7467,0.1379,0.1379,-54.7467,-54.7467,0.0,0.0,172,172,172,0.55,cost-wall constrained
binance_perp,coinbase,,signed_imbalance,5000,250,,FAST_DIAGNOSTIC,1,1,1,0,0.1364,0.1364,-54.7731,-54.7731,0.1364,0.1364,-54.7731,-54.7731,0.0,0.0,110,110,110,0.55,cost-wall constrained
binance_perp,coinbase,,signed_imbalance,250,1000,,FAST_DIAGNOSTIC,1,1,1,0,0.1237,0.1237,-54.7654,-54.7654,0.1237,0.1237,-54.7654,-54.7654,0.0,0.0,177,177,177,0.55,cost-wall constrained
binance_perp,coinbase,,notional_burst,1000,500,,FAST_DIAGNOSTIC,1,1,1,0,0.1206,0.1206,-54.8399,-54.8399,0.1206,0.1206,-54.8399,-54.8399,0.0,0.0,154,154,154,0.55,cost-wall constrained
binance_perp,coinbase,,notional_burst,2000,2000,,FAST_DIAGNOSTIC,1,1,1,0,0.1131,0.1131,-54.2629,-54.2629,0.1131,0.1131,-54.2629,-54.2629,0.0,0.0,103,103,103,0.55,cost-wall constrained
binance_perp,coinbase,,notional_burst,1000,250,,FAST_DIAGNOSTIC,1,1,1,0,0.112,0.112,-54.8845,-54.8845,0.112,0.112,-54.8845,-54.8845,0.0,0.0,154,154,154,0.55,cost-wall constrained
binance_perp,coinbase,,signed_imbalance,500,1000,,FAST_DIAGNOSTIC,1,1,1,0,0.1029,0.1029,-54.7523,-54.7523,0.1029,0.1029,-54.7523,-54.7523,0.0,0.0,177,177,177,0.55,cost-wall constrained
binance_perp,coinbase,,signed_imbalance,1000,1000,,FAST_DIAGNOSTIC,1,1,1,0,0.1006,0.1006,-54.8333,-54.8333,0.1006,0.1006,-54.8333,-54.8333,0.0,0.0,172,172,172,0.55,cost-wall constrained
binance_perp,kraken,,notional_burst,10000,1000,,FULL_ACTIVE,1,1,1,0,0.0982,0.0982,-54.2986,-54.2986,0.0982,0.0982,-54.2986,-54.2986,0.0,0.0,29,29,29,0.55,cost-wall constrained
binance_perp,coinbase,,signed_imbalance,2000,2000,,FAST_DIAGNOSTIC,1,1,1,0,0.0882,0.0882,-54.5101,-54.5101,0.0882,0.0882,-54.5101,-54.5101,0.0,0.0,158,158,158,0.55,cost-wall constrained
binance_perp,coinbase,,signed_imbalance,5000,500,,FAST_DIAGNOSTIC,1,1,1,0,0.0756,0.0756,-54.6812,-54.6812,0.0756,0.0756,-54.6812,-54.6812,0.0,0.0,110,110,110,0.55,cost-wall constrained
binance_perp,kraken,,notional_burst,5000,1000,,FULL_ACTIVE,1,1,1,0,0.0742,0.0742,-54.2918,-54.2918,0.0742,0.0742,-54.2918,-54.2918,0.0,0.0,108,108,108,0.55,cost-wall constrained
binance_perp,coinbase,,signed_imbalance,500,500,,FAST_DIAGNOSTIC,1,1,1,0,0.0593,0.0593,-54.8534,-54.8534,0.0593,0.0593,-54.8534,-54.8534,0.0,0.0,177,177,177,0.55,cost-wall constrained
binance_perp,coinbase,,signed_imbalance,500,2000,,FAST_DIAGNOSTIC,1,1,1,0,0.0314,0.0314,-54.5995,-54.5995,0.0314,0.0314,-54.5995,-54.5995,0.0,0.0,177,177,177,0.55,cost-wall constrained
binance_perp,coinbase,,signed_imbalance,250,250,,FAST_DIAGNOSTIC,1,1,1,0,0.0306,0.0306,-54.8248,-54.8248,0.0306,0.0306,-54.8248,-54.8248,0.0,0.0,177,177,177,0.55,cost-wall constrained
binance_perp,coinbase,,notional_burst,250,2000,,FAST_DIAGNOSTIC,1,1,1,0,0.0302,0.0302,-54.815,-54.815,0.0302,0.0302,-54.815,-54.815,0.0,0.0,177,177,177,0.55,cost-wall constrained
binance_perp,coinbase,,notional_burst,10000,500,,FAST_DIAGNOSTIC,1,1,1,0,0.0297,0.0297,-55.0229,-55.0229,0.0297,0.0297,-55.0229,-55.0229,0.0,0.0,6,6,6,0.55,cost-wall constrained
binance_perp,kraken,,signed_imbalance,5000,2000,,FULL_ACTIVE,1,1,1,0,0.0259,0.0259,-54.0177,-54.0177,0.0259,0.0259,-54.0177,-54.0177,0.0,0.0,470,470,470,0.55,cost-wall constrained
binance_perp,kraken,,signed_imbalance,5000,1000,,FULL_ACTIVE,1,1,1,0,0.0246,0.0246,-54.2119,-54.2119,0.0246,0.0246,-54.2119,-54.2119,0.0,0.0,470,470,470,0.55,cost-wall constrained
binance_perp,coinbase,,signed_imbalance,1000,500,,FAST_DIAGNOSTIC,1,1,1,0,0.0237,0.0237,-54.8518,-54.8518,0.0237,0.0237,-54.8518,-54.8518,0.0,0.0,172,172,172,0.55,cost-wall constrained
binance_perp,coinbase,,signed_imbalance,2000,250,,FAST_DIAGNOSTIC,1,1,1,0,0.0182,0.0182,-54.7527,-54.7527,0.0182,0.0182,-54.7527,-54.7527,0.0,0.0,158,158,158,0.55,cost-wall constrained
binance_perp,coinbase,,notional_burst,500,1000,,FAST_DIAGNOSTIC,1,1,1,0,0.0168,0.0168,-54.9032,-54.9032,0.0168,0.0168,-54.9032,-54.9032,0.0,0.0,171,171,171,0.55,cost-wall constrained
binance_perp,coinbase,,signed_imbalance,500,250,,FAST_DIAGNOSTIC,1,1,1,0,0.0164,0.0164,-54.8678,-54.8678,0.0164,0.0164,-54.8678,-54.8678,0.0,0.0,178,178,178,0.55,cost-wall constrained
binance_perp,coinbase,,signed_imbalance,250,500,,FAST_DIAGNOSTIC,1,1,1,0,0.0091,0.0091,-54.7672,-54.7672,0.0091,0.0091,-54.7672,-54.7672,0.0,0.0,177,177,177,0.55,cost-wall constrained
binance_perp,coinbase,,notional_burst,2000,250,,FAST_DIAGNOSTIC,1,1,1,0,0.0088,0.0088,-54.8012,-54.8012,0.0088,0.0088,-54.8012,-54.8012,0.0,0.0,103,103,103,0.55,cost-wall constrained
binance_perp,coinbase,,notional_burst,250,500,,FAST_DIAGNOSTIC,1,1,1,0,0.0018,0.0018,-54.9833,-54.9833,0.0018,0.0018,-54.9833,-54.9833,0.0,0.0,177,177,177,0.55,cost-wall constrained
binance_perp,coinbase,,notional_burst,250,1000,,FAST_DIAGNOSTIC,1,1,0,0,-0.0103,-0.0103,-54.8936,-54.8936,-0.0103,-0.0103,-54.8936,-54.8936,0.0,0.0,177,177,177,0.25,needs more captures
binance_perp,coinbase,,signed_imbalance,1000,250,,FAST_DIAGNOSTIC,1,1,0,0,-0.0104,-0.0104,-54.9038,-54.9038,-0.0104,-0.0104,-54.9038,-54.9038,0.0,0.0,172,172,172,0.25,needs more captures
binance_perp,coinbase,,signed_imbalance,2000,1000,,FAST_DIAGNOSTIC,1,1,0,0,-0.0159,-0.0159,-54.7145,-54.7145,-0.0159,-0.0159,-54.7145,-54.7145,0.0,0.0,158,158,158,0.25,needs more captures
binance_perp,coinbase,,signed_imbalance,30000,5000,,FAST_DIAGNOSTIC,1,1,0,0,-0.0184,-0.0184,-53.9955,-53.9955,-0.0184,-0.0184,-53.9955,-53.9955,0.0,0.0,16,16,16,0.25,needs more captures
binance_perp,coinbase,,notional_burst,250,250,,FAST_DIAGNOSTIC,1,1,0,0,-0.0319,-0.0319,-54.9641,-54.9641,-0.0319,-0.0319,-54.9641,-54.9641,0.0,0.0,177,177,177,0.25,needs more captures
binance_perp,coinbase,,notional_burst,500,500,,FAST_DIAGNOSTIC,1,1,0,0,-0.0447,-0.0447,-54.9615,-54.9615,-0.0447,-0.0447,-54.9615,-54.9615,0.0,0.0,171,171,171,0.25,needs more captures
binance_perp,kraken,,notional_burst,30000,1000,,FULL_ACTIVE,1,1,0,0,-0.0598,-0.0598,-55.06,-55.06,-0.0598,-0.0598,-55.06,-55.06,0.0,0.0,9,9,9,0.25,needs more captures
binance_perp,coinbase,,signed_imbalance,2000,500,,FAST_DIAGNOSTIC,1,1,0,0,-0.0644,-0.0644,-54.7145,-54.7145,-0.0644,-0.0644,-54.7145,-54.7145,0.0,0.0,158,158,158,0.25,needs more captures
binance_perp,coinbase,,notional_burst,10000,2000,,FAST_DIAGNOSTIC,1,1,0,0,-0.0734,-0.0734,-54.7375,-54.7375,-0.0734,-0.0734,-54.7375,-54.7375,0.0,0.0,6,6,6,0.25,needs more captures
binance_perp,coinbase,,notional_burst,500,250,,FAST_DIAGNOSTIC,1,1,0,0,-0.076,-0.076,-54.9276,-54.9276,-0.076,-0.076,-54.9276,-54.9276,0.0,0.0,171,171,171,0.25,needs more captures
binance_perp,coinbase,,notional_burst,2000,500,,FAST_DIAGNOSTIC,1,1,0,0,-0.0766,-0.0766,-54.7312,-54.7312,-0.0766,-0.0766,-54.7312,-54.7312,0.0,0.0,103,103,103,0.25,needs more captures
binance_perp,coinbase,,large_trade,250,2000,,FAST_DIAGNOSTIC,1,1,0,0,-0.079,-0.079,-54.7285,-54.7285,-0.079,-0.079,-54.7285,-54.7285,0.0,0.0,1246,1246,1246,0.25,needs more captures
binance_perp,coinbase,,large_trade,250,5000,,FAST_DIAGNOSTIC,1,1,0,0,-0.0796,-0.0796,-54.7554,-54.7554,-0.0796,-0.0796,-54.7554,-54.7554,0.0,0.0,1246,1246,1246,0.25,needs more captures
binance_perp,kraken,,signed_imbalance,1000,1000,,FULL_ACTIVE,1,1,0,0,-0.0833,-0.0833,-54.6682,-54.6682,-0.0833,-0.0833,-54.6682,-54.6682,0.0,0.0,1022,1022,1022,0.25,needs more captures
binance_perp,coinbase,,notional_burst,2000,1000,,FAST_DIAGNOSTIC,1,1,0,0,-0.0878,-0.0878,-54.5746,-54.5746,-0.0878,-0.0878,-54.5746,-54.5746,0.0,0.0,103,103,103,0.25,needs more captures
binance_perp,coinbase,,large_trade,250,250,,FAST_DIAGNOSTIC,1,1,0,0,-0.1205,-0.1205,-54.7865,-54.7865,-0.1205,-0.1205,-54.7865,-54.7865,0.0,0.0,1246,1246,1246,0.25,needs more captures
binance_perp,kraken,,signed_imbalance,1000,2000,,FULL_ACTIVE,1,1,0,0,-0.13,-0.13,-54.4751,-54.4751,-0.13,-0.13,-54.4751,-54.4751,0.0,0.0,1020,1020,1020,0.25,needs more captures
binance_perp,coinbase,,large_trade,250,1000,,FAST_DIAGNOSTIC,1,1,0,0,-0.1331,-0.1331,-54.783,-54.783,-0.1331,-0.1331,-54.783,-54.783,0.0,0.0,1246,1246,1246,0.25,needs more captures
binance_perp,coinbase,,notional_burst,10000,250,,FAST_DIAGNOSTIC,1,1,0,0,-0.1775,-0.1775,-54.8025,-54.8025,-0.1775,-0.1775,-54.8025,-54.8025,0.0,0.0,6,6,6,0.25,needs more captures
binance_perp,coinbase,,large_trade,250,500,,FAST_DIAGNOSTIC,1,1,0,0,-0.1826,-0.1826,-54.6911,-54.6911,-0.1826,-0.1826,-54.6911,-54.6911,0.0,0.0,1246,1246,1246,0.25,needs more captures
binance_perp,kraken,,large_trade,1000,1000,,FULL_ACTIVE,1,1,0,0,-0.1918,-0.1918,-54.5946,-54.5946,-0.1918,-0.1918,-54.5946,-54.5946,0.0,0.0,4256,4256,4256,0.25,needs more captures
binance_perp,coinbase,,notional_burst,10000,1000,,FAST_DIAGNOSTIC,1,1,0,0,-0.2352,-0.2352,-54.8989,-54.8989,-0.2352,-0.2352,-54.8989,-54.8989,0.0,0.0,6,6,6,0.25,needs more captures
binance_perp,kraken,,large_trade,1000,2000,,FULL_ACTIVE,1,1,0,0,-0.2372,-0.2372,-54.5275,-54.5275,-0.2372,-0.2372,-54.5275,-54.5275,0.0,0.0,4252,4252,4252,0.25,needs more captures
binance_perp,coinbase,,notional_burst,30000,250,,FAST_DIAGNOSTIC,1,1,0,0,-0.2601,-0.2601,-55.2601,-55.2601,-0.2601,-0.2601,-55.2601,-55.2601,0.0,0.0,2,2,2,0.25,needs more captures
binance_perp,kraken,,notional_burst,1000,1000,,FULL_ACTIVE,1,1,0,0,-0.2647,-0.2647,-54.7005,-54.7005,-0.2647,-0.2647,-54.7005,-54.7005,0.0,0.0,849,849,849,0.25,needs more captures
binance_perp,kraken,,signed_imbalance,1000,5000,,FULL_ACTIVE,1,1,0,0,-0.3123,-0.3123,-54.4868,-54.4868,-0.3123,-0.3123,-54.4868,-54.4868,0.0,0.0,1016,1016,1016,0.25,needs more captures
binance_perp,kraken,,large_trade,1000,5000,,FULL_ACTIVE,1,1,0,0,-0.3269,-0.3269,-54.5159,-54.5159,-0.3269,-0.3269,-54.5159,-54.5159,0.0,0.0,4240,4240,4240,0.25,needs more captures
binance_perp,kraken,,notional_burst,1000,2000,,FULL_ACTIVE,1,1,0,0,-0.3418,-0.3418,-54.7438,-54.7438,-0.3418,-0.3418,-54.7438,-54.7438,0.0,0.0,847,847,847,0.25,needs more captures
binance_perp,coinbase,,notional_burst,30000,500,,FAST_DIAGNOSTIC,1,1,0,0,-0.3684,-0.3684,-55.3684,-55.3684,-0.3684,-0.3684,-55.3684,-55.3684,0.0,0.0,2,2,2,0.25,needs more captures
binance_perp,kraken,,signed_imbalance,5000,5000,,FULL_ACTIVE,1,1,0,0,-0.4234,-0.4234,-53.5907,-53.5907,-0.4234,-0.4234,-53.5907,-53.5907,0.0,0.0,469,469,469,0.25,needs more captures
binance_perp,kraken,,notional_burst,5000,2000,,FULL_ACTIVE,1,1,0,0,-0.4967,-0.4967,-54.1318,-54.1318,-0.4967,-0.4967,-54.1318,-54.1318,0.0,0.0,108,108,108,0.25,needs more captures
binance_perp,kraken,,notional_burst,1000,5000,,FULL_ACTIVE,1,1,0,0,-0.5008,-0.5008,-54.8169,-54.8169,-0.5008,-0.5008,-54.8169,-54.8169,0.0,0.0,846,846,846,0.25,needs more captures
binance_perp,coinbase,,notional_burst,30000,1000,,FAST_DIAGNOSTIC,1,1,0,0,-0.6587,-0.6587,-55.6587,-55.6587,-0.6587,-0.6587,-55.6587,-55.6587,0.0,0.0,2,2,2,0.25,needs more captures
binance_perp,kraken,,notional_burst,10000,2000,,FULL_ACTIVE,1,1,0,0,-0.6659,-0.6659,-54.3599,-54.3599,-0.6659,-0.6659,-54.3599,-54.3599,0.0,0.0,29,29,29,0.25,needs more captures
binance_perp,kraken,,large_trade,1000,10000,,FULL_ACTIVE,1,1,0,0,-0.6913,-0.6913,-54.4523,-54.4523,-0.6913,-0.6913,-54.4523,-54.4523,0.0,0.0,4232,4232,4232,0.25,needs more captures
binance_perp,coinbase,,notional_burst,30000,2000,,FAST_DIAGNOSTIC,1,1,0,0,-0.7026,-0.7026,-55.7026,-55.7026,-0.7026,-0.7026,-55.7026,-55.7026,0.0,0.0,2,2,2,0.25,needs more captures
binance_perp,kraken,,signed_imbalance,1000,10000,,FULL_ACTIVE,1,1,0,0,-0.7371,-0.7371,-54.3195,-54.3195,-0.7371,-0.7371,-54.3195,-54.3195,0.0,0.0,1015,1015,1015,0.25,needs more captures
binance_perp,kraken,,notional_burst,1000,10000,,FULL_ACTIVE,1,1,0,0,-0.7458,-0.7458,-54.7839,-54.7839,-0.7458,-0.7458,-54.7839,-54.7839,0.0,0.0,845,845,845,0.25,needs more captures
binance_perp,kraken,,signed_imbalance,10000,1000,,FULL_ACTIVE,1,1,0,0,-0.7677,-0.7677,-53.7251,-53.7251,-0.7677,-0.7677,-53.7251,-53.7251,0.0,0.0,167,167,167,0.25,needs more captures
binance_perp,kraken,,notional_burst,5000,5000,,FULL_ACTIVE,1,1,0,0,-0.797,-0.797,-54.4369,-54.4369,-0.797,-0.797,-54.4369,-54.4369,0.0,0.0,108,108,108,0.25,needs more captures
binance_perp,kraken,,signed_imbalance,5000,10000,,FULL_ACTIVE,1,1,0,0,-1.0868,-1.0868,-53.1736,-53.1736,-1.0868,-1.0868,-53.1736,-53.1736,0.0,0.0,467,467,467,0.25,needs more captures
binance_perp,coinbase,,notional_burst,10000,10000,,FAST_DIAGNOSTIC,1,1,0,0,-1.0891,-1.0891,-56.4653,-56.4653,-1.0891,-1.0891,-56.4653,-56.4653,0.0,0.0,6,6,6,0.25,needs more captures
binance_perp,kraken,,signed_imbalance,10000,2000,,FULL_ACTIVE,1,1,0,0,-1.2624,-1.2624,-53.4679,-53.4679,-1.2624,-1.2624,-53.4679,-53.4679,0.0,0.0,167,167,167,0.25,needs more captures
binance_perp,kraken,,signed_imbalance,30000,1000,,FULL_ACTIVE,1,1,0,0,-1.2787,-1.2787,-53.6041,-53.6041,-1.2787,-1.2787,-53.6041,-53.6041,0.0,0.0,25,25,25,0.25,needs more captures
binance_perp,coinbase,,notional_burst,10000,30000,,FAST_DIAGNOSTIC,1,1,0,0,-1.2819,-1.2819,-57.4907,-57.4907,-1.2819,-1.2819,-57.4907,-57.4907,0.0,0.0,6,6,6,0.25,needs more captures
binance_perp,coinbase,,notional_burst,10000,5000,,FAST_DIAGNOSTIC,1,1,0,0,-1.518,-1.518,-55.7125,-55.7125,-1.518,-1.518,-55.7125,-55.7125,0.0,0.0,6,6,6,0.25,needs more captures
binance_perp,kraken,,notional_burst,5000,10000,,FULL_ACTIVE,1,1,0,0,-1.6003,-1.6003,-54.6429,-54.6429,-1.6003,-1.6003,-54.6429,-54.6429,0.0,0.0,108,108,108,0.25,needs more captures
binance_perp,kraken,,notional_burst,30000,2000,,FULL_ACTIVE,1,1,0,0,-1.7602,-1.7602,-55.4025,-55.4025,-1.7602,-1.7602,-55.4025,-55.4025,0.0,0.0,9,9,9,0.25,needs more captures
binance_perp,kraken,,large_trade,1000,30000,,FULL_ACTIVE,1,1,0,0,-1.8198,-1.8198,-54.8529,-54.8529,-1.8198,-1.8198,-54.8529,-54.8529,0.0029,0.0029,4184,4184,4184,0.25,needs more captures
binance_perp,kraken,,signed_imbalance,1000,30000,,FULL_ACTIVE,1,1,0,0,-1.8974,-1.8974,-54.4392,-54.4392,-1.8974,-1.8974,-54.4392,-54.4392,0.004,0.004,1004,1004,1004,0.25,needs more captures
binance_perp,kraken,,notional_burst,10000,5000,,FULL_ACTIVE,1,1,0,0,-1.9006,-1.9006,-55.7057,-55.7057,-1.9006,-1.9006,-55.7057,-55.7057,0.0,0.0,29,29,29,0.25,needs more captures
binance_perp,kraken,,signed_imbalance,10000,5000,,FULL_ACTIVE,1,1,0,0,-1.9819,-1.9819,-52.6038,-52.6038,-1.9819,-1.9819,-52.6038,-52.6038,0.0,0.0,165,165,165,0.25,needs more captures
binance_perp,kraken,,notional_burst,1000,30000,,FULL_ACTIVE,1,1,0,0,-2.2944,-2.2944,-55.9071,-55.9071,-2.2944,-2.2944,-55.9071,-55.9071,0.0036,0.0036,835,835,835,0.25,needs more captures
binance_perp,kraken,,notional_burst,30000,5000,,FULL_ACTIVE,1,1,0,0,-2.5769,-2.5769,-55.9627,-55.9627,-2.5769,-2.5769,-55.9627,-55.9627,0.0,0.0,9,9,9,0.25,needs more captures
binance_perp,kraken,,signed_imbalance,10000,10000,,FULL_ACTIVE,1,1,0,0,-2.7857,-2.7857,-51.764,-51.764,-2.7857,-2.7857,-51.764,-51.764,0.0,0.0,165,165,165,0.25,needs more captures
binance_perp,kraken,,signed_imbalance,30000,2000,,FULL_ACTIVE,1,1,0,0,-2.7871,-2.7871,-52.7155,-52.7155,-2.7871,-2.7871,-52.7155,-52.7155,0.0,0.0,25,25,25,0.25,needs more captures
binance_perp,kraken,,notional_burst,10000,10000,,FULL_ACTIVE,1,1,0,0,-2.9619,-2.9619,-55.0497,-55.0497,-2.9619,-2.9619,-55.0497,-55.0497,0.0,0.0,29,29,29,0.25,needs more captures
binance_perp,kraken,,signed_imbalance,5000,30000,,FULL_ACTIVE,1,1,0,0,-3.2397,-3.2397,-52.4173,-52.4173,-3.2397,-3.2397,-52.4173,-52.4173,0.0,0.0,460,460,460,0.25,needs more captures
binance_perp,kraken,,large_trade,1000,60000,,FULL_ACTIVE,1,1,0,0,-3.7698,-3.7698,-55.5615,-55.5615,-3.7698,-3.7698,-55.5615,-55.5615,0.0107,0.0107,4104,4104,4104,0.25,needs more captures
binance_perp,kraken,,signed_imbalance,1000,60000,,FULL_ACTIVE,1,1,0,0,-3.827,-3.827,-55.414,-55.414,-3.827,-3.827,-55.414,-55.414,0.0081,0.0081,985,985,985,0.25,needs more captures
binance_perp,kraken,,notional_burst,30000,10000,,FULL_ACTIVE,1,1,0,0,-3.8426,-3.8426,-55.5936,-55.5936,-3.8426,-3.8426,-55.5936,-55.5936,0.0,0.0,9,9,9,0.25,needs more captures
binance_perp,kraken,,notional_burst,5000,30000,,FULL_ACTIVE,1,1,0,0,-4.6909,-4.6909,-53.9317,-53.9317,-4.6909,-4.6909,-53.9317,-53.9317,0.0,0.0,102,102,102,0.25,needs more captures
binance_perp,kraken,,notional_burst,1000,60000,,FULL_ACTIVE,1,1,0,0,-4.8337,-4.8337,-55.9415,-55.9415,-4.8337,-4.8337,-55.9415,-55.9415,0.0085,0.0085,820,820,820,0.25,needs more captures
binance_perp,coinbase,,notional_burst,10000,60000,,FAST_DIAGNOSTIC,1,1,0,0,-4.8466,-4.8466,-60.2623,-60.2623,-4.8466,-4.8466,-60.2623,-60.2623,0.0,0.0,6,6,6,0.25,needs more captures
binance_perp,kraken,,signed_imbalance,10000,30000,,FULL_ACTIVE,1,1,0,0,-5.0786,-5.0786,-51.5464,-51.5464,-5.0786,-5.0786,-51.5464,-51.5464,0.0,0.0,159,159,159,0.25,needs more captures
binance_perp,kraken,,signed_imbalance,30000,5000,,FULL_ACTIVE,1,1,0,0,-5.1136,-5.1136,-51.2511,-51.2511,-5.1136,-5.1136,-51.2511,-51.2511,0.0,0.0,25,25,25,0.25,needs more captures
binance_perp,coinbase,,notional_burst,30000,5000,,FAST_DIAGNOSTIC,1,1,0,0,-5.4329,-5.4329,-60.4329,-60.4329,-5.4329,-5.4329,-60.4329,-60.4329,0.0,0.0,2,2,2,0.25,needs more captures
binance_perp,kraken,,signed_imbalance,30000,10000,,FULL_ACTIVE,1,1,0,0,-5.6776,-5.6776,-48.8536,-48.8536,-5.6776,-5.6776,-48.8536,-48.8536,0.0,0.0,25,25,25,0.25,needs more captures
binance_perp,coinbase,,notional_burst,30000,10000,,FAST_DIAGNOSTIC,1,1,0,0,-5.8768,-5.8768,-60.8768,-60.8768,-5.8768,-5.8768,-60.8768,-60.8768,0.0,0.0,2,2,2,0.25,needs more captures
binance_perp,kraken,,signed_imbalance,5000,60000,,FULL_ACTIVE,1,1,0,0,-6.1157,-6.1157,-53.5454,-53.5454,-6.1157,-6.1157,-53.5454,-53.5454,0.02,0.02,451,451,451,0.25,needs more captures
binance_perp,kraken,,signed_imbalance,30000,60000,,FULL_ACTIVE,1,1,0,0,-6.3027,-6.3027,-47.4027,-47.4027,-6.3027,-6.3027,-47.4027,-47.4027,0.0,0.0,25,25,25,0.25,needs more captures
binance_perp,kraken,,notional_burst,30000,30000,,FULL_ACTIVE,1,1,0,0,-6.8484,-6.8484,-57.9436,-57.9436,-6.8484,-6.8484,-57.9436,-57.9436,0.0,0.0,9,9,9,0.25,needs more captures
binance_perp,kraken,,notional_burst,30000,60000,,FULL_ACTIVE,1,1,0,0,-6.8597,-6.8597,-56.3139,-56.3139,-6.8597,-6.8597,-56.3139,-56.3139,0.0,0.0,9,9,9,0.25,needs more captures
binance_perp,kraken,,signed_imbalance,10000,60000,,FULL_ACTIVE,1,1,0,0,-8.2464,-8.2464,-52.632,-52.632,-8.2464,-8.2464,-52.632,-52.632,0.0191,0.0191,157,157,157,0.25,needs more captures
binance_perp,kraken,,signed_imbalance,30000,30000,,FULL_ACTIVE,1,1,0,0,-8.8172,-8.8172,-47.083,-47.083,-8.8172,-8.8172,-47.083,-47.083,0.0,0.0,25,25,25,0.25,needs more captures
binance_perp,kraken,,notional_burst,10000,30000,,FULL_ACTIVE,1,1,0,0,-9.2036,-9.2036,-50.6013,-50.6013,-9.2036,-9.2036,-50.6013,-50.6013,0.0,0.0,27,27,27,0.25,needs more captures
binance_perp,kraken,,notional_burst,10000,60000,,FULL_ACTIVE,1,1,0,0,-9.9948,-9.9948,-41.5776,-41.5776,-9.9948,-9.9948,-41.5776,-41.5776,0.1481,0.1481,27,27,27,0.25,needs more captures
binance_perp,coinbase,,notional_burst,30000,30000,,FAST_DIAGNOSTIC,1,1,0,0,-9.9981,-9.9981,-64.9981,-64.9981,-9.9981,-9.9981,-64.9981,-64.9981,0.0,0.0,2,2,2,0.25,needs more captures
binance_perp,kraken,,notional_burst,5000,60000,,FULL_ACTIVE,1,1,0,0,-10.1228,-10.1228,-50.0708,-50.0708,-10.1228,-10.1228,-50.0708,-50.0708,0.0632,0.0632,95,95,95,0.25,needs more captures
binance_perp,kraken,,signed_imbalance,30000,300000,,FULL_ACTIVE,1,1,0,0,-13.3997,-13.3997,-52.0071,-52.0071,-13.3997,-13.3997,-52.0071,-52.0071,0.0,0.0,23,23,23,0.25,needs more captures
binance_perp,coinbase,,notional_burst,30000,60000,,FAST_DIAGNOSTIC,1,1,0,0,-16.9661,-16.9661,-71.9661,-71.9661,-16.9661,-16.9661,-71.9661,-71.9661,0.0,0.0,2,2,2,0.25,needs more captures
binance_perp,kraken,,large_trade,1000,300000,,FULL_ACTIVE,1,1,0,0,-17.7175,-17.7175,-58.3124,-58.3124,-17.7175,-17.7175,-58.3124,-58.3124,0.035,0.035,3544,3544,3544,0.25,needs more captures
binance_perp,kraken,,notional_burst,10000,300000,,FULL_ACTIVE,1,1,0,0,-18.0398,-18.0398,-63.9926,-63.9926,-18.0398,-18.0398,-63.9926,-63.9926,0.0,0.0,25,25,25,0.25,needs more captures
binance_perp,kraken,,signed_imbalance,1000,300000,,FULL_ACTIVE,1,1,0,0,-18.0635,-18.0635,-60.5406,-60.5406,-18.0635,-18.0635,-60.5406,-60.5406,0.0259,0.0259,850,850,850,0.25,needs more captures
binance_perp,kraken,,notional_burst,1000,300000,,FULL_ACTIVE,1,1,0,0,-19.5441,-19.5441,-60.4126,-60.4126,-19.5441,-19.5441,-60.4126,-60.4126,0.0408,0.0408,710,710,710,0.25,needs more captures
binance_perp,kraken,,signed_imbalance,5000,300000,,FULL_ACTIVE,1,1,0,0,-20.1762,-20.1762,-62.1869,-62.1869,-20.1762,-20.1762,-62.1869,-62.1869,0.0183,0.0183,382,382,382,0.25,needs more captures
binance_perp,kraken,,signed_imbalance,10000,300000,,FULL_ACTIVE,1,1,0,0,-21.7536,-21.7536,-64.672,-64.672,-21.7536,-21.7536,-64.672,-64.672,0.016,0.016,125,125,125,0.25,needs more captures
binance_perp,kraken,,notional_burst,5000,300000,,FULL_ACTIVE,1,1,0,0,-23.6016,-23.6016,-56.613,-56.613,-23.6016,-23.6016,-56.613,-56.613,0.0732,0.0732,82,82,82,0.25,needs more captures
binance_perp,coinbase,,notional_burst,30000,300000,,FAST_DIAGNOSTIC,1,1,0,0,-24.4931,-24.4931,-79.4931,-79.4931,-24.4931,-24.4931,-79.4931,-79.4931,0.0,0.0,2,2,2,0.25,needs more captures
binance_perp,kraken,,notional_burst,30000,300000,,FULL_ACTIVE,1,1,0,0,-38.3873,-38.3873,-65.4368,-65.4368,-38.3873,-38.3873,-65.4368,-65.4368,0.0,0.0,9,9,9,0.25,needs more captures
