trader_id,strategy_id,instrument_id,account_id,opening_order_id,closing_order_id,entry,side,quantity,peak_qty,ts_init,ts_opened,ts_last,ts_closed,duration_ns,avg_px_open,avg_px_close,commissions,realized_return,realized_pnl,is_snapshot
V5-PORTFOLIO,KrakenV5PortfolioStrategy-000,LTC/USD.KRAKEN,KRAKEN-001,O-20250723-000000-PORTFOLIO-000-3,O-20250724-000000-PORTFOLIO-000-4,BUY,FLAT,0.00000000,44.61895413,1753228800000000000,2025-07-23 00:00:00+00:00,1753315200000000000,2025-07-24 00:00:00+00:00,86400000000000.0,112.06,112.06,['40.00 USD'],0.0,-40.00 USD,True
V5-PORTFOLIO,KrakenV5PortfolioStrategy-000,BCH/USD.KRAKEN,KRAKEN-001,O-20250723-000000-PORTFOLIO-000-2,O-20250802-000000-PORTFOLIO-000-7,BUY,FLAT,0.00000000,9.75419430,1753228800000000000,2025-07-23 00:00:00+00:00,1754092800000000000,2025-08-02 00:00:00+00:00,864000000000000.0,512.6,521.74,['40.36 USD'],0.01783,48.79 USD,True
V5-PORTFOLIO,KrakenV5PortfolioStrategy-000,BTC/USD.KRAKEN,KRAKEN-001,O-20250723-000000-PORTFOLIO-000-1,O-20250819-000000-PORTFOLIO-000-10,BUY,FLAT,0.00000000,0.04211048,1753228800000000000,2025-07-23 00:00:00+00:00,1755561600000000000,2025-08-19 00:00:00+00:00,2332800000000000.0,118735.3,112830.3,['39.01 USD'],-0.04973,-287.67 USD,True
V5-PORTFOLIO,KrakenV5PortfolioStrategy-000,ETH/USD.KRAKEN,KRAKEN-001,O-20250724-000000-PORTFOLIO-000-5,O-20250802-000000-PORTFOLIO-000-6,BUY,FLAT,0.00000000,1.14595166,1753315200000000000,2025-07-24 00:00:00+00:00,1754092800000000000,2025-08-02 00:00:00+00:00,777600000000000.0,3706.09,3392.97,['32.54 USD'],-0.08449,-391.36 USD,True
V5-PORTFOLIO,KrakenV5PortfolioStrategy-000,ETH/USD.KRAKEN,KRAKEN-001,O-20250804-000000-PORTFOLIO-000-8,O-20250819-000000-PORTFOLIO-000-11,BUY,FLAT,0.00000000,1.27147425,1754265600000000000,2025-08-04 00:00:00+00:00,1755561600000000000,2025-08-19 00:00:00+00:00,1296000000000000.0,3719.99,4074.66,['39.64 USD'],0.09534,411.31 USD,True
V5-PORTFOLIO,KrakenV5PortfolioStrategy-000,BCH/USD.KRAKEN,KRAKEN-001,O-20250804-000000-PORTFOLIO-000-9,O-20250829-000000-PORTFOLIO-000-14,BUY,FLAT,0.00000000,8.24522183,1754265600000000000,2025-08-04 00:00:00+00:00,1756425600000000000,2025-08-29 00:00:00+00:00,2160000000000000.0,573.65,531.0,['36.43 USD'],-0.07435,-388.09 USD,True
V5-PORTFOLIO,KrakenV5PortfolioStrategy-000,ETH/USD.KRAKEN,KRAKEN-001,O-20250822-000000-PORTFOLIO-000-13,O-20250922-000000-PORTFOLIO-000-16,BUY,FLAT,0.00000000,0.98335704,1755820800000000000,2025-08-22 00:00:00+00:00,1758499200000000000,2025-09-22 00:00:00+00:00,2678400000000000.0,4830.0,4203.07,['35.53 USD'],-0.1298,-652.03 USD,True
V5-PORTFOLIO,KrakenV5PortfolioStrategy-000,BTC/USD.KRAKEN,KRAKEN-001,O-20250822-000000-PORTFOLIO-000-12,O-20250925-000000-PORTFOLIO-000-19,BUY,FLAT,0.00000000,0.04065828,1755820800000000000,2025-08-22 00:00:00+00:00,1758758400000000000,2025-09-25 00:00:00+00:00,2937600000000000.0,116817.90000000001,109049.79999999999,['36.74 USD'],-0.0665,-352.58 USD,True
V5-PORTFOLIO,KrakenV5PortfolioStrategy-000,BCH/USD.KRAKEN,KRAKEN-001,O-20250903-000000-PORTFOLIO-000-15,O-20250922-000000-PORTFOLIO-000-18,BUY,FLAT,0.00000000,7.43902150,1756857600000000000,2025-09-03 00:00:00+00:00,1758499200000000000,2025-09-22 00:00:00+00:00,1641600000000000.0,603.68,567.67,['34.85 USD'],-0.05965,-302.73 USD,True
V5-PORTFOLIO,KrakenV5PortfolioStrategy-000,ETH/USD.KRAKEN,KRAKEN-001,O-20250922-000000-PORTFOLIO-000-17,O-20251010-000000-PORTFOLIO-000-23,BUY,FLAT,0.00000000,1.06378921,1758499200000000000,2025-09-22 00:00:00+00:00,1760054400000000000,2025-10-10 00:00:00+00:00,1555200000000000.0,4203.07,3837.22,['34.21 USD'],-0.08704,-423.40 USD,True
V5-PORTFOLIO,KrakenV5PortfolioStrategy-000,BCH/USD.KRAKEN,KRAKEN-001,O-20250927-000000-PORTFOLIO-000-21,O-20251010-000000-PORTFOLIO-000-26,BUY,FLAT,0.00000000,8.59768876,1758931200000000000,2025-09-27 00:00:00+00:00,1760054400000000000,2025-10-10 00:00:00+00:00,1123200000000000.0,544.08,513.9,['36.38 USD'],-0.05547,-295.86 USD,True
V5-PORTFOLIO,KrakenV5PortfolioStrategy-000,BTC/USD.KRAKEN,KRAKEN-001,O-20250927-000000-PORTFOLIO-000-20,O-20251010-000000-PORTFOLIO-000-22,BUY,FLAT,0.00000000,0.04263406,1758931200000000000,2025-09-27 00:00:00+00:00,1760054400000000000,2025-10-10 00:00:00+00:00,1123200000000000.0,109720.5,113000.09999999999,['37.98 USD'],0.02989,101.84 USD,True
V5-PORTFOLIO,KrakenV5PortfolioStrategy-000,BTC/USD.KRAKEN,KRAKEN-001,O-20251010-000000-PORTFOLIO-000-24,O-20251016-000000-PORTFOLIO-000-28,BUY,FLAT,0.00000000,0.04116261,1760054400000000000,2025-10-10 00:00:00+00:00,1760572800000000000,2025-10-16 00:00:00+00:00,518400000000000.0,113000.09999999999,108182.3,['36.42 USD'],-0.04264,-234.73 USD,True
V5-PORTFOLIO,KrakenV5PortfolioStrategy-000,ETH/USD.KRAKEN,KRAKEN-001,O-20251010-000000-PORTFOLIO-000-25,O-20251103-000000-PORTFOLIO-000-37,BUY,FLAT,0.00000000,1.21217405,1760054400000000000,2025-10-10 00:00:00+00:00,1762128000000000000,2025-11-03 00:00:00+00:00,2073600000000000.0,3837.22,3601.99,['36.07 USD'],-0.0613,-321.21 USD,False
V5-PORTFOLIO,KrakenV5PortfolioStrategy-000,BCH/USD.KRAKEN,KRAKEN-001,O-20251015-000000-PORTFOLIO-000-27,O-20251016-000000-PORTFOLIO-000-31,BUY,FLAT,0.00000000,8.43111313,1760486400000000000,2025-10-15 00:00:00+00:00,1760572800000000000,2025-10-16 00:00:00+00:00,86400000000000.0,522.4,504.64,['34.64 USD'],-0.034,-184.38 USD,True
V5-PORTFOLIO,KrakenV5PortfolioStrategy-000,SOL/USD.KRAKEN,KRAKEN-001,O-20251016-000000-PORTFOLIO-000-29,O-20251016-000000-PORTFOLIO-000-30,BUY,FLAT,0.0000,22.7124,1760572800000000000,2025-10-16 00:00:00+00:00,1760572800000000000,2025-10-16 00:00:00+00:00,,193.95,184.86,['34.41 USD'],-0.04687,-240.87 USD,False
V5-PORTFOLIO,KrakenV5PortfolioStrategy-000,BTC/USD.KRAKEN,KRAKEN-001,O-20251027-000000-PORTFOLIO-000-32,O-20251030-000000-PORTFOLIO-000-34,BUY,FLAT,0.00000000,0.04033985,1761523200000000000,2025-10-27 00:00:00+00:00,1761782400000000000,2025-10-30 00:00:00+00:00,259200000000000.0,114153.0,108302.7,['35.90 USD'],-0.05125,-271.90 USD,True
V5-PORTFOLIO,KrakenV5PortfolioStrategy-000,BCH/USD.KRAKEN,KRAKEN-001,O-20251027-000000-PORTFOLIO-000-33,O-20251103-000000-PORTFOLIO-000-38,BUY,FLAT,0.00000000,8.29370621,1761523200000000000,2025-10-27 00:00:00+00:00,1762128000000000000,2025-11-03 00:00:00+00:00,604800000000000.0,555.23,505.87,['35.20 USD'],-0.0889,-444.58 USD,True
V5-PORTFOLIO,KrakenV5PortfolioStrategy-000,BTC/USD.KRAKEN,KRAKEN-001,O-20251102-000000-PORTFOLIO-000-35,O-20251103-000000-PORTFOLIO-000-36,BUY,FLAT,0.00000000,0.03942643,1762041600000000000,2025-11-02 00:00:00+00:00,1762128000000000000,2025-11-03 00:00:00+00:00,86400000000000.0,110589.6,106538.3,['34.24 USD'],-0.03663,-193.97 USD,False
V5-PORTFOLIO,KrakenV5PortfolioStrategy-000,LTC/USD.KRAKEN,KRAKEN-001,O-20251108-000000-PORTFOLIO-000-39,O-20251111-000000-PORTFOLIO-000-40,BUY,FLAT,0.00000000,44.76041510,1762560000000000000,2025-11-08 00:00:00+00:00,1762819200000000000,2025-11-11 00:00:00+00:00,259200000000000.0,106.72,99.62,['36.95 USD'],-0.06653,-354.75 USD,False
V5-PORTFOLIO,KrakenV5PortfolioStrategy-000,BCH/USD.KRAKEN,KRAKEN-001,O-20251126-000000-PORTFOLIO-000-41,,BUY,LONG,8.74913871,8.74913871,1764115200000000000,2025-11-26 00:00:00+00:00,1764115200000000000,,,543.95,,['19.04 USD'],0.0,-19.04 USD,False
