position_id,trader_id,strategy_id,instrument_id,account_id,opening_order_id,closing_order_id,entry,side,quantity,peak_qty,ts_init,ts_opened,ts_last,ts_closed,duration_ns,avg_px_open,avg_px_close,commissions,realized_return,realized_pnl,is_snapshot
BTC/USD.KRAKEN-KrakenBTCUSDResearchStrategy-000-48865c59-6457-430c-b975-5b87ede3a0ea,KRAKEN-BACKTEST,KrakenBTCUSDResearchStrategy-000,BTC/USD.KRAKEN,KRAKEN-001,O-20260101-091500-BACKTEST-000-1,O-20260101-092500-BACKTEST-000-2,BUY,FLAT,0.00000000,0.03411198,1767258900000000000,2026-01-01 09:15:00+00:00,1767259500000000000,2026-01-01 09:25:00+00:00,600000000000,87945.62,87836.01999999999,['23.99 USD'],-0.00125,-27.73 USD,True
BTC/USD.KRAKEN-KrakenBTCUSDResearchStrategy-000-4af48bef-8fee-40e4-a443-eb47c864862b,KRAKEN-BACKTEST,KrakenBTCUSDResearchStrategy-000,BTC/USD.KRAKEN,KRAKEN-001,O-20260101-115000-BACKTEST-000-3,O-20260101-134500-BACKTEST-000-4,BUY,FLAT,0.00000000,0.03400038,1767268200000000000,2026-01-01 11:50:00+00:00,1767275100000000000,2026-01-01 13:45:00+00:00,6900000000000,87989.62,87898.09,['23.92 USD'],-0.00104,-27.03 USD,True
BTC/USD.KRAKEN-KrakenBTCUSDResearchStrategy-000-d46aa43b-ad06-423d-8ea5-11a3453c7fb2,KRAKEN-BACKTEST,KrakenBTCUSDResearchStrategy-000,BTC/USD.KRAKEN,KRAKEN-001,O-20260101-172000-BACKTEST-000-5,O-20260102-020500-BACKTEST-000-6,BUY,FLAT,0.00000000,0.03382718,1767288000000000000,2026-01-01 17:20:00+00:00,1767319500000000000,2026-01-02 02:05:00+00:00,31500000000000,88200.42,88471.89,['23.90 USD'],0.00308,-14.72 USD,True
BTC/USD.KRAKEN-KrakenBTCUSDResearchStrategy-000-21eddfd2-6884-4cb9-9b7a-fa6d9cdc4373,KRAKEN-BACKTEST,KrakenBTCUSDResearchStrategy-000,BTC/USD.KRAKEN,KRAKEN-001,O-20260102-083000-BACKTEST-000-7,O-20260102-141000-BACKTEST-000-8,BUY,FLAT,0.00000000,0.03342746,1767342600000000000,2026-01-02 08:30:00+00:00,1767363000000000000,2026-01-02 14:10:00+00:00,20400000000000,89123.01000000001,89133.35,['23.84 USD'],0.00012,-23.49 USD,True
BTC/USD.KRAKEN-KrakenBTCUSDResearchStrategy-000-a2eef408-9abd-470c-9d53-9dc48f325ece,KRAKEN-BACKTEST,KrakenBTCUSDResearchStrategy-000,BTC/USD.KRAKEN,KRAKEN-001,O-20260102-163000-BACKTEST-000-9,O-20260102-183000-BACKTEST-000-10,BUY,FLAT,0.00000000,0.03275362,1767371400000000000,2026-01-02 16:30:00+00:00,1767378600000000000,2026-01-02 18:30:00+00:00,7200000000000,90741.29,90133.72,['23.70 USD'],-0.0067,-43.60 USD,True
BTC/USD.KRAKEN-KrakenBTCUSDResearchStrategy-000-061e7274-4ff9-4d79-8f18-769a429fd3e0,KRAKEN-BACKTEST,KrakenBTCUSDResearchStrategy-000,BTC/USD.KRAKEN,KRAKEN-001,O-20260103-142000-BACKTEST-000-11,O-20260103-150000-BACKTEST-000-12,BUY,FLAT,0.00000000,0.03280761,1767450000000000000,2026-01-03 14:20:00+00:00,1767452400000000000,2026-01-03 15:00:00+00:00,2400000000000,90193.27,90058.71,['23.66 USD'],-0.00149,-28.07 USD,True
BTC/USD.KRAKEN-KrakenBTCUSDResearchStrategy-000-b88508de-24b5-48f7-82e1-234be218ad2f,KRAKEN-BACKTEST,KrakenBTCUSDResearchStrategy-000,BTC/USD.KRAKEN,KRAKEN-001,O-20260103-203000-BACKTEST-000-13,O-20260104-115000-BACKTEST-000-14,BUY,FLAT,0.00000000,0.03270452,1767472200000000000,2026-01-03 20:30:00+00:00,1767527400000000000,2026-01-04 11:50:00+00:00,55200000000000,90220.0,91245.99,['23.74 USD'],0.01137,9.81 USD,True
BTC/USD.KRAKEN-KrakenBTCUSDResearchStrategy-000-ffa832c0-1ff4-4025-8d19-e7746744f525,KRAKEN-BACKTEST,KrakenBTCUSDResearchStrategy-000,BTC/USD.KRAKEN,KRAKEN-001,O-20260104-235500-BACKTEST-000-15,O-20260105-055500-BACKTEST-000-16,BUY,FLAT,0.00000000,0.03226872,1767570900000000000,2026-01-04 23:55:00+00:00,1767592500000000000,2026-01-05 05:55:00+00:00,21600000000000,91529.73000000001,92359.99,['23.73 USD'],0.00907,3.06 USD,True
BTC/USD.KRAKEN-KrakenBTCUSDResearchStrategy-000-88090545-f136-43ff-8451-71714116b442,KRAKEN-BACKTEST,KrakenBTCUSDResearchStrategy-000,BTC/USD.KRAKEN,KRAKEN-001,O-20260105-101000-BACKTEST-000-17,O-20260105-133000-BACKTEST-000-18,BUY,FLAT,0.00000000,0.03179729,1767607800000000000,2026-01-05 10:10:00+00:00,1767619800000000000,2026-01-05 13:30:00+00:00,12000000000000,92915.65000000001,92712.0,['23.61 USD'],-0.00219,-30.09 USD,True
BTC/USD.KRAKEN-KrakenBTCUSDResearchStrategy-000-e63e9bce-4328-474d-be0d-71f2b1c12cd9,KRAKEN-BACKTEST,KrakenBTCUSDResearchStrategy-000,BTC/USD.KRAKEN,KRAKEN-001,O-20260105-144000-BACKTEST-000-19,O-20260105-233500-BACKTEST-000-20,BUY,FLAT,0.00000000,0.03157520,1767624000000000000,2026-01-05 14:40:00+00:00,1767656100000000000,2026-01-05 23:35:00+00:00,32100000000000,93283.28,93874.03,['23.64 USD'],0.00633,-4.99 USD,True
BTC/USD.KRAKEN-KrakenBTCUSDResearchStrategy-000-628a0351-c3ac-4dd8-a685-e3925e52d955,KRAKEN-BACKTEST,KrakenBTCUSDResearchStrategy-000,BTC/USD.KRAKEN,KRAKEN-001,O-20260106-114500-BACKTEST-000-21,O-20260106-132500-BACKTEST-000-22,BUY,FLAT,0.00000000,0.03135560,1767699900000000000,2026-01-06 11:45:00+00:00,1767705900000000000,2026-01-06 13:25:00+00:00,6000000000000,93888.87,93729.88,['23.54 USD'],-0.00169,-28.53 USD,True
BTC/USD.KRAKEN-KrakenBTCUSDResearchStrategy-000-ee6eae9e-2444-41a3-923a-7e9209b90eb9,KRAKEN-BACKTEST,KrakenBTCUSDResearchStrategy-000,BTC/USD.KRAKEN,KRAKEN-001,O-20260108-155500-BACKTEST-000-23,O-20260108-200000-BACKTEST-000-24,BUY,FLAT,0.00000000,0.03233460,1767887700000000000,2026-01-08 15:55:00+00:00,1767902400000000000,2026-01-08 20:00:00+00:00,14700000000000,90781.57,90712.66,['23.47 USD'],-0.00076,-25.70 USD,True
BTC/USD.KRAKEN-KrakenBTCUSDResearchStrategy-000-a9b55202-f28a-4267-8b22-67e61f2ac7a5,KRAKEN-BACKTEST,KrakenBTCUSDResearchStrategy-000,BTC/USD.KRAKEN,KRAKEN-001,O-20260109-012500-BACKTEST-000-25,O-20260109-013000-BACKTEST-000-26,BUY,FLAT,0.00000000,0.03199715,1767921900000000000,2026-01-09 01:25:00+00:00,1767922200000000000,2026-01-09 01:30:00+00:00,300000000000,91498.0,91147.27,['23.38 USD'],-0.00383,-34.60 USD,True
BTC/USD.KRAKEN-KrakenBTCUSDResearchStrategy-000-e05143be-a15f-4dbc-81d9-154cd7d6c49f,KRAKEN-BACKTEST,KrakenBTCUSDResearchStrategy-000,BTC/USD.KRAKEN,KRAKEN-001,O-20260110-020000-BACKTEST-000-27,O-20260110-023500-BACKTEST-000-28,BUY,FLAT,0.00000000,0.03215207,1768010400000000000,2026-01-10 02:00:00+00:00,1768012500000000000,2026-01-10 02:35:00+00:00,2100000000000,90734.20000000001,90652.42,['23.33 USD'],-0.0009,-25.96 USD,True
BTC/USD.KRAKEN-KrakenBTCUSDResearchStrategy-000-04c1d53c-fd16-4539-94bc-2cba72471880,KRAKEN-BACKTEST,KrakenBTCUSDResearchStrategy-000,BTC/USD.KRAKEN,KRAKEN-001,O-20260110-080000-BACKTEST-000-29,O-20260110-080500-BACKTEST-000-30,BUY,FLAT,0.00000000,0.03206704,1768032000000000000,2026-01-10 08:00:00+00:00,1768032300000000000,2026-01-10 08:05:00+00:00,300000000000,90731.94,90650.01,['23.27 USD'],-0.0009,-25.90 USD,True
BTC/USD.KRAKEN-KrakenBTCUSDResearchStrategy-000-77f1fa20-4311-4eb3-951f-e1e377141505,KRAKEN-BACKTEST,KrakenBTCUSDResearchStrategy-000,BTC/USD.KRAKEN,KRAKEN-001,O-20260110-095000-BACKTEST-000-31,O-20260110-123000-BACKTEST-000-32,BUY,FLAT,0.00000000,0.03197619,1768038600000000000,2026-01-10 09:50:00+00:00,1768048200000000000,2026-01-10 12:30:00+00:00,9600000000000,90746.81,90665.76,['23.21 USD'],-0.00089,-25.80 USD,True
BTC/USD.KRAKEN-KrakenBTCUSDResearchStrategy-000-aa809708-4f64-44f2-904b-a1badca6f23b,KRAKEN-BACKTEST,KrakenBTCUSDResearchStrategy-000,BTC/USD.KRAKEN,KRAKEN-001,O-20260111-010500-BACKTEST-000-33,O-20260111-012000-BACKTEST-000-34,BUY,FLAT,0.00000000,0.03192116,1768093500000000000,2026-01-11 01:05:00+00:00,1768094400000000000,2026-01-11 01:20:00+00:00,900000000000,90660.8,90583.06,['23.15 USD'],-0.00086,-25.63 USD,True
BTC/USD.KRAKEN-KrakenBTCUSDResearchStrategy-000-9add30e0-437d-4002-bc7e-51058225d7a8,KRAKEN-BACKTEST,KrakenBTCUSDResearchStrategy-000,BTC/USD.KRAKEN,KRAKEN-001,O-20260111-024500-BACKTEST-000-35,O-20260111-030500-BACKTEST-000-36,BUY,FLAT,0.00000000,0.03181502,1768099500000000000,2026-01-11 02:45:00+00:00,1768100700000000000,2026-01-11 03:05:00+00:00,1200000000000,90721.58,90656.90999999999,['23.09 USD'],-0.00071,-25.15 USD,True
BTC/USD.KRAKEN-KrakenBTCUSDResearchStrategy-000-3567bf7c-f338-4dc2-a12c-76c1914c4808,KRAKEN-BACKTEST,KrakenBTCUSDResearchStrategy-000,BTC/USD.KRAKEN,KRAKEN-001,O-20260111-043500-BACKTEST-000-37,O-20260111-061500-BACKTEST-000-38,BUY,FLAT,0.00000000,0.03171909,1768106100000000000,2026-01-11 04:35:00+00:00,1768112100000000000,2026-01-11 06:15:00+00:00,6000000000000,90758.08,90695.62,['23.03 USD'],-0.00069,-25.01 USD,True
BTC/USD.KRAKEN-KrakenBTCUSDResearchStrategy-000-cfa8241d-a1f8-49b3-b73a-7760d90c213b,KRAKEN-BACKTEST,KrakenBTCUSDResearchStrategy-000,BTC/USD.KRAKEN,KRAKEN-001,O-20260111-121500-BACKTEST-000-39,O-20260111-154000-BACKTEST-000-40,BUY,FLAT,0.00000000,0.03160646,1768133700000000000,2026-01-11 12:15:00+00:00,1768146000000000000,2026-01-11 15:40:00+00:00,12300000000000,90844.09999999999,90844.2,['22.98 USD'],0.0,-22.98 USD,True
BTC/USD.KRAKEN-KrakenBTCUSDResearchStrategy-000-4515f324-400a-4b67-9976-d1777568b4be,KRAKEN-BACKTEST,KrakenBTCUSDResearchStrategy-000,BTC/USD.KRAKEN,KRAKEN-001,O-20260112-001500-BACKTEST-000-41,O-20260112-073500-BACKTEST-000-42,BUY,FLAT,0.00000000,0.03141039,1768176900000000000,2026-01-12 00:15:00+00:00,1768203300000000000,2026-01-12 07:35:00+00:00,26400000000000,91191.7,91668.09999999999,['22.98 USD'],0.00522,-8.02 USD,True
BTC/USD.KRAKEN-KrakenBTCUSDResearchStrategy-000-3dc0a7b4-bc70-448c-8074-8a14e0107b43,KRAKEN-BACKTEST,KrakenBTCUSDResearchStrategy-000,BTC/USD.KRAKEN,KRAKEN-001,O-20260112-153500-BACKTEST-000-43,O-20260112-173000-BACKTEST-000-44,BUY,FLAT,0.00000000,0.03127612,1768232100000000000,2026-01-12 15:35:00+00:00,1768239000000000000,2026-01-12 17:30:00+00:00,6900000000000,91506.25,91127.17,['22.85 USD'],-0.00414,-34.71 USD,True
BTC/USD.KRAKEN-KrakenBTCUSDResearchStrategy-000-ab31b935-8cea-4fbf-829d-087200ab4cf8,KRAKEN-BACKTEST,KrakenBTCUSDResearchStrategy-000,BTC/USD.KRAKEN,KRAKEN-001,O-20260113-051000-BACKTEST-000-45,O-20260113-120000-BACKTEST-000-46,BUY,FLAT,0.00000000,0.03108024,1768281000000000000,2026-01-13 05:10:00+00:00,1768305600000000000,2026-01-13 12:00:00+00:00,24600000000000,91747.94,91968.43,['22.84 USD'],0.0024,-15.99 USD,True
BTC/USD.KRAKEN-KrakenBTCUSDResearchStrategy-000-6d4c95be-953f-4f6d-bbec-8c08a3723a47,KRAKEN-BACKTEST,KrakenBTCUSDResearchStrategy-000,BTC/USD.KRAKEN,KRAKEN-001,O-20260113-143500-BACKTEST-000-47,O-20260113-150000-BACKTEST-000-48,BUY,FLAT,0.00000000,0.03070251,1768314900000000000,2026-01-13 14:35:00+00:00,1768316400000000000,2026-01-13 15:00:00+00:00,1500000000000,92720.44,92258.31,['22.72 USD'],-0.00498,-36.91 USD,True
BTC/USD.KRAKEN-KrakenBTCUSDResearchStrategy-000-5e3a464f-82d8-498d-b6ef-a045553eafef,KRAKEN-BACKTEST,KrakenBTCUSDResearchStrategy-000,BTC/USD.KRAKEN,KRAKEN-001,O-20260113-155500-BACKTEST-000-49,O-20260114-052000-BACKTEST-000-50,BUY,FLAT,0.00000000,0.03034433,1768319700000000000,2026-01-13 15:55:00+00:00,1768368000000000000,2026-01-14 05:20:00+00:00,48300000000000,93449.99,95028.0,['22.87 USD'],0.01689,25.01 USD,True
BTC/USD.KRAKEN-KrakenBTCUSDResearchStrategy-000-a82a0a04-1cec-4096-8e39-bd44dca62583,KRAKEN-BACKTEST,KrakenBTCUSDResearchStrategy-000,BTC/USD.KRAKEN,KRAKEN-001,O-20260114-140500-BACKTEST-000-51,O-20260114-225000-BACKTEST-000-52,BUY,FLAT,0.00000000,0.02983570,1768399500000000000,2026-01-14 14:05:00+00:00,1768431000000000000,2026-01-14 22:50:00+00:00,31500000000000,95294.59,96971.94,['22.94 USD'],0.0176,27.10 USD,True
BTC/USD.KRAKEN-KrakenBTCUSDResearchStrategy-000-14fd770f-2bb8-40a2-9a72-d77fa6613449,KRAKEN-BACKTEST,KrakenBTCUSDResearchStrategy-000,BTC/USD.KRAKEN,KRAKEN-001,O-20260115-093500-BACKTEST-000-53,O-20260115-110500-BACKTEST-000-54,BUY,FLAT,0.00000000,0.02940257,1768469700000000000,2026-01-15 09:35:00+00:00,1768475100000000000,2026-01-15 11:05:00+00:00,5400000000000,96974.98,96748.26999999999,['22.79 USD'],-0.00234,-29.46 USD,True
BTC/USD.KRAKEN-KrakenBTCUSDResearchStrategy-000-4a210ae4-da96-4db1-8d40-81f813d3c500,KRAKEN-BACKTEST,KrakenBTCUSDResearchStrategy-000,BTC/USD.KRAKEN,KRAKEN-001,O-20260117-121000-BACKTEST-000-55,O-20260117-121500-BACKTEST-000-56,BUY,FLAT,0.00000000,0.02980717,1768651800000000000,2026-01-17 12:10:00+00:00,1768652100000000000,2026-01-17 12:15:00+00:00,300000000000,95362.25,95292.32,['22.73 USD'],-0.00073,-24.81 USD,True
BTC/USD.KRAKEN-KrakenBTCUSDResearchStrategy-000-8e50aed7-c45b-4ca5-a12a-030d3c833fc9,KRAKEN-BACKTEST,KrakenBTCUSDResearchStrategy-000,BTC/USD.KRAKEN,KRAKEN-001,O-20260117-133000-BACKTEST-000-57,O-20260117-162000-BACKTEST-000-58,BUY,FLAT,0.00000000,0.02972290,1768656600000000000,2026-01-17 13:30:00+00:00,1768666800000000000,2026-01-17 16:20:00+00:00,10200000000000,95382.09,95322.56999999999,['22.67 USD'],-0.00062,-24.44 USD,True
BTC/USD.KRAKEN-KrakenBTCUSDResearchStrategy-000-0e101479-7c13-4f43-86fc-99bd6214f49c,KRAKEN-BACKTEST,KrakenBTCUSDResearchStrategy-000,BTC/USD.KRAKEN,KRAKEN-001,O-20260118-094500-BACKTEST-000-59,O-20260118-100000-BACKTEST-000-60,BUY,FLAT,0.00000000,0.02967817,1768729500000000000,2026-01-18 09:45:00+00:00,1768730400000000000,2026-01-18 10:00:00+00:00,900000000000,95278.8,95089.45,['22.60 USD'],-0.00199,-28.22 USD,True
BTC/USD.KRAKEN-KrakenBTCUSDResearchStrategy-000-7165c704-8283-4902-9b56-b6afa7db0910,KRAKEN-BACKTEST,KrakenBTCUSDResearchStrategy-000,BTC/USD.KRAKEN,KRAKEN-001,O-20260118-184500-BACKTEST-000-61,O-20260118-200500-BACKTEST-000-62,BUY,FLAT,0.00000000,0.02953953,1768761900000000000,2026-01-18 18:45:00+00:00,1768766700000000000,2026-01-18 20:05:00+00:00,4800000000000,95439.37999999999,95303.3,['22.54 USD'],-0.00143,-26.56 USD,True
BTC/USD.KRAKEN-KrakenBTCUSDResearchStrategy-000-cde6d0b5-dd4d-466d-b033-418830dba4e5,KRAKEN-BACKTEST,KrakenBTCUSDResearchStrategy-000,BTC/USD.KRAKEN,KRAKEN-001,O-20260118-221000-BACKTEST-000-63,O-20260118-223000-BACKTEST-000-64,BUY,FLAT,0.00000000,0.02943065,1768774200000000000,2026-01-18 22:10:00+00:00,1768775400000000000,2026-01-18 22:30:00+00:00,1200000000000,95521.74,95450.0,['22.49 USD'],-0.00075,-24.60 USD,True
BTC/USD.KRAKEN-KrakenBTCUSDResearchStrategy-000-a534e7b9-273e-4625-8d37-596f8677dd95,KRAKEN-BACKTEST,KrakenBTCUSDResearchStrategy-000,BTC/USD.KRAKEN,KRAKEN-001,O-20260119-163000-BACKTEST-000-65,O-20260119-182000-BACKTEST-000-66,BUY,FLAT,0.00000000,0.03006892,1768840200000000000,2026-01-19 16:30:00+00:00,1768846800000000000,2026-01-19 18:20:00+00:00,6600000000000,93248.66,93064.41,['22.41 USD'],-0.00198,-27.95 USD,True
BTC/USD.KRAKEN-KrakenBTCUSDResearchStrategy-000-778bdc2e-fb0b-48df-b835-37ea2eea5738,KRAKEN-BACKTEST,KrakenBTCUSDResearchStrategy-000,BTC/USD.KRAKEN,KRAKEN-001,O-20260121-053000-BACKTEST-000-67,O-20260121-073000-BACKTEST-000-68,BUY,FLAT,0.00000000,0.03116397,1768973400000000000,2026-01-21 05:30:00+00:00,1768980600000000000,2026-01-21 07:30:00+00:00,7200000000000,89703.01000000001,89432.84,['22.33 USD'],-0.00301,-30.75 USD,True
BTC/USD.KRAKEN-KrakenBTCUSDResearchStrategy-000-40a1e8c8-4bad-4cff-b406-4cf0e1d0e40e,KRAKEN-BACKTEST,KrakenBTCUSDResearchStrategy-000,BTC/USD.KRAKEN,KRAKEN-001,O-20260121-150500-BACKTEST-000-69,O-20260121-162000-BACKTEST-000-70,BUY,FLAT,0.00000000,0.03090964,1769007900000000000,2026-01-21 15:05:00+00:00,1769012400000000000,2026-01-21 16:20:00+00:00,4500000000000,90142.64,89457.79999999999,['22.21 USD'],-0.0076,-43.38 USD,True
BTC/USD.KRAKEN-KrakenBTCUSDResearchStrategy-000-67bd1476-2035-4c79-bd88-726004578dfa,KRAKEN-BACKTEST,KrakenBTCUSDResearchStrategy-000,BTC/USD.KRAKEN,KRAKEN-001,O-20260122-132500-BACKTEST-000-71,O-20260122-133000-BACKTEST-000-72,BUY,FLAT,0.00000000,0.03074667,1769088300000000000,2026-01-22 13:25:00+00:00,1769088600000000000,2026-01-22 13:30:00+00:00,300000000000,90197.15999999999,89975.0,['22.16 USD'],-0.00246,-28.99 USD,True
BTC/USD.KRAKEN-KrakenBTCUSDResearchStrategy-000-2ec8659d-a4b3-4df8-9e16-6b36b936cb0a,KRAKEN-BACKTEST,KrakenBTCUSDResearchStrategy-000,BTC/USD.KRAKEN,KRAKEN-001,O-20260123-012500-BACKTEST-000-73,O-20260123-052000-BACKTEST-000-74,BUY,FLAT,0.00000000,0.03082248,1769131500000000000,2026-01-23 01:25:00+00:00,1769145600000000000,2026-01-23 05:20:00+00:00,14100000000000,89693.15999999999,89643.52,['22.11 USD'],-0.00055,-23.64 USD,True
BTC/USD.KRAKEN-KrakenBTCUSDResearchStrategy-000-b56a2361-8cc4-40df-b8f3-af2a830a8117,KRAKEN-BACKTEST,KrakenBTCUSDResearchStrategy-000,BTC/USD.KRAKEN,KRAKEN-001,O-20260123-142000-BACKTEST-000-75,O-20260123-143000-BACKTEST-000-76,BUY,FLAT,0.00000000,0.03077384,1769178000000000000,2026-01-23 14:20:00+00:00,1769178600000000000,2026-01-23 14:30:00+00:00,600000000000,89604.47,89145.6,['22.00 USD'],-0.00512,-36.12 USD,True
BTC/USD.KRAKEN-KrakenBTCUSDResearchStrategy-000-96da582e-df7b-4417-ad75-98f08fadbafe,KRAKEN-BACKTEST,KrakenBTCUSDResearchStrategy-000,BTC/USD.KRAKEN,KRAKEN-001,O-20260123-163500-BACKTEST-000-77,O-20260123-192500-BACKTEST-000-78,BUY,FLAT,0.00000000,0.03045122,1769186100000000000,2026-01-23 16:35:00+00:00,1769196300000000000,2026-01-23 19:25:00+00:00,10200000000000,90197.95,89845.83,['21.93 USD'],-0.0039,-32.65 USD,True
BTC/USD.KRAKEN-KrakenBTCUSDResearchStrategy-000-b4f0fdd3-877d-4cc8-afad-4324cd18a824,KRAKEN-BACKTEST,KrakenBTCUSDResearchStrategy-000,BTC/USD.KRAKEN,KRAKEN-001,O-20260124-031000-BACKTEST-000-79,O-20260124-034500-BACKTEST-000-80,BUY,FLAT,0.00000000,0.03045222,1769224200000000000,2026-01-24 03:10:00+00:00,1769226300000000000,2026-01-24 03:45:00+00:00,2100000000000,89873.31999999999,89750.0,['21.88 USD'],-0.00137,-25.64 USD,True
BTC/USD.KRAKEN-KrakenBTCUSDResearchStrategy-000-33535e6a-11ef-4856-9955-1c928098bbfa,KRAKEN-BACKTEST,KrakenBTCUSDResearchStrategy-000,BTC/USD.KRAKEN,KRAKEN-001,O-20260125-134500-BACKTEST-000-81,O-20260125-142000-BACKTEST-000-82,BUY,FLAT,0.00000000,0.03070240,1769348700000000000,2026-01-25 13:45:00+00:00,1769350800000000000,2026-01-25 14:20:00+00:00,2100000000000,88890.55,88702.81,['21.81 USD'],-0.00211,-27.57 USD,True
BTC/USD.KRAKEN-KrakenBTCUSDResearchStrategy-000-4cb62800-77e5-4832-9d99-b60f9a1b9936,KRAKEN-BACKTEST,KrakenBTCUSDResearchStrategy-000,BTC/USD.KRAKEN,KRAKEN-001,O-20260126-022000-BACKTEST-000-83,O-20260126-032000-BACKTEST-000-84,BUY,FLAT,0.00000000,0.03098364,1769394000000000000,2026-01-26 02:20:00+00:00,1769397600000000000,2026-01-26 03:20:00+00:00,3600000000000,87816.76000000001,87501.62999999999,['21.72 USD'],-0.00359,-31.48 USD,True
BTC/USD.KRAKEN-KrakenBTCUSDResearchStrategy-000-ec27651a-9bef-43fa-9340-61ef5a49a80e,KRAKEN-BACKTEST,KrakenBTCUSDResearchStrategy-000,BTC/USD.KRAKEN,KRAKEN-001,O-20260126-080000-BACKTEST-000-85,O-20260126-090000-BACKTEST-000-86,BUY,FLAT,0.00000000,0.03077054,1769414400000000000,2026-01-26 08:00:00+00:00,1769418000000000000,2026-01-26 09:00:00+00:00,3600000000000,88118.01,87825.93,['21.66 USD'],-0.00331,-30.65 USD,True
BTC/USD.KRAKEN-KrakenBTCUSDResearchStrategy-000-8648bac3-a285-4e1c-9e3d-8380b4a8dfc7,KRAKEN-BACKTEST,KrakenBTCUSDResearchStrategy-000,BTC/USD.KRAKEN,KRAKEN-001,O-20260126-143500-BACKTEST-000-87,O-20260126-154000-BACKTEST-000-88,BUY,FLAT,0.00000000,0.03066660,1769438100000000000,2026-01-26 14:35:00+00:00,1769442000000000000,2026-01-26 15:40:00+00:00,3900000000000,88116.81999999999,87476.6,['21.54 USD'],-0.00727,-41.17 USD,True
BTC/USD.KRAKEN-KrakenBTCUSDResearchStrategy-000-e3ad8a28-748a-4351-a6c2-d8d5fa6d1260,KRAKEN-BACKTEST,KrakenBTCUSDResearchStrategy-000,BTC/USD.KRAKEN,KRAKEN-001,O-20260126-233000-BACKTEST-000-89,O-20260127-000000-BACKTEST-000-90,BUY,FLAT,0.00000000,0.03037710,1769470200000000000,2026-01-26 23:30:00+00:00,1769472000000000000,2026-01-27 00:00:00+00:00,1800000000000,88550.01,88272.77,['21.49 USD'],-0.00313,-29.91 USD,True
BTC/USD.KRAKEN-KrakenBTCUSDResearchStrategy-000-2797815f-126f-4228-9546-92d7597a4272,KRAKEN-BACKTEST,KrakenBTCUSDResearchStrategy-000,BTC/USD.KRAKEN,KRAKEN-001,O-20260127-020000-BACKTEST-000-91,O-20260127-045000-BACKTEST-000-92,BUY,FLAT,0.00000000,0.03020142,1769479200000000000,2026-01-27 02:00:00+00:00,1769489400000000000,2026-01-27 04:50:00+00:00,10200000000000,88767.99,88544.49,['21.42 USD'],-0.00252,-28.17 USD,True
BTC/USD.KRAKEN-KrakenBTCUSDResearchStrategy-000-2c3c8146-681f-4f1d-878f-4f2abf0cc368,KRAKEN-BACKTEST,KrakenBTCUSDResearchStrategy-000,BTC/USD.KRAKEN,KRAKEN-001,O-20260127-164000-BACKTEST-000-93,O-20260127-170500-BACKTEST-000-94,BUY,FLAT,0.00000000,0.03011601,1769532000000000000,2026-01-27 16:40:00+00:00,1769533500000000000,2026-01-27 17:05:00+00:00,1500000000000,88739.13,88171.6,['21.31 USD'],-0.0064,-38.40 USD,True
BTC/USD.KRAKEN-KrakenBTCUSDResearchStrategy-000-fd2b14fb-ecb5-4991-abcf-f304ba42cefd,KRAKEN-BACKTEST,KrakenBTCUSDResearchStrategy-000,BTC/USD.KRAKEN,KRAKEN-001,O-20260127-201500-BACKTEST-000-95,O-20260128-031500-BACKTEST-000-96,BUY,FLAT,0.00000000,0.02993933,1769544900000000000,2026-01-27 20:15:00+00:00,1769570100000000000,2026-01-28 03:15:00+00:00,25200000000000,88878.04000000001,89014.11,['21.30 USD'],0.00153,-17.23 USD,True
BTC/USD.KRAKEN-KrakenBTCUSDResearchStrategy-000-5d54b9eb-93ec-4cab-a7cb-6b435ecba65d,KRAKEN-BACKTEST,KrakenBTCUSDResearchStrategy-000,BTC/USD.KRAKEN,KRAKEN-001,O-20260128-095500-BACKTEST-000-97,O-20260128-144500-BACKTEST-000-98,BUY,FLAT,0.00000000,0.02965123,1769594100000000000,2026-01-28 09:55:00+00:00,1769611500000000000,2026-01-28 14:45:00+00:00,17400000000000,89567.25,89606.48,['21.25 USD'],0.00044,-20.09 USD,True
BTC/USD.KRAKEN-KrakenBTCUSDResearchStrategy-000-5a85e7b2-787c-47c7-a2c6-8cc95368c923,KRAKEN-BACKTEST,KrakenBTCUSDResearchStrategy-000,BTC/USD.KRAKEN,KRAKEN-001,O-20260130-143500-BACKTEST-000-99,O-20260130-152500-BACKTEST-000-100,BUY,FLAT,0.00000000,0.03174763,1769783700000000000,2026-01-30 14:35:00+00:00,1769786700000000000,2026-01-30 15:25:00+00:00,3000000000000,83463.0,82620.28000000001,['21.09 USD'],-0.0101,-47.84 USD,True
BTC/USD.KRAKEN-KrakenBTCUSDResearchStrategy-000-a9a923a2-2046-4b46-8263-4075d9de242d,KRAKEN-BACKTEST,KrakenBTCUSDResearchStrategy-000,BTC/USD.KRAKEN,KRAKEN-001,O-20260130-185500-BACKTEST-000-101,O-20260131-022000-BACKTEST-000-102,BUY,FLAT,0.00000000,0.02909343,1769799300000000000,2026-01-30 18:55:00+00:00,1769826000000000000,2026-01-31 02:20:00+00:00,26700000000000,83931.13,83868.48,['19.53 USD'],-0.00075,-21.35 USD,True
BTC/USD.KRAKEN-KrakenBTCUSDResearchStrategy-000-94af0a81-3984-47c5-9894-7c3b619a282f,KRAKEN-BACKTEST,KrakenBTCUSDResearchStrategy-000,BTC/USD.KRAKEN,KRAKEN-001,O-20260201-095500-BACKTEST-000-103,O-20260201-103500-BACKTEST-000-104,BUY,FLAT,0.00000000,0.03326392,1769939700000000000,2026-02-01 09:55:00+00:00,1769942100000000000,2026-02-01 10:35:00+00:00,2400000000000,79034.45000000001,78520.44,['20.97 USD'],-0.0065,-38.07 USD,True
BTC/USD.KRAKEN-KrakenBTCUSDResearchStrategy-000-66934ed3-6afc-4a9d-afe9-0536ade202ec,KRAKEN-BACKTEST,KrakenBTCUSDResearchStrategy-000,BTC/USD.KRAKEN,KRAKEN-001,O-20260202-081500-BACKTEST-000-105,O-20260202-193000-BACKTEST-000-106,BUY,FLAT,0.00000000,0.02873778,1770020100000000000,2026-02-02 08:15:00+00:00,1770060600000000000,2026-02-02 19:30:00+00:00,40500000000000,77187.1,78329.03,['17.87 USD'],0.01479,14.95 USD,True
BTC/USD.KRAKEN-KrakenBTCUSDResearchStrategy-000-590755f2-e302-4c05-8b86-d98ae1d2435c,KRAKEN-BACKTEST,KrakenBTCUSDResearchStrategy-000,BTC/USD.KRAKEN,KRAKEN-001,O-20260202-233500-BACKTEST-000-107,O-20260203-000000-BACKTEST-000-108,BUY,FLAT,0.00000000,0.03322687,1770075300000000000,2026-02-02 23:35:00+00:00,1770076800000000000,2026-02-03 00:00:00+00:00,1500000000000,78913.75,78534.0,['20.93 USD'],-0.00481,-33.55 USD,True
BTC/USD.KRAKEN-KrakenBTCUSDResearchStrategy-000-b6138015-028a-4c3d-8e88-4278c64ba2e4,KRAKEN-BACKTEST,KrakenBTCUSDResearchStrategy-000,BTC/USD.KRAKEN,KRAKEN-001,O-20260203-005500-BACKTEST-000-109,O-20260203-020500-BACKTEST-000-110,BUY,FLAT,0.00000000,0.03303590,1770080100000000000,2026-02-03 00:55:00+00:00,1770084300000000000,2026-02-03 02:05:00+00:00,4200000000000,79065.24,78745.2,['20.86 USD'],-0.00405,-31.43 USD,True
BTC/USD.KRAKEN-KrakenBTCUSDResearchStrategy-000-3d62cb7d-fdb0-4005-a3da-0263d1b9b4db,KRAKEN-BACKTEST,KrakenBTCUSDResearchStrategy-000,BTC/USD.KRAKEN,KRAKEN-001,O-20260204-033500-BACKTEST-000-111,O-20260204-045000-BACKTEST-000-112,BUY,FLAT,0.00000000,0.03387078,1770176100000000000,2026-02-04 03:35:00+00:00,1770180600000000000,2026-02-04 04:50:00+00:00,4500000000000,76837.99,76480.0,['20.77 USD'],-0.00466,-32.90 USD,True
BTC/USD.KRAKEN-KrakenBTCUSDResearchStrategy-000-4da367bb-b2aa-44df-b0a2-10c1521b23b4,KRAKEN-BACKTEST,KrakenBTCUSDResearchStrategy-000,BTC/USD.KRAKEN,KRAKEN-001,O-20260206-055000-BACKTEST-000-113,O-20260206-061000-BACKTEST-000-114,BUY,FLAT,0.00000000,0.03845467,1770357000000000000,2026-02-06 05:50:00+00:00,1770358200000000000,2026-02-06 06:10:00+00:00,1200000000000,66826.49,66176.69,['20.46 USD'],-0.00972,-45.45 USD,True
BTC/USD.KRAKEN-KrakenBTCUSDResearchStrategy-000-0b96102d-9991-49f8-81ea-f6fd62cf94df,KRAKEN-BACKTEST,KrakenBTCUSDResearchStrategy-000,BTC/USD.KRAKEN,KRAKEN-001,O-20260206-115000-BACKTEST-000-115,O-20260207-003000-BACKTEST-000-116,BUY,FLAT,0.00000000,0.03876836,1770378600000000000,2026-02-06 11:50:00+00:00,1770424200000000000,2026-02-07 00:30:00+00:00,45600000000000,66524.88,70007.76,['21.18 USD'],0.05235,113.85 USD,True
BTC/USD.KRAKEN-KrakenBTCUSDResearchStrategy-000-8fc3aea6-95f1-4984-9030-6b20b6e763f7,KRAKEN-BACKTEST,KrakenBTCUSDResearchStrategy-000,BTC/USD.KRAKEN,KRAKEN-001,O-20260207-040000-BACKTEST-000-117,O-20260207-052500-BACKTEST-000-118,BUY,FLAT,0.00000000,0.03675523,1770436800000000000,2026-02-07 04:00:00+00:00,1770441900000000000,2026-02-07 05:25:00+00:00,5100000000000,71097.79,70271.97,['20.78 USD'],-0.01162,-51.13 USD,True
BTC/USD.KRAKEN-KrakenBTCUSDResearchStrategy-000-fef808d7-d416-4f08-800e-edb245667b91,KRAKEN-BACKTEST,KrakenBTCUSDResearchStrategy-000,BTC/USD.KRAKEN,KRAKEN-001,O-20260208-073000-BACKTEST-000-119,O-20260208-164000-BACKTEST-000-120,BUY,FLAT,0.00000000,0.03733390,1770535800000000000,2026-02-08 07:30:00+00:00,1770568800000000000,2026-02-08 16:40:00+00:00,33000000000000,69584.85,70784.36,['20.96 USD'],0.01724,23.82 USD,True
BTC/USD.KRAKEN-KrakenBTCUSDResearchStrategy-000-e9677cfe-2cfa-452d-acf1-144cfd495b18,KRAKEN-BACKTEST,KrakenBTCUSDResearchStrategy-000,BTC/USD.KRAKEN,KRAKEN-001,O-20260208-195000-BACKTEST-000-121,O-20260208-200000-BACKTEST-000-122,BUY,FLAT,0.00000000,0.03644538,1770580200000000000,2026-02-08 19:50:00+00:00,1770580800000000000,2026-02-08 20:00:00+00:00,600000000000,71477.44,71059.53,['20.78 USD'],-0.00585,-36.01 USD,True
BTC/USD.KRAKEN-KrakenBTCUSDResearchStrategy-000-c01be777-46c2-41a2-974b-7d1b539c8fcb,KRAKEN-BACKTEST,KrakenBTCUSDResearchStrategy-000,BTC/USD.KRAKEN,KRAKEN-001,O-20260208-230500-BACKTEST-000-123,O-20260208-231000-BACKTEST-000-124,BUY,FLAT,0.00000000,0.03607257,1770591900000000000,2026-02-08 23:05:00+00:00,1770592200000000000,2026-02-08 23:10:00+00:00,300000000000,71916.68,71366.0,['20.68 USD'],-0.00766,-40.54 USD,True
BTC/USD.KRAKEN-KrakenBTCUSDResearchStrategy-000-d1613b70-350a-4bdc-a5ca-4c244ea8ec34,KRAKEN-BACKTEST,KrakenBTCUSDResearchStrategy-000,BTC/USD.KRAKEN,KRAKEN-001,O-20260209-173500-BACKTEST-000-125,O-20260209-213000-BACKTEST-000-126,BUY,FLAT,0.00000000,0.03659960,1770658500000000000,2026-02-09 17:35:00+00:00,1770672600000000000,2026-02-09 21:30:00+00:00,14100000000000,70548.79000000001,70001.64,['20.58 USD'],-0.00776,-40.61 USD,True
BTC/USD.KRAKEN-KrakenBTCUSDResearchStrategy-000-8b85bc42-4417-4840-8cf1-00360e3a9fad,KRAKEN-BACKTEST,KrakenBTCUSDResearchStrategy-000,BTC/USD.KRAKEN,KRAKEN-001,O-20260210-161000-BACKTEST-000-127,O-20260210-182500-BACKTEST-000-128,BUY,FLAT,0.00000000,0.02702498,1770739800000000000,2026-02-10 16:10:00+00:00,1770747900000000000,2026-02-10 18:25:00+00:00,8100000000000,69679.8,68903.74,['14.98 USD'],-0.01114,-35.95 USD,True
BTC/USD.KRAKEN-KrakenBTCUSDResearchStrategy-000-fc2b9787-660a-411a-9aa4-60c9e455f226,KRAKEN-BACKTEST,KrakenBTCUSDResearchStrategy-000,BTC/USD.KRAKEN,KRAKEN-001,O-20260211-010000-BACKTEST-000-129,O-20260211-012000-BACKTEST-000-130,BUY,FLAT,0.00000000,0.03693896,1770771600000000000,2026-02-11 01:00:00+00:00,1770772800000000000,2026-02-11 01:20:00+00:00,1200000000000,69278.79000000001,68996.90999999999,['20.43 USD'],-0.00407,-30.84 USD,True
BTC/USD.KRAKEN-KrakenBTCUSDResearchStrategy-000-1321b31b-0692-494d-b0e9-0375ef43fd9b,KRAKEN-BACKTEST,KrakenBTCUSDResearchStrategy-000,BTC/USD.KRAKEN,KRAKEN-001,O-20260211-140500-BACKTEST-000-131,O-20260211-143500-BACKTEST-000-132,BUY,FLAT,0.00000000,0.03749108,1770818700000000000,2026-02-11 14:05:00+00:00,1770820500000000000,2026-02-11 14:35:00+00:00,1800000000000,68011.68,67253.0,['20.29 USD'],-0.01116,-48.73 USD,True
BTC/USD.KRAKEN-KrakenBTCUSDResearchStrategy-000-e790607f-1b25-467c-af97-cd0a3c2c982e,KRAKEN-BACKTEST,KrakenBTCUSDResearchStrategy-000,BTC/USD.KRAKEN,KRAKEN-001,O-20260211-194000-BACKTEST-000-133,O-20260211-202500-BACKTEST-000-134,BUY,FLAT,0.00000000,0.03739515,1770838800000000000,2026-02-11 19:40:00+00:00,1770841500000000000,2026-02-11 20:25:00+00:00,2700000000000,67795.22,67213.3,['20.19 USD'],-0.00858,-41.95 USD,True
BTC/USD.KRAKEN-KrakenBTCUSDResearchStrategy-000-954f55c6-8645-49ec-9a1a-2ce45fff734e,KRAKEN-BACKTEST,KrakenBTCUSDResearchStrategy-000,BTC/USD.KRAKEN,KRAKEN-001,O-20260211-212000-BACKTEST-000-135,O-20260211-223000-BACKTEST-000-136,BUY,FLAT,0.00000000,0.03711825,1770844800000000000,2026-02-11 21:20:00+00:00,1770849000000000000,2026-02-11 22:30:00+00:00,4200000000000,67961.92,67545.19,['20.12 USD'],-0.00613,-35.59 USD,True
BTC/USD.KRAKEN-KrakenBTCUSDResearchStrategy-000-af0895d2-a49c-4e22-bf9d-e69c94fde778,KRAKEN-BACKTEST,KrakenBTCUSDResearchStrategy-000,BTC/USD.KRAKEN,KRAKEN-001,O-20260212-103000-BACKTEST-000-137,O-20260212-144000-BACKTEST-000-138,BUY,FLAT,0.00000000,0.03708756,1770892200000000000,2026-02-12 10:30:00+00:00,1770907200000000000,2026-02-12 14:40:00+00:00,15000000000000,67730.26999999999,67625.01000000001,['20.08 USD'],-0.00155,-23.98 USD,True
BTC/USD.KRAKEN-KrakenBTCUSDResearchStrategy-000-4741a7e8-8c58-42c7-b741-e3a0b8d47177,KRAKEN-BACKTEST,KrakenBTCUSDResearchStrategy-000,BTC/USD.KRAKEN,KRAKEN-001,O-20260213-014500-BACKTEST-000-139,O-20260213-044000-BACKTEST-000-140,BUY,FLAT,0.00000000,0.03763428,1770947100000000000,2026-02-13 01:45:00+00:00,1770957600000000000,2026-02-13 04:40:00+00:00,10500000000000,66555.19,66365.87,['20.01 USD'],-0.00284,-27.13 USD,True
BTC/USD.KRAKEN-KrakenBTCUSDResearchStrategy-000-9778b5af-8aef-4967-92d1-09ec646d218b,KRAKEN-BACKTEST,KrakenBTCUSDResearchStrategy-000,BTC/USD.KRAKEN,KRAKEN-001,O-20260213-090500-BACKTEST-000-141,O-20260214-043500-BACKTEST-000-142,BUY,FLAT,0.00000000,0.03738902,1770973500000000000,2026-02-13 09:05:00+00:00,1771043700000000000,2026-02-14 04:35:00+00:00,70200000000000,66774.0,68860.0,['20.29 USD'],0.03124,57.70 USD,True
BTC/USD.KRAKEN-KrakenBTCUSDResearchStrategy-000-a0b398e4-58e4-4b13-a9e4-40f653db3595,KRAKEN-BACKTEST,KrakenBTCUSDResearchStrategy-000,BTC/USD.KRAKEN,KRAKEN-001,O-20260214-074000-BACKTEST-000-143,O-20260214-130000-BACKTEST-000-144,BUY,FLAT,0.00000000,0.03633810,1771054800000000000,2026-02-14 07:40:00+00:00,1771074000000000000,2026-02-14 13:00:00+00:00,19200000000000,69181.6,69455.02,['20.16 USD'],0.00395,-10.22 USD,True
BTC/USD.KRAKEN-KrakenBTCUSDResearchStrategy-000-510327b2-6b00-4f56-af4c-873db509616e,KRAKEN-BACKTEST,KrakenBTCUSDResearchStrategy-000,BTC/USD.KRAKEN,KRAKEN-001,O-20260214-204500-BACKTEST-000-145,O-20260214-213500-BACKTEST-000-146,BUY,FLAT,0.00000000,0.03587133,1771101900000000000,2026-02-14 20:45:00+00:00,1771104900000000000,2026-02-14 21:35:00+00:00,3000000000000,69996.26,69749.69,['20.05 USD'],-0.00352,-28.89 USD,True
BTC/USD.KRAKEN-KrakenBTCUSDResearchStrategy-000-fa048b6e-eef0-4bff-8e9e-9ffdfa5d7931,KRAKEN-BACKTEST,KrakenBTCUSDResearchStrategy-000,BTC/USD.KRAKEN,KRAKEN-001,O-20260215-071500-BACKTEST-000-147,O-20260215-083000-BACKTEST-000-148,BUY,FLAT,0.00000000,0.03534574,1771139700000000000,2026-02-15 07:15:00+00:00,1771144200000000000,2026-02-15 08:30:00+00:00,4500000000000,70791.8,70278.13,['19.95 USD'],-0.00726,-38.11 USD,True
BTC/USD.KRAKEN-KrakenBTCUSDResearchStrategy-000-81396eeb-b3c6-4157-8210-54187c6cf2c3,KRAKEN-BACKTEST,KrakenBTCUSDResearchStrategy-000,BTC/USD.KRAKEN,KRAKEN-001,O-20260216-090000-BACKTEST-000-149,O-20260216-102000-BACKTEST-000-150,BUY,FLAT,0.00000000,0.03612040,1771232400000000000,2026-02-16 09:00:00+00:00,1771237200000000000,2026-02-16 10:20:00+00:00,4800000000000,68957.04,68778.09999999999,['19.90 USD'],-0.00259,-26.36 USD,True
BTC/USD.KRAKEN-KrakenBTCUSDResearchStrategy-000-0bde5c8c-fe92-459b-8349-a3d6ed09f31f,KRAKEN-BACKTEST,KrakenBTCUSDResearchStrategy-000,BTC/USD.KRAKEN,KRAKEN-001,O-20260216-122500-BACKTEST-000-151,O-20260216-132500-BACKTEST-000-152,BUY,FLAT,0.00000000,0.03572181,1771244700000000000,2026-02-16 12:25:00+00:00,1771248300000000000,2026-02-16 13:25:00+00:00,3600000000000,69505.01000000001,68611.0,['19.73 USD'],-0.01286,-51.67 USD,True
BTC/USD.KRAKEN-KrakenBTCUSDResearchStrategy-000-955218fa-6149-4dc2-833d-6664fa4788f1,KRAKEN-BACKTEST,KrakenBTCUSDResearchStrategy-000,BTC/USD.KRAKEN,KRAKEN-001,O-20260216-215500-BACKTEST-000-153,O-20260216-222500-BACKTEST-000-154,BUY,FLAT,0.00000000,0.03582985,1771278900000000000,2026-02-16 21:55:00+00:00,1771280700000000000,2026-02-16 22:25:00+00:00,1800000000000,68862.88,68601.0,['19.70 USD'],-0.0038,-29.08 USD,True
BTC/USD.KRAKEN-KrakenBTCUSDResearchStrategy-000-c68bf38f-d29a-4cb3-8172-b22e2425d862,KRAKEN-BACKTEST,KrakenBTCUSDResearchStrategy-000,BTC/USD.KRAKEN,KRAKEN-001,O-20260216-235000-BACKTEST-000-155,O-20260217-001500-BACKTEST-000-156,BUY,FLAT,0.00000000,0.03564320,1771285800000000000,2026-02-16 23:50:00+00:00,1771287300000000000,2026-02-17 00:15:00+00:00,1500000000000,68978.65,68744.98999999999,['19.63 USD'],-0.00339,-27.96 USD,True
BTC/USD.KRAKEN-KrakenBTCUSDResearchStrategy-000-6a84c66b-8af3-4f9d-b1ed-ee608f436d1f,KRAKEN-BACKTEST,KrakenBTCUSDResearchStrategy-000,BTC/USD.KRAKEN,KRAKEN-001,O-20260217-021000-BACKTEST-000-157,O-20260217-030000-BACKTEST-000-158,BUY,FLAT,0.00000000,0.03544652,1771294200000000000,2026-02-17 02:10:00+00:00,1771297200000000000,2026-02-17 03:00:00+00:00,3000000000000,69124.73999999999,68653.54,['19.53 USD'],-0.00682,-36.23 USD,True
BTC/USD.KRAKEN-KrakenBTCUSDResearchStrategy-000-21f754dd-5c78-4f25-b6ca-321a6ea0a207,KRAKEN-BACKTEST,KrakenBTCUSDResearchStrategy-000,BTC/USD.KRAKEN,KRAKEN-001,O-20260218-043000-BACKTEST-000-159,O-20260218-103500-BACKTEST-000-160,BUY,FLAT,0.00000000,0.03601280,1771389000000000000,2026-02-18 04:30:00+00:00,1771410900000000000,2026-02-18 10:35:00+00:00,21900000000000,67735.99,67899.98000000001,['19.54 USD'],0.00242,-13.63 USD,True
BTC/USD.KRAKEN-KrakenBTCUSDResearchStrategy-000-d7d829d5-1e1c-44b2-9a62-814ed76c268f,KRAKEN-BACKTEST,KrakenBTCUSDResearchStrategy-000,BTC/USD.KRAKEN,KRAKEN-001,O-20260219-015500-BACKTEST-000-161,O-20260219-050500-BACKTEST-000-162,BUY,FLAT,0.00000000,0.03641987,1771466100000000000,2026-02-19 01:55:00+00:00,1771477500000000000,2026-02-19 05:05:00+00:00,11400000000000,66866.62000000001,66744.13,['19.46 USD'],-0.00183,-23.92 USD,True
BTC/USD.KRAKEN-KrakenBTCUSDResearchStrategy-000-7ad9e4a6-4e68-42fb-8b8a-eb00cfb3be78,KRAKEN-BACKTEST,KrakenBTCUSDResearchStrategy-000,BTC/USD.KRAKEN,KRAKEN-001,O-20260219-061500-BACKTEST-000-163,O-20260219-082500-BACKTEST-000-164,BUY,FLAT,0.00000000,0.03617218,1771481700000000000,2026-02-19 06:15:00+00:00,1771489500000000000,2026-02-19 08:25:00+00:00,7800000000000,67126.11,66914.43,['19.39 USD'],-0.00315,-27.05 USD,True
BTC/USD.KRAKEN-KrakenBTCUSDResearchStrategy-000-80980a8b-443e-494b-b8fd-ffa84cca5f44,KRAKEN-BACKTEST,KrakenBTCUSDResearchStrategy-000,BTC/USD.KRAKEN,KRAKEN-001,O-20260219-190500-BACKTEST-000-165,O-20260219-220000-BACKTEST-000-166,BUY,FLAT,0.00000000,0.03607004,1771527900000000000,2026-02-19 19:05:00+00:00,1771538400000000000,2026-02-19 22:00:00+00:00,10500000000000,67091.20999999999,66771.71999999999,['19.31 USD'],-0.00476,-30.83 USD,True
BTC/USD.KRAKEN-KrakenBTCUSDResearchStrategy-000-67820417-b209-4442-97f3-ae302f06280b,KRAKEN-BACKTEST,KrakenBTCUSDResearchStrategy-000,BTC/USD.KRAKEN,KRAKEN-001,O-20260220-001000-BACKTEST-000-167,O-20260220-113500-BACKTEST-000-168,BUY,FLAT,0.00000000,0.03587843,1771546200000000000,2026-02-20 00:10:00+00:00,1771587300000000000,2026-02-20 11:35:00+00:00,41100000000000,67191.71999999999,67708.72,['19.36 USD'],0.00769,-0.81 USD,True
BTC/USD.KRAKEN-KrakenBTCUSDResearchStrategy-000-ebc4ce07-bacb-449a-b2a4-58ff6b1bbcfc,KRAKEN-BACKTEST,KrakenBTCUSDResearchStrategy-000,BTC/USD.KRAKEN,KRAKEN-001,O-20260221-081500-BACKTEST-000-169,O-20260221-120500-BACKTEST-000-170,BUY,FLAT,0.00000000,0.03547916,1771661700000000000,2026-02-21 08:15:00+00:00,1771675500000000000,2026-02-21 12:05:00+00:00,13800000000000,67941.03,68010.36,['19.29 USD'],0.00102,-16.83 USD,True
BTC/USD.KRAKEN-KrakenBTCUSDResearchStrategy-000-b8f0a442-58bb-45fc-b78f-552b4d5dcd8e,KRAKEN-BACKTEST,KrakenBTCUSDResearchStrategy-000,BTC/USD.KRAKEN,KRAKEN-001,O-20260221-142000-BACKTEST-000-171,O-20260221-161500-BACKTEST-000-172,BUY,FLAT,0.00000000,0.03511594,1771683600000000000,2026-02-21 14:20:00+00:00,1771690500000000000,2026-02-21 16:15:00+00:00,6900000000000,68499.99,68262.34999999999,['19.21 USD'],-0.00347,-27.55 USD,True
BTC/USD.KRAKEN-KrakenBTCUSDResearchStrategy-000-293c8d3e-c319-4140-a26a-5764e10eafcd,KRAKEN-BACKTEST,KrakenBTCUSDResearchStrategy-000,BTC/USD.KRAKEN,KRAKEN-001,O-20260222-110000-BACKTEST-000-173,O-20260222-120500-BACKTEST-000-174,BUY,FLAT,0.00000000,0.03515625,1771758000000000000,2026-02-22 11:00:00+00:00,1771761900000000000,2026-02-22 12:05:00+00:00,3900000000000,68186.36,68031.99,['19.16 USD'],-0.00226,-24.59 USD,True
BTC/USD.KRAKEN-KrakenBTCUSDResearchStrategy-000-d23cc33f-bc0a-4317-be82-fe53108daedb,KRAKEN-BACKTEST,KrakenBTCUSDResearchStrategy-000,BTC/USD.KRAKEN,KRAKEN-001,O-20260222-225000-BACKTEST-000-175,O-20260222-230500-BACKTEST-000-176,BUY,FLAT,0.00000000,0.03527723,1771800600000000000,2026-02-22 22:50:00+00:00,1771801500000000000,2026-02-22 23:05:00+00:00,900000000000,67743.4,67580.47,['19.10 USD'],-0.00241,-24.85 USD,True
BTC/USD.KRAKEN-KrakenBTCUSDResearchStrategy-000-8cec2a1b-8eb0-48b1-a1a9-79d916cdfe21,KRAKEN-BACKTEST,KrakenBTCUSDResearchStrategy-000,BTC/USD.KRAKEN,KRAKEN-001,O-20260223-093000-BACKTEST-000-177,O-20260223-123000-BACKTEST-000-178,BUY,FLAT,0.00000000,0.03601415,1771839000000000000,2026-02-23 09:30:00+00:00,1771849800000000000,2026-02-23 12:30:00+00:00,10800000000000,66150.24,65954.54000000001,['19.03 USD'],-0.00296,-26.08 USD,True
BTC/USD.KRAKEN-KrakenBTCUSDResearchStrategy-000-14d3e047-4723-4def-93d7-fee925f918a9,KRAKEN-BACKTEST,KrakenBTCUSDResearchStrategy-000,BTC/USD.KRAKEN,KRAKEN-001,O-20260224-152000-BACKTEST-000-179,O-20260224-211500-BACKTEST-000-180,BUY,FLAT,0.00000000,0.03716659,1771946400000000000,2026-02-24 15:20:00+00:00,1771967700000000000,2026-02-24 21:15:00+00:00,21300000000000,63888.659999999996,64027.01,['19.02 USD'],0.00217,-13.88 USD,True
BTC/USD.KRAKEN-KrakenBTCUSDResearchStrategy-000-2f42a2cf-f45f-4c7d-ba59-069a33f019e8,KRAKEN-BACKTEST,KrakenBTCUSDResearchStrategy-000,BTC/USD.KRAKEN,KRAKEN-001,O-20260225-011000-BACKTEST-000-181,O-20260225-040000-BACKTEST-000-182,BUY,FLAT,0.00000000,0.03613009,1771981800000000000,2026-02-25 01:10:00+00:00,1771992000000000000,2026-02-25 04:00:00+00:00,10200000000000,65606.34,65300.060000000005,['18.92 USD'],-0.00467,-29.99 USD,True
BTC/USD.KRAKEN-KrakenBTCUSDResearchStrategy-000-f36abba0-2847-480e-8a7b-903c11735575,KRAKEN-BACKTEST,KrakenBTCUSDResearchStrategy-000,BTC/USD.KRAKEN,KRAKEN-001,O-20260225-121500-BACKTEST-000-183,O-20260225-225000-BACKTEST-000-184,BUY,FLAT,0.00000000,0.03593270,1772021700000000000,2026-02-25 12:15:00+00:00,1772059800000000000,2026-02-25 22:50:00+00:00,38100000000000,65716.43,68137.2,['19.24 USD'],0.03684,67.74 USD,True
BTC/USD.KRAKEN-KrakenBTCUSDResearchStrategy-000-0560aadb-9879-45b7-99ec-7208500d8aa3,KRAKEN-BACKTEST,KrakenBTCUSDResearchStrategy-000,BTC/USD.KRAKEN,KRAKEN-001,O-20260226-043000-BACKTEST-000-185,O-20260226-050500-BACKTEST-000-186,BUY,FLAT,0.00000000,0.03464915,1772080200000000000,2026-02-26 04:30:00+00:00,1772082300000000000,2026-02-26 05:05:00+00:00,2100000000000,68737.35,68346.98,['19.00 USD'],-0.00568,-32.53 USD,True
BTC/USD.KRAKEN-KrakenBTCUSDResearchStrategy-000-68474f85-d1c7-413c-b597-b59a9a2fdbfe,KRAKEN-BACKTEST,KrakenBTCUSDResearchStrategy-000,BTC/USD.KRAKEN,KRAKEN-001,O-20260227-041000-BACKTEST-000-187,O-20260227-061000-BACKTEST-000-188,BUY,FLAT,0.00000000,0.03491843,1772165400000000000,2026-02-27 04:10:00+00:00,1772172600000000000,2026-02-27 06:10:00+00:00,7200000000000,67927.79,67667.13,['18.94 USD'],-0.00384,-28.04 USD,True
BTC/USD.KRAKEN-KrakenBTCUSDResearchStrategy-000-0e567905-551e-4464-a799-4ef05446fcbc,KRAKEN-BACKTEST,KrakenBTCUSDResearchStrategy-000,BTC/USD.KRAKEN,KRAKEN-001,O-20260228-001000-BACKTEST-000-189,O-20260228-002500-BACKTEST-000-190,BUY,FLAT,0.00000000,0.03581197,1772237400000000000,2026-02-28 00:10:00+00:00,1772238300000000000,2026-02-28 00:25:00+00:00,900000000000,65998.04000000001,65775.8,['18.87 USD'],-0.00337,-26.83 USD,True
BTC/USD.KRAKEN-KrakenBTCUSDResearchStrategy-000-bd38a697-78b2-4d82-816f-7f59574c7688,KRAKEN-BACKTEST,KrakenBTCUSDResearchStrategy-000,BTC/USD.KRAKEN,KRAKEN-001,O-20260228-175500-BACKTEST-000-191,O-20260301-011000-BACKTEST-000-192,BUY,FLAT,0.00000000,0.03599292,1772301300000000000,2026-02-28 17:55:00+00:00,1772327400000000000,2026-03-01 01:10:00+00:00,26100000000000,65442.62,66303.12,['18.97 USD'],0.01315,12.00 USD,True
BTC/USD.KRAKEN-KrakenBTCUSDResearchStrategy-000-22cbe06c-a5fe-4807-8f54-de92ca86d352,KRAKEN-BACKTEST,KrakenBTCUSDResearchStrategy-000,BTC/USD.KRAKEN,KRAKEN-001,O-20260302-011000-BACKTEST-000-193,O-20260302-020500-BACKTEST-000-194,BUY,FLAT,0.00000000,0.03525050,1772413800000000000,2026-03-02 01:10:00+00:00,1772417100000000000,2026-03-02 02:05:00+00:00,3300000000000,66923.05,66181.87,['18.77 USD'],-0.01108,-44.90 USD,True
BTC/USD.KRAKEN-KrakenBTCUSDResearchStrategy-000-8d30a3dd-3b4d-4fa9-aab1-da45b70359e5,KRAKEN-BACKTEST,KrakenBTCUSDResearchStrategy-000,BTC/USD.KRAKEN,KRAKEN-001,O-20260302-150000-BACKTEST-000-195,O-20260303-001500-BACKTEST-000-196,BUY,FLAT,0.00000000,0.03447148,1772463600000000000,2026-03-02 15:00:00+00:00,1772496900000000000,2026-03-03 00:15:00+00:00,33300000000000,67258.81999999999,68720.01,['18.75 USD'],0.02172,31.62 USD,True
BTC/USD.KRAKEN-KrakenBTCUSDResearchStrategy-000-c0605bc9-2ba3-4c75-bc03-ff2845d884c3,KRAKEN-BACKTEST,KrakenBTCUSDResearchStrategy-000,BTC/USD.KRAKEN,KRAKEN-001,O-20260303-162000-BACKTEST-000-197,O-20260303-163500-BACKTEST-000-198,BUY,FLAT,0.00000000,0.02637614,1772554800000000000,2026-03-03 16:20:00+00:00,1772555700000000000,2026-03-03 16:35:00+00:00,900000000000,68888.64,67849.14,['14.43 USD'],-0.01509,-41.85 USD,True
BTC/USD.KRAKEN-KrakenBTCUSDResearchStrategy-000-08bc31d9-b6d6-4b8b-8605-e0d2c393d538,KRAKEN-BACKTEST,KrakenBTCUSDResearchStrategy-000,BTC/USD.KRAKEN,KRAKEN-001,O-20260304-063000-BACKTEST-000-199,O-20260304-224500-BACKTEST-000-200,BUY,FLAT,0.00000000,0.03420129,1772605800000000000,2026-03-04 06:30:00+00:00,1772664300000000000,2026-03-04 22:45:00+00:00,58500000000000,68492.49,72821.99,['19.33 USD'],0.06321,128.74 USD,True
BTC/USD.KRAKEN-KrakenBTCUSDResearchStrategy-000-ff0ddf6a-86c1-4c11-b3f8-610038f9daa7,KRAKEN-BACKTEST,KrakenBTCUSDResearchStrategy-000,BTC/USD.KRAKEN,KRAKEN-001,O-20260305-102000-BACKTEST-000-201,O-20260305-130500-BACKTEST-000-202,BUY,FLAT,0.00000000,0.03265242,1772706000000000000,2026-03-05 10:20:00+00:00,1772715900000000000,2026-03-05 13:05:00+00:00,9900000000000,72924.34999999999,72698.9,['19.02 USD'],-0.00309,-26.38 USD,True
BTC/USD.KRAKEN-KrakenBTCUSDResearchStrategy-000-cc21afe9-3baf-4178-92e9-86a34c678718,KRAKEN-BACKTEST,KrakenBTCUSDResearchStrategy-000,BTC/USD.KRAKEN,KRAKEN-001,O-20260308-084000-BACKTEST-000-203,O-20260308-120500-BACKTEST-000-204,BUY,FLAT,0.00000000,0.03515909,1772959200000000000,2026-03-08 08:40:00+00:00,1772971500000000000,2026-03-08 12:05:00+00:00,12300000000000,67500.11,67301.98000000001,['18.96 USD'],-0.00294,-25.93 USD,True
BTC/USD.KRAKEN-KrakenBTCUSDResearchStrategy-000-c8243f88-c703-418d-9707-b581e916f384,KRAKEN-BACKTEST,KrakenBTCUSDResearchStrategy-000,BTC/USD.KRAKEN,KRAKEN-001,O-20260309-031500-BACKTEST-000-205,O-20260309-032000-BACKTEST-000-206,BUY,FLAT,0.00000000,0.03497157,1773026100000000000,2026-03-09 03:15:00+00:00,1773026400000000000,2026-03-09 03:20:00+00:00,300000000000,67639.7,67145.76,['18.85 USD'],-0.0073,-36.12 USD,True
BTC/USD.KRAKEN-KrakenBTCUSDResearchStrategy-000-9a4e2c17-574e-42d8-8316-6342da6a66a4,KRAKEN-BACKTEST,KrakenBTCUSDResearchStrategy-000,BTC/USD.KRAKEN,KRAKEN-001,O-20260309-054000-BACKTEST-000-207,O-20260309-062000-BACKTEST-000-208,BUY,FLAT,0.00000000,0.03466141,1773034800000000000,2026-03-09 05:40:00+00:00,1773037200000000000,2026-03-09 06:20:00+00:00,2400000000000,67932.25,67577.11,['18.79 USD'],-0.00523,-31.10 USD,True
BTC/USD.KRAKEN-KrakenBTCUSDResearchStrategy-000-74ca92c3-1a60-427f-a9bc-cfdaba8e8450,KRAKEN-BACKTEST,KrakenBTCUSDResearchStrategy-000,BTC/USD.KRAKEN,KRAKEN-001,O-20260309-093000-BACKTEST-000-209,O-20260309-102500-BACKTEST-000-210,BUY,FLAT,0.00000000,0.03439894,1773048600000000000,2026-03-09 09:30:00+00:00,1773051900000000000,2026-03-09 10:25:00+00:00,3300000000000,68179.35,67800.0,['18.71 USD'],-0.00556,-31.76 USD,True
BTC/USD.KRAKEN-KrakenBTCUSDResearchStrategy-000-8e3eb266-94fb-4506-9138-f78802738fe1,KRAKEN-BACKTEST,KrakenBTCUSDResearchStrategy-000,BTC/USD.KRAKEN,KRAKEN-001,O-20260309-131000-BACKTEST-000-211,O-20260309-173500-BACKTEST-000-212,BUY,FLAT,0.00000000,0.03411767,1773061800000000000,2026-03-09 13:10:00+00:00,1773077700000000000,2026-03-09 17:35:00+00:00,15900000000000,68462.16,68423.0,['18.68 USD'],-0.00057,-20.02 USD,True
BTC/USD.KRAKEN-KrakenBTCUSDResearchStrategy-000-aa173ac7-8efd-4b88-b0b2-eb5ac7b9882f,KRAKEN-BACKTEST,KrakenBTCUSDResearchStrategy-000,BTC/USD.KRAKEN,KRAKEN-001,O-20260310-004500-BACKTEST-000-213,O-20260310-011500-BACKTEST-000-214,BUY,FLAT,0.00000000,0.03364795,1773103500000000000,2026-03-10 00:45:00+00:00,1773105300000000000,2026-03-10 01:15:00+00:00,1800000000000,69239.4,68902.01,['18.59 USD'],-0.00487,-29.94 USD,True
BTC/USD.KRAKEN-KrakenBTCUSDResearchStrategy-000-8c628bc4-099b-4660-9a0d-6b971f6bc1e6,KRAKEN-BACKTEST,KrakenBTCUSDResearchStrategy-000,BTC/USD.KRAKEN,KRAKEN-001,O-20260310-023000-BACKTEST-000-215,O-20260310-034500-BACKTEST-000-216,BUY,FLAT,0.00000000,0.03315346,1773109800000000000,2026-03-10 02:30:00+00:00,1773114300000000000,2026-03-10 03:45:00+00:00,4500000000000,70001.2,69580.01,['18.51 USD'],-0.00602,-32.47 USD,True
BTC/USD.KRAKEN-KrakenBTCUSDResearchStrategy-000-dc3eaaf7-1c64-4910-b5f9-dc4bb604e823,KRAKEN-BACKTEST,KrakenBTCUSDResearchStrategy-000,BTC/USD.KRAKEN,KRAKEN-001,O-20260310-080500-BACKTEST-000-217,O-20260310-111000-BACKTEST-000-218,BUY,FLAT,0.00000000,0.03258449,1773129900000000000,2026-03-10 08:05:00+00:00,1773141000000000000,2026-03-10 11:10:00+00:00,11100000000000,70924.56999999999,70618.08,['18.44 USD'],-0.00432,-28.43 USD,True
BTC/USD.KRAKEN-KrakenBTCUSDResearchStrategy-000-299c539a-6d5c-448a-a41d-b72a5a3590e7,KRAKEN-BACKTEST,KrakenBTCUSDResearchStrategy-000,BTC/USD.KRAKEN,KRAKEN-001,O-20260310-150000-BACKTEST-000-219,O-20260310-154500-BACKTEST-000-220,BUY,FLAT,0.00000000,0.02725128,1773154800000000000,2026-03-10 15:00:00+00:00,1773157500000000000,2026-03-10 15:45:00+00:00,2700000000000,71776.98999999999,71068.75,['15.57 USD'],-0.00987,-34.87 USD,True
BTC/USD.KRAKEN-KrakenBTCUSDResearchStrategy-000-e938253d-9f1d-48bb-995e-557e1fb44f77,KRAKEN-BACKTEST,KrakenBTCUSDResearchStrategy-000,BTC/USD.KRAKEN,KRAKEN-001,O-20260311-133000-BACKTEST-000-221,O-20260311-135000-BACKTEST-000-222,BUY,FLAT,0.00000000,0.03240673,1773235800000000000,2026-03-11 13:30:00+00:00,1773237000000000000,2026-03-11 13:50:00+00:00,1200000000000,70727.61,69982.96,['18.24 USD'],-0.01053,-42.37 USD,True
BTC/USD.KRAKEN-KrakenBTCUSDResearchStrategy-000-1af51cfb-469c-4651-824b-8f450f6cb977,KRAKEN-BACKTEST,KrakenBTCUSDResearchStrategy-000,BTC/USD.KRAKEN,KRAKEN-001,O-20260311-172000-BACKTEST-000-223,O-20260311-173500-BACKTEST-000-224,BUY,FLAT,0.00000000,0.03202156,1773249600000000000,2026-03-11 17:20:00+00:00,1773250500000000000,2026-03-11 17:35:00+00:00,900000000000,71181.41,70699.99,['18.18 USD'],-0.00676,-33.60 USD,True
BTC/USD.KRAKEN-KrakenBTCUSDResearchStrategy-000-98dae59d-bece-41c1-b88b-38b0e231d773,KRAKEN-BACKTEST,KrakenBTCUSDResearchStrategy-000,BTC/USD.KRAKEN,KRAKEN-001,O-20260312-094000-BACKTEST-000-225,O-20260312-094500-BACKTEST-000-226,BUY,FLAT,0.00000000,0.03228957,1773308400000000000,2026-03-12 09:40:00+00:00,1773308700000000000,2026-03-12 09:45:00+00:00,300000000000,70278.4,69939.65000000001,['18.11 USD'],-0.00482,-29.05 USD,True
BTC/USD.KRAKEN-KrakenBTCUSDResearchStrategy-000-fd00f372-2a06-4a87-9594-a83230787251,KRAKEN-BACKTEST,KrakenBTCUSDResearchStrategy-000,BTC/USD.KRAKEN,KRAKEN-001,O-20260312-113500-BACKTEST-000-227,O-20260312-120000-BACKTEST-000-228,BUY,FLAT,0.00000000,0.03199993,1773315300000000000,2026-03-12 11:35:00+00:00,1773316800000000000,2026-03-12 12:00:00+00:00,1500000000000,70642.17,70340.54000000001,['18.04 USD'],-0.00427,-27.69 USD,True
BTC/USD.KRAKEN-KrakenBTCUSDResearchStrategy-000-2f2dd326-25b9-438e-90df-2d9ba45a2330,KRAKEN-BACKTEST,KrakenBTCUSDResearchStrategy-000,BTC/USD.KRAKEN,KRAKEN-001,O-20260312-231500-BACKTEST-000-229,O-20260313-145500-BACKTEST-000-230,BUY,FLAT,0.00000000,0.03190376,1773357300000000000,2026-03-12 23:15:00+00:00,1773413700000000000,2026-03-13 14:55:00+00:00,56400000000000,70594.73,72382.72,['18.25 USD'],0.02533,38.79 USD,True
BTC/USD.KRAKEN-KrakenBTCUSDResearchStrategy-000-c8eec45a-68fe-4f83-9a0e-b84c78308460,KRAKEN-BACKTEST,KrakenBTCUSDResearchStrategy-000,BTC/USD.KRAKEN,KRAKEN-001,O-20260314-043000-BACKTEST-000-231,O-20260314-045500-BACKTEST-000-232,BUY,FLAT,0.00000000,0.03178839,1773462600000000000,2026-03-14 04:30:00+00:00,1773464100000000000,2026-03-14 04:55:00+00:00,1500000000000,71217.03,71039.58,['18.09 USD'],-0.00249,-23.73 USD,True
BTC/USD.KRAKEN-KrakenBTCUSDResearchStrategy-000-785d9fef-a433-4a2b-b9de-96861ca0f6cf,KRAKEN-BACKTEST,KrakenBTCUSDResearchStrategy-000,BTC/USD.KRAKEN,KRAKEN-001,O-20260314-132000-BACKTEST-000-233,O-20260314-141000-BACKTEST-000-234,BUY,FLAT,0.00000000,0.03182029,1773494400000000000,2026-03-14 13:20:00+00:00,1773497400000000000,2026-03-14 14:10:00+00:00,3000000000000,70921.91,70746.05,['18.03 USD'],-0.00248,-23.63 USD,True
BTC/USD.KRAKEN-KrakenBTCUSDResearchStrategy-000-aa865d17-e331-46d5-a53e-313f55910280,KRAKEN-BACKTEST,KrakenBTCUSDResearchStrategy-000,BTC/USD.KRAKEN,KRAKEN-001,O-20260314-204000-BACKTEST-000-235,O-20260314-210000-BACKTEST-000-236,BUY,FLAT,0.00000000,0.03175253,1773520800000000000,2026-03-14 20:40:00+00:00,1773522000000000000,2026-03-14 21:00:00+00:00,1200000000000,70850.0,70758.90999999999,['17.99 USD'],-0.00129,-20.88 USD,True
BTC/USD.KRAKEN-KrakenBTCUSDResearchStrategy-000-80b1be06-3d1c-4cde-897b-f90de4e87c08,KRAKEN-BACKTEST,KrakenBTCUSDResearchStrategy-000,BTC/USD.KRAKEN,KRAKEN-001,O-20260314-230000-BACKTEST-000-237,O-20260315-124000-BACKTEST-000-238,BUY,FLAT,0.00000000,0.03165087,1773529200000000000,2026-03-14 23:00:00+00:00,1773578400000000000,2026-03-15 12:40:00+00:00,49200000000000,70879.54999999999,71567.28,['18.03 USD'],0.0097,3.74 USD,True
BTC/USD.KRAKEN-KrakenBTCUSDResearchStrategy-000-17970e00-0829-475a-9757-7679b38e8e0d,KRAKEN-BACKTEST,KrakenBTCUSDResearchStrategy-000,BTC/USD.KRAKEN,KRAKEN-001,O-20260315-213500-BACKTEST-000-239,O-20260315-221000-BACKTEST-000-240,BUY,FLAT,0.00000000,0.03113413,1773610500000000000,2026-03-15 21:35:00+00:00,1773612600000000000,2026-03-15 22:10:00+00:00,2100000000000,72092.0,71796.79000000001,['17.92 USD'],-0.00409,-27.11 USD,True
BTC/USD.KRAKEN-KrakenBTCUSDResearchStrategy-000-64828f92-870e-48a8-a135-f5eef9133a2c,KRAKEN-BACKTEST,KrakenBTCUSDResearchStrategy-000,BTC/USD.KRAKEN,KRAKEN-001,O-20260315-225000-BACKTEST-000-241,O-20260316-011000-BACKTEST-000-242,BUY,FLAT,0.00000000,0.03076546,1773615000000000000,2026-03-15 22:50:00+00:00,1773623400000000000,2026-03-16 01:10:00+00:00,8400000000000,72691.54999999999,72317.19,['17.85 USD'],-0.00515,-29.37 USD,True
BTC/USD.KRAKEN-KrakenBTCUSDResearchStrategy-000-d4325418-57ce-4469-9903-591c0b7b4a1d,KRAKEN-BACKTEST,KrakenBTCUSDResearchStrategy-000,BTC/USD.KRAKEN,KRAKEN-001,O-20260316-033000-BACKTEST-000-243,O-20260316-074500-BACKTEST-000-244,BUY,FLAT,0.00000000,0.03021319,1773631800000000000,2026-03-16 03:30:00+00:00,1773647100000000000,2026-03-16 07:45:00+00:00,15300000000000,73728.64,73458.34999999999,['17.79 USD'],-0.00367,-25.96 USD,True
BTC/USD.KRAKEN-KrakenBTCUSDResearchStrategy-000-365825bc-c119-474d-b59e-916137f593fd,KRAKEN-BACKTEST,KrakenBTCUSDResearchStrategy-000,BTC/USD.KRAKEN,KRAKEN-001,O-20260316-122500-BACKTEST-000-245,O-20260316-142500-BACKTEST-000-246,BUY,FLAT,0.00000000,0.03004668,1773663900000000000,2026-03-16 12:25:00+00:00,1773671100000000000,2026-03-16 14:25:00+00:00,7200000000000,73878.04000000001,73618.49,['17.73 USD'],-0.00351,-25.53 USD,True
BTC/USD.KRAKEN-KrakenBTCUSDResearchStrategy-000-b1e0ec32-c5da-4b0b-bc82-05dbf1500fc2,KRAKEN-BACKTEST,KrakenBTCUSDResearchStrategy-000,BTC/USD.KRAKEN,KRAKEN-001,O-20260316-210000-BACKTEST-000-247,O-20260317-032000-BACKTEST-000-248,BUY,FLAT,0.00000000,0.02970971,1773694800000000000,2026-03-16 21:00:00+00:00,1773717600000000000,2026-03-17 03:20:00+00:00,22800000000000,74458.16,74810.18,['17.74 USD'],0.00473,-7.28 USD,True
BTC/USD.KRAKEN-KrakenBTCUSDResearchStrategy-000-c3323945-4d4e-41da-bf8e-fccfbd2c29b1,KRAKEN-BACKTEST,KrakenBTCUSDResearchStrategy-000,BTC/USD.KRAKEN,KRAKEN-001,O-20260318-032000-BACKTEST-000-249,O-20260318-042500-BACKTEST-000-250,BUY,FLAT,0.00000000,0.02966279,1773804000000000000,2026-03-18 03:20:00+00:00,1773807900000000000,2026-03-18 04:25:00+00:00,3900000000000,74502.33,74253.78,['17.65 USD'],-0.00334,-25.02 USD,True
BTC/USD.KRAKEN-KrakenBTCUSDResearchStrategy-000-ea5cf029-e253-4a8a-b699-79e6f0cde9d5,KRAKEN-BACKTEST,KrakenBTCUSDResearchStrategy-000,BTC/USD.KRAKEN,KRAKEN-001,O-20260319-191000-BACKTEST-000-251,O-20260319-223500-BACKTEST-000-252,BUY,FLAT,0.00000000,0.03130232,1773947400000000000,2026-03-19 19:10:00+00:00,1773959700000000000,2026-03-19 22:35:00+00:00,12300000000000,70360.2,70035.68,['17.58 USD'],-0.00461,-27.74 USD,True
BTC/USD.KRAKEN-KrakenBTCUSDResearchStrategy-000-465269b8-44aa-4b35-9f37-e8fc64c2e497,KRAKEN-BACKTEST,KrakenBTCUSDResearchStrategy-000,BTC/USD.KRAKEN,KRAKEN-001,O-20260320-032500-BACKTEST-000-253,O-20260320-062000-BACKTEST-000-254,BUY,FLAT,0.00000000,0.03104936,1773977100000000000,2026-03-20 03:25:00+00:00,1773987600000000000,2026-03-20 06:20:00+00:00,10500000000000,70665.41,70463.12,['17.53 USD'],-0.00286,-23.81 USD,True
BTC/USD.KRAKEN-KrakenBTCUSDResearchStrategy-000-237e9399-a539-4af6-83e1-7666ac8ad7ea,KRAKEN-BACKTEST,KrakenBTCUSDResearchStrategy-000,BTC/USD.KRAKEN,KRAKEN-001,O-20260320-080500-BACKTEST-000-255,O-20260320-091000-BACKTEST-000-256,BUY,FLAT,0.00000000,0.03073182,1773993900000000000,2026-03-20 08:05:00+00:00,1773997800000000000,2026-03-20 09:10:00+00:00,3900000000000,71163.04,70849.27,['17.46 USD'],-0.00441,-27.10 USD,True
BTC/USD.KRAKEN-KrakenBTCUSDResearchStrategy-000-0b0ea3e8-be9f-410a-9fa8-b5017ae6ac20,KRAKEN-BACKTEST,KrakenBTCUSDResearchStrategy-000,BTC/USD.KRAKEN,KRAKEN-001,O-20260320-220000-BACKTEST-000-257,O-20260320-230500-BACKTEST-000-258,BUY,FLAT,0.00000000,0.03074930,1774044000000000000,2026-03-20 22:00:00+00:00,1774047900000000000,2026-03-20 23:05:00+00:00,3900000000000,70858.19,70567.98000000001,['17.40 USD'],-0.0041,-26.32 USD,True
BTC/USD.KRAKEN-KrakenBTCUSDResearchStrategy-000-8e68da70-f898-43e6-982d-b26d304d0140,KRAKEN-BACKTEST,KrakenBTCUSDResearchStrategy-000,BTC/USD.KRAKEN,KRAKEN-001,O-20260321-072500-BACKTEST-000-259,O-20260321-073500-BACKTEST-000-260,BUY,FLAT,0.00000000,0.03063019,1774077900000000000,2026-03-21 07:25:00+00:00,1774078500000000000,2026-03-21 07:35:00+00:00,600000000000,70875.94,70769.49,['17.35 USD'],-0.0015,-20.61 USD,True
BTC/USD.KRAKEN-KrakenBTCUSDResearchStrategy-000-704f3ac3-1d2f-4728-b250-91f65d7b24d8,KRAKEN-BACKTEST,KrakenBTCUSDResearchStrategy-000,BTC/USD.KRAKEN,KRAKEN-001,O-20260321-122000-BACKTEST-000-261,O-20260321-145000-BACKTEST-000-262,BUY,FLAT,0.00000000,0.03058735,1774095600000000000,2026-03-21 12:20:00+00:00,1774104600000000000,2026-03-21 14:50:00+00:00,9000000000000,70773.06,70693.49,['17.31 USD'],-0.00112,-19.74 USD,True
BTC/USD.KRAKEN-KrakenBTCUSDResearchStrategy-000-6b0af6a9-8677-4431-8e69-229277d38454,KRAKEN-BACKTEST,KrakenBTCUSDResearchStrategy-000,BTC/USD.KRAKEN,KRAKEN-001,O-20260323-050000-BACKTEST-000-263,O-20260323-063500-BACKTEST-000-264,BUY,FLAT,0.00000000,0.03142414,1774242000000000000,2026-03-23 05:00:00+00:00,1774247700000000000,2026-03-23 06:35:00+00:00,5700000000000,68700.0,68116.56,['17.20 USD'],-0.00849,-35.53 USD,True
BTC/USD.KRAKEN-KrakenBTCUSDResearchStrategy-000-c7322f18-c88f-451c-b313-31d31e628b19,KRAKEN-BACKTEST,KrakenBTCUSDResearchStrategy-000,BTC/USD.KRAKEN,KRAKEN-001,O-20260323-110500-BACKTEST-000-265,O-20260323-112000-BACKTEST-000-266,BUY,FLAT,0.00000000,0.03016407,1774263900000000000,2026-03-23 11:05:00+00:00,1774264800000000000,2026-03-23 11:20:00+00:00,900000000000,71216.41,70556.18,['17.10 USD'],-0.00927,-37.02 USD,True
BTC/USD.KRAKEN-KrakenBTCUSDResearchStrategy-000-6fb26043-efa1-4632-aa9d-108a2aedf383,KRAKEN-BACKTEST,KrakenBTCUSDResearchStrategy-000,BTC/USD.KRAKEN,KRAKEN-001,O-20260324-075500-BACKTEST-000-267,O-20260324-081500-BACKTEST-000-268,BUY,FLAT,0.00000000,0.02997643,1774338900000000000,2026-03-24 07:55:00+00:00,1774340100000000000,2026-03-24 08:15:00+00:00,1200000000000,71291.7,70944.01,['17.06 USD'],-0.00488,-27.48 USD,True
BTC/USD.KRAKEN-KrakenBTCUSDResearchStrategy-000-3f9b7681-ed22-44ad-a3a2-18a26dd8b05a,KRAKEN-BACKTEST,KrakenBTCUSDResearchStrategy-000,BTC/USD.KRAKEN,KRAKEN-001,O-20260324-220500-BACKTEST-000-269,O-20260325-081000-BACKTEST-000-270,BUY,FLAT,0.00000000,0.03019081,1774389900000000000,2026-03-24 22:05:00+00:00,1774426200000000000,2026-03-25 08:10:00+00:00,36300000000000,70512.41,70811.41,['17.07 USD'],0.00424,-8.04 USD,True
BTC/USD.KRAKEN-KrakenBTCUSDResearchStrategy-000-41625b20-5ad7-4861-86a6-5e95b69d8f3c,KRAKEN-BACKTEST,KrakenBTCUSDResearchStrategy-000,BTC/USD.KRAKEN,KRAKEN-001,O-20260325-104500-BACKTEST-000-271,O-20260325-122000-BACKTEST-000-272,BUY,FLAT,0.00000000,0.02972062,1774435500000000000,2026-03-25 10:45:00+00:00,1774441200000000000,2026-03-25 12:20:00+00:00,5700000000000,71546.67,71225.61,['16.98 USD'],-0.00449,-26.52 USD,True
BTC/USD.KRAKEN-KrakenBTCUSDResearchStrategy-000-ab1d4b87-c34e-4cdf-9c4a-7a6c30005f4f,KRAKEN-BACKTEST,KrakenBTCUSDResearchStrategy-000,BTC/USD.KRAKEN,KRAKEN-001,O-20260327-235500-BACKTEST-000-273,O-20260328-011000-BACKTEST-000-274,BUY,FLAT,0.00000000,0.03190096,1774655700000000000,2026-03-27 23:55:00+00:00,1774660200000000000,2026-03-28 01:10:00+00:00,4500000000000,66407.28,66154.94,['16.91 USD'],-0.0038,-24.96 USD,True
BTC/USD.KRAKEN-KrakenBTCUSDResearchStrategy-000-6c877de6-9fc3-4b6b-8da2-f053dfd23446,KRAKEN-BACKTEST,KrakenBTCUSDResearchStrategy-000,BTC/USD.KRAKEN,KRAKEN-001,O-20260328-061500-BACKTEST-000-275,O-20260328-090000-BACKTEST-000-276,BUY,FLAT,0.00000000,0.03175447,1774678500000000000,2026-03-28 06:15:00+00:00,1774688400000000000,2026-03-28 09:00:00+00:00,9900000000000,66477.81,66370.01,['16.87 USD'],-0.00162,-20.29 USD,True
BTC/USD.KRAKEN-KrakenBTCUSDResearchStrategy-000-cb4c84db-df59-4858-9d14-3e6d0ede8621,KRAKEN-BACKTEST,KrakenBTCUSDResearchStrategy-000,BTC/USD.KRAKEN,KRAKEN-001,O-20260328-133000-BACKTEST-000-277,O-20260328-214500-BACKTEST-000-278,BUY,FLAT,0.00000000,0.03159421,1774704600000000000,2026-03-28 13:30:00+00:00,1774734300000000000,2026-03-28 21:45:00+00:00,29700000000000,66622.26,66777.45,['16.86 USD'],0.00233,-11.96 USD,True
BTC/USD.KRAKEN-KrakenBTCUSDResearchStrategy-000-7cd95854-ec0f-4ae2-8060-2dccd0c34ec7,KRAKEN-BACKTEST,KrakenBTCUSDResearchStrategy-000,BTC/USD.KRAKEN,KRAKEN-001,O-20260329-031500-BACKTEST-000-279,O-20260329-040000-BACKTEST-000-280,BUY,FLAT,0.00000000,0.03133701,1774754100000000000,2026-03-29 03:15:00+00:00,1774756800000000000,2026-03-29 04:00:00+00:00,2700000000000,67054.56999999999,66872.23,['16.79 USD'],-0.00272,-22.50 USD,True
BTC/USD.KRAKEN-KrakenBTCUSDResearchStrategy-000-d6ee9ae3-7c25-410c-bb14-58ba9cb0e797,KRAKEN-BACKTEST,KrakenBTCUSDResearchStrategy-000,BTC/USD.KRAKEN,KRAKEN-001,O-20260329-113500-BACKTEST-000-281,O-20260329-123000-BACKTEST-000-282,BUY,FLAT,0.00000000,0.03132013,1774784100000000000,2026-03-29 11:35:00+00:00,1774787400000000000,2026-03-29 12:30:00+00:00,3300000000000,66875.2,66722.67,['16.74 USD'],-0.00228,-21.52 USD,True
BTC/USD.KRAKEN-KrakenBTCUSDResearchStrategy-000-0ff664ec-5748-4b64-bff9-1c176e25ea2f,KRAKEN-BACKTEST,KrakenBTCUSDResearchStrategy-000,BTC/USD.KRAKEN,KRAKEN-001,O-20260330-024500-BACKTEST-000-283,O-20260330-135500-BACKTEST-000-284,BUY,FLAT,0.00000000,0.03101267,1774838700000000000,2026-03-30 02:45:00+00:00,1774878900000000000,2026-03-30 13:55:00+00:00,40200000000000,67330.01,67529.52,['16.73 USD'],0.00296,-10.54 USD,True
BTC/USD.KRAKEN-KrakenBTCUSDResearchStrategy-000-13afa8db-f452-4b9e-a495-480fff85eef4,KRAKEN-BACKTEST,KrakenBTCUSDResearchStrategy-000,BTC/USD.KRAKEN,KRAKEN-001,O-20260331-011500-BACKTEST-000-285,O-20260331-051000-BACKTEST-000-286,BUY,FLAT,0.00000000,0.03092516,1774919700000000000,2026-03-31 01:15:00+00:00,1774933800000000000,2026-03-31 05:10:00+00:00,14100000000000,67418.3,67428.25,['16.68 USD'],0.00015,-16.37 USD,True
BTC/USD.KRAKEN-KrakenBTCUSDResearchStrategy-000-9d1cd65b-fcac-4870-93b4-64df34f2a585,KRAKEN-BACKTEST,KrakenBTCUSDResearchStrategy-000,BTC/USD.KRAKEN,KRAKEN-001,O-20260331-141500-BACKTEST-000-287,O-20260331-143500-BACKTEST-000-288,BUY,FLAT,0.00000000,0.03070717,1774966500000000000,2026-03-31 14:15:00+00:00,1774967700000000000,2026-03-31 14:35:00+00:00,1200000000000,67736.96,67338.13,['16.59 USD'],-0.00589,-28.84 USD,True
BTC/USD.KRAKEN-KrakenBTCUSDResearchStrategy-000-9cd22862-4b41-484a-af37-5fdb5a3e397a,KRAKEN-BACKTEST,KrakenBTCUSDResearchStrategy-000,BTC/USD.KRAKEN,KRAKEN-001,O-20260331-164000-BACKTEST-000-289,O-20260401-013000-BACKTEST-000-290,BUY,FLAT,0.00000000,0.03056181,1774975200000000000,2026-03-31 16:40:00+00:00,1775007000000000000,2026-04-01 01:30:00+00:00,31800000000000,67776.04,67940.03,['16.60 USD'],0.00242,-11.59 USD,True
BTC/USD.KRAKEN-KrakenBTCUSDResearchStrategy-000-0c98686d-e137-4b99-87e1-64ee5f180e3d,KRAKEN-BACKTEST,KrakenBTCUSDResearchStrategy-000,BTC/USD.KRAKEN,KRAKEN-001,O-20260401-051500-BACKTEST-000-291,O-20260401-091500-BACKTEST-000-292,BUY,FLAT,0.00000000,0.03019744,1775020500000000000,2026-04-01 05:15:00+00:00,1775034900000000000,2026-04-01 09:15:00+00:00,14400000000000,68478.71,68454.62000000001,['16.54 USD'],-0.00035,-17.27 USD,True
BTC/USD.KRAKEN-KrakenBTCUSDResearchStrategy-000-901fd216-9bb2-4ac5-8119-a479f96f8968,KRAKEN-BACKTEST,KrakenBTCUSDResearchStrategy-000,BTC/USD.KRAKEN,KRAKEN-001,O-20260401-170000-BACKTEST-000-293,O-20260401-171000-BACKTEST-000-294,BUY,FLAT,0.00000000,0.02986081,1775062800000000000,2026-04-01 17:00:00+00:00,1775063400000000000,2026-04-01 17:10:00+00:00,600000000000,69077.18000000001,68747.3,['16.46 USD'],-0.00478,-26.31 USD,True
BTC/USD.KRAKEN-KrakenBTCUSDResearchStrategy-000-b6f63511-144b-4d5b-a807-b8d12315824f,KRAKEN-BACKTEST,KrakenBTCUSDResearchStrategy-000,BTC/USD.KRAKEN,KRAKEN-001,O-20260402-163500-BACKTEST-000-295,O-20260402-175500-BACKTEST-000-296,BUY,FLAT,0.00000000,0.03061513,1775147700000000000,2026-04-02 16:35:00+00:00,1775152500000000000,2026-04-02 17:55:00+00:00,4800000000000,67117.40000000001,66679.16,['16.39 USD'],-0.00653,-29.81 USD,True
BTC/USD.KRAKEN-KrakenBTCUSDResearchStrategy-000-94fd566b-0a13-47fb-9efc-a108ff0d9e45,KRAKEN-BACKTEST,KrakenBTCUSDResearchStrategy-000,BTC/USD.KRAKEN,KRAKEN-001,O-20260403-070500-BACKTEST-000-297,O-20260403-092000-BACKTEST-000-298,BUY,FLAT,0.00000000,0.03058809,1775199900000000000,2026-04-03 07:05:00+00:00,1775208000000000000,2026-04-03 09:20:00+00:00,8100000000000,66884.34999999999,66778.41,['16.35 USD'],-0.00158,-19.59 USD,True
BTC/USD.KRAKEN-KrakenBTCUSDResearchStrategy-000-7f21ebb2-d6ec-42af-9f38-e788d5bb78f8,KRAKEN-BACKTEST,KrakenBTCUSDResearchStrategy-000,BTC/USD.KRAKEN,KRAKEN-001,O-20260403-215500-BACKTEST-000-299,O-20260403-220500-BACKTEST-000-300,BUY,FLAT,0.00000000,0.03046385,1775253300000000000,2026-04-03 21:55:00+00:00,1775253900000000000,2026-04-03 22:05:00+00:00,600000000000,66964.21,66850.0,['16.31 USD'],-0.00171,-19.79 USD,True
BTC/USD.KRAKEN-KrakenBTCUSDResearchStrategy-000-a8c269b7-927c-4971-9570-b6b12caf815d,KRAKEN-BACKTEST,KrakenBTCUSDResearchStrategy-000,BTC/USD.KRAKEN,KRAKEN-001,O-20260404-061000-BACKTEST-000-301,O-20260404-085000-BACKTEST-000-302,BUY,FLAT,0.00000000,0.03037926,1775283000000000000,2026-04-04 06:10:00+00:00,1775292600000000000,2026-04-04 08:50:00+00:00,9600000000000,66955.23999999999,66921.06999999999,['16.27 USD'],-0.00051,-17.31 USD,True
BTC/USD.KRAKEN-KrakenBTCUSDResearchStrategy-000-fa8ee1e9-b292-4d83-af50-4b6fa71b4ea1,KRAKEN-BACKTEST,KrakenBTCUSDResearchStrategy-000,BTC/USD.KRAKEN,KRAKEN-001,O-20260404-104500-BACKTEST-000-303,O-20260404-124000-BACKTEST-000-304,BUY,FLAT,0.00000000,0.03021637,1775299500000000000,2026-04-04 10:45:00+00:00,1775306400000000000,2026-04-04 12:40:00+00:00,6900000000000,67144.32,67060.56999999999,['16.23 USD'],-0.00125,-18.76 USD,True
BTC/USD.KRAKEN-KrakenBTCUSDResearchStrategy-000-e7557bae-9b10-4a6c-ba11-9abe43000c76,KRAKEN-BACKTEST,KrakenBTCUSDResearchStrategy-000,BTC/USD.KRAKEN,KRAKEN-001,O-20260404-150500-BACKTEST-000-305,O-20260404-200000-BACKTEST-000-306,BUY,FLAT,0.00000000,0.03006032,1775315100000000000,2026-04-04 15:05:00+00:00,1775332800000000000,2026-04-04 20:00:00+00:00,17700000000000,67305.67,67194.25,['16.17 USD'],-0.00166,-19.52 USD,True
BTC/USD.KRAKEN-KrakenBTCUSDResearchStrategy-000-2fffc674-26ff-4372-8ba3-ca490b13933a,KRAKEN-BACKTEST,KrakenBTCUSDResearchStrategy-000,BTC/USD.KRAKEN,KRAKEN-001,O-20260405-203500-BACKTEST-000-307,O-20260405-204000-BACKTEST-000-308,BUY,FLAT,0.00000000,0.02980374,1775421300000000000,2026-04-05 20:35:00+00:00,1775421600000000000,2026-04-05 20:40:00+00:00,300000000000,67688.6,67554.7,['16.12 USD'],-0.00198,-20.11 USD,True
BTC/USD.KRAKEN-KrakenBTCUSDResearchStrategy-000-61b54519-7be8-44a4-82ed-2cd352ef6625,KRAKEN-BACKTEST,KrakenBTCUSDResearchStrategy-000,BTC/USD.KRAKEN,KRAKEN-001,O-20260405-220000-BACKTEST-000-309,O-20260405-221000-BACKTEST-000-310,BUY,FLAT,0.00000000,0.02968943,1775426400000000000,2026-04-05 22:00:00+00:00,1775427000000000000,2026-04-05 22:10:00+00:00,600000000000,67746.01,67534.8,['16.07 USD'],-0.00312,-22.34 USD,True
BTC/USD.KRAKEN-KrakenBTCUSDResearchStrategy-000-91831934-348c-40d7-a5b2-9637798de255,KRAKEN-BACKTEST,KrakenBTCUSDResearchStrategy-000,BTC/USD.KRAKEN,KRAKEN-001,O-20260405-231000-BACKTEST-000-311,O-20260406-070500-BACKTEST-000-312,BUY,FLAT,0.00000000,0.02922214,1775430600000000000,2026-04-05 23:10:00+00:00,1775459100000000000,2026-04-06 07:05:00+00:00,28500000000000,68599.99,68833.78,['16.07 USD'],0.00341,-9.24 USD,True
BTC/USD.KRAKEN-KrakenBTCUSDResearchStrategy-000-0a6727f0-5b96-44b8-93e1-c5ba937944bb,KRAKEN-BACKTEST,KrakenBTCUSDResearchStrategy-000,BTC/USD.KRAKEN,KRAKEN-001,O-20260406-091000-BACKTEST-000-313,O-20260406-122500-BACKTEST-000-314,BUY,FLAT,0.00000000,0.02874858,1775466600000000000,2026-04-06 09:10:00+00:00,1775478300000000000,2026-04-06 12:25:00+00:00,11700000000000,69633.59,69465.27,['16.00 USD'],-0.00242,-20.84 USD,True
BTC/USD.KRAKEN-KrakenBTCUSDResearchStrategy-000-7adaf883-99d8-4f04-9390-27607327f5a4,KRAKEN-BACKTEST,KrakenBTCUSDResearchStrategy-000,BTC/USD.KRAKEN,KRAKEN-001,O-20260406-154000-BACKTEST-000-315,O-20260406-170000-BACKTEST-000-316,BUY,FLAT,0.00000000,0.02857996,1775490000000000000,2026-04-06 15:40:00+00:00,1775494800000000000,2026-04-06 17:00:00+00:00,4800000000000,69825.66,69587.99,['15.94 USD'],-0.0034,-22.73 USD,True
BTC/USD.KRAKEN-KrakenBTCUSDResearchStrategy-000-b47c91b6-c82b-4d3d-b83d-54ff58a13449,KRAKEN-BACKTEST,KrakenBTCUSDResearchStrategy-000,BTC/USD.KRAKEN,KRAKEN-001,O-20260407-090000-BACKTEST-000-317,O-20260407-102500-BACKTEST-000-318,BUY,FLAT,0.00000000,0.02882897,1775552400000000000,2026-04-07 09:00:00+00:00,1775557500000000000,2026-04-07 10:25:00+00:00,5100000000000,68986.0,68736.98999999999,['15.89 USD'],-0.00361,-23.07 USD,True
BTC/USD.KRAKEN-KrakenBTCUSDResearchStrategy-000-cb16a641-6620-491c-9a3f-49b1eb2a8f66,KRAKEN-BACKTEST,KrakenBTCUSDResearchStrategy-000,BTC/USD.KRAKEN,KRAKEN-001,O-20260407-195000-BACKTEST-000-319,O-20260408-103000-BACKTEST-000-320,BUY,FLAT,0.00000000,0.02871048,1775591400000000000,2026-04-07 19:50:00+00:00,1775644200000000000,2026-04-08 10:30:00+00:00,52800000000000,69029.65000000001,71483.92,['16.14 USD'],0.03555,54.32 USD,True
BTC/USD.KRAKEN-KrakenBTCUSDResearchStrategy-000-13e2c213-5f2f-499d-b4b5-281d566a353f,KRAKEN-BACKTEST,KrakenBTCUSDResearchStrategy-000,BTC/USD.KRAKEN,KRAKEN-001,O-20260408-125500-BACKTEST-000-321,O-20260408-134000-BACKTEST-000-322,BUY,FLAT,0.00000000,0.02772471,1775652900000000000,2026-04-08 12:55:00+00:00,1775655600000000000,2026-04-08 13:40:00+00:00,2700000000000,72071.95,71676.19,['15.94 USD'],-0.00549,-26.91 USD,True
BTC/USD.KRAKEN-KrakenBTCUSDResearchStrategy-000-b5ed163a-219f-42ac-9e87-45cd85929916,KRAKEN-BACKTEST,KrakenBTCUSDResearchStrategy-000,BTC/USD.KRAKEN,KRAKEN-001,O-20260409-170000-BACKTEST-000-323,O-20260409-180000-BACKTEST-000-324,BUY,FLAT,0.00000000,0.02746081,1775754000000000000,2026-04-09 17:00:00+00:00,1775757600000000000,2026-04-09 18:00:00+00:00,3600000000000,72470.56999999999,71921.04,['15.86 USD'],-0.00758,-30.95 USD,True
BTC/USD.KRAKEN-KrakenBTCUSDResearchStrategy-000-92349dd8-5c1b-4f2e-be7e-1ee16e368f5f,KRAKEN-BACKTEST,KrakenBTCUSDResearchStrategy-000,BTC/USD.KRAKEN,KRAKEN-001,O-20260409-221500-BACKTEST-000-325,O-20260409-223500-BACKTEST-000-326,BUY,FLAT,0.00000000,0.02720527,1775772900000000000,2026-04-09 22:15:00+00:00,1775774100000000000,2026-04-09 22:35:00+00:00,1200000000000,72810.0,72351.36,['15.79 USD'],-0.0063,-28.27 USD,True
BTC/USD.KRAKEN-KrakenBTCUSDResearchStrategy-000-94f61f67-6ed6-4189-b757-06a25a14bff5,KRAKEN-BACKTEST,KrakenBTCUSDResearchStrategy-000,BTC/USD.KRAKEN,KRAKEN-001,O-20260410-113500-BACKTEST-000-327,O-20260410-133500-BACKTEST-000-328,BUY,FLAT,0.00000000,0.02730253,1775820900000000000,2026-04-10 11:35:00+00:00,1775828100000000000,2026-04-10 13:35:00+00:00,7200000000000,72240.0,71943.86,['15.75 USD'],-0.0041,-23.84 USD,True
BTC/USD.KRAKEN-KrakenBTCUSDResearchStrategy-000-fed87666-9e52-4312-8455-855229b823c6,KRAKEN-BACKTEST,KrakenBTCUSDResearchStrategy-000,BTC/USD.KRAKEN,KRAKEN-001,O-20260410-152000-BACKTEST-000-329,O-20260410-152500-BACKTEST-000-330,BUY,FLAT,0.00000000,0.02682374,1775834400000000000,2026-04-10 15:20:00+00:00,1775834700000000000,2026-04-10 15:25:00+00:00,300000000000,73262.92,72782.95,['15.67 USD'],-0.00655,-28.54 USD,True
BTC/USD.KRAKEN-KrakenBTCUSDResearchStrategy-000-8bad5a9a-a8ac-40e3-9863-ff15325e26fb,KRAKEN-BACKTEST,KrakenBTCUSDResearchStrategy-000,BTC/USD.KRAKEN,KRAKEN-001,O-20260410-201500-BACKTEST-000-331,O-20260410-221500-BACKTEST-000-332,BUY,FLAT,0.00000000,0.02670527,1775852100000000000,2026-04-10 20:15:00+00:00,1775859300000000000,2026-04-10 22:15:00+00:00,7200000000000,73267.22,73042.45000000001,['15.63 USD'],-0.00307,-21.63 USD,True
BTC/USD.KRAKEN-KrakenBTCUSDResearchStrategy-000-7e34ce31-6d16-4526-82f1-c026eb1c9f39,KRAKEN-BACKTEST,KrakenBTCUSDResearchStrategy-000,BTC/USD.KRAKEN,KRAKEN-001,O-20260411-120000-BACKTEST-000-333,O-20260411-122000-BACKTEST-000-334,BUY,FLAT,0.00000000,0.02674201,1775908800000000000,2026-04-11 12:00:00+00:00,1775910000000000000,2026-04-11 12:20:00+00:00,1200000000000,72923.91,72820.98,['15.59 USD'],-0.00141,-18.34 USD,True
BTC/USD.KRAKEN-KrakenBTCUSDResearchStrategy-000-d8085d0c-1539-45b7-9a42-6f36cbedebc0,KRAKEN-BACKTEST,KrakenBTCUSDResearchStrategy-000,BTC/USD.KRAKEN,KRAKEN-001,O-20260411-164000-BACKTEST-000-335,O-20260411-230000-BACKTEST-000-336,BUY,FLAT,0.00000000,0.02659958,1775925600000000000,2026-04-11 16:40:00+00:00,1775948400000000000,2026-04-11 23:00:00+00:00,22800000000000,73107.53,73108.56999999999,['15.56 USD'],1e-05,-15.53 USD,True
BTC/USD.KRAKEN-KrakenBTCUSDResearchStrategy-000-85b3f82c-2a76-4e45-b32f-a119befd3c50,KRAKEN-BACKTEST,KrakenBTCUSDResearchStrategy-000,BTC/USD.KRAKEN,KRAKEN-001,O-20260413-125000-BACKTEST-000-337,O-20260413-133500-BACKTEST-000-338,BUY,FLAT,0.00000000,0.02724370,1776084600000000000,2026-04-13 12:50:00+00:00,1776087300000000000,2026-04-13 13:35:00+00:00,2700000000000,71208.05,70845.26000000001,['15.48 USD'],-0.00509,-25.36 USD,True
BTC/USD.KRAKEN-KrakenBTCUSDResearchStrategy-000-ed37d4c8-adb2-4fe0-98f9-12204ea7d156,KRAKEN-BACKTEST,KrakenBTCUSDResearchStrategy-000,BTC/USD.KRAKEN,KRAKEN-001,O-20260413-143000-BACKTEST-000-339,O-20260414-103500-BACKTEST-000-340,BUY,FLAT,0.00000000,0.02692095,1776090600000000000,2026-04-13 14:30:00+00:00,1776162900000000000,2026-04-14 10:35:00+00:00,72300000000000,71779.13,74400.0,['15.74 USD'],0.03651,54.82 USD,True
BTC/USD.KRAKEN-KrakenBTCUSDResearchStrategy-000-b5a31081-f76f-4768-821c-7f1da7a35e6a,KRAKEN-BACKTEST,KrakenBTCUSDResearchStrategy-000,BTC/USD.KRAKEN,KRAKEN-001,O-20260414-134000-BACKTEST-000-341,O-20260414-150500-BACKTEST-000-342,BUY,FLAT,0.00000000,0.02591897,1776174000000000000,2026-04-14 13:40:00+00:00,1776179100000000000,2026-04-14 15:05:00+00:00,5100000000000,75188.5,74694.58,['15.54 USD'],-0.00657,-28.34 USD,True
BTC/USD.KRAKEN-KrakenBTCUSDResearchStrategy-000-e7b94f51-3dad-4d4e-90f8-e0fc60044e96,KRAKEN-BACKTEST,KrakenBTCUSDResearchStrategy-000,BTC/USD.KRAKEN,KRAKEN-001,O-20260415-010500-BACKTEST-000-343,O-20260415-022000-BACKTEST-000-344,BUY,FLAT,0.00000000,0.02597004,1776215100000000000,2026-04-15 01:05:00+00:00,1776219600000000000,2026-04-15 02:20:00+00:00,4500000000000,74713.26000000001,74459.22,['15.49 USD'],-0.0034,-22.09 USD,True
BTC/USD.KRAKEN-KrakenBTCUSDResearchStrategy-000-66932660-2d1c-4e13-9184-da9514b6b2ab,KRAKEN-BACKTEST,KrakenBTCUSDResearchStrategy-000,BTC/USD.KRAKEN,KRAKEN-001,O-20260415-123500-BACKTEST-000-345,O-20260415-130000-BACKTEST-000-346,BUY,FLAT,0.00000000,0.02597190,1776256500000000000,2026-04-15 12:35:00+00:00,1776258000000000000,2026-04-15 13:00:00+00:00,1500000000000,74452.75,74232.68,['15.44 USD'],-0.00296,-21.16 USD,True
BTC/USD.KRAKEN-KrakenBTCUSDResearchStrategy-000-57973334-f0c3-482e-b12d-7971fcd59e7a,KRAKEN-BACKTEST,KrakenBTCUSDResearchStrategy-000,BTC/USD.KRAKEN,KRAKEN-001,O-20260415-190500-BACKTEST-000-347,O-20260416-001000-BACKTEST-000-348,BUY,FLAT,0.00000000,0.02580793,1776279900000000000,2026-04-15 19:05:00+00:00,1776298200000000000,2026-04-16 00:10:00+00:00,18300000000000,74679.83,74607.54,['15.41 USD'],-0.00097,-17.28 USD,True
BTC/USD.KRAKEN-KrakenBTCUSDResearchStrategy-000-7a2ee2e1-53a3-461c-84f1-4611eada58e3,KRAKEN-BACKTEST,KrakenBTCUSDResearchStrategy-000,BTC/USD.KRAKEN,KRAKEN-001,O-20260416-132500-BACKTEST-000-349,O-20260416-133500-BACKTEST-000-350,BUY,FLAT,0.00000000,0.02563705,1776345900000000000,2026-04-16 13:25:00+00:00,1776346500000000000,2026-04-16 13:35:00+00:00,600000000000,74975.5,74615.75,['15.34 USD'],-0.0048,-24.56 USD,True
BTC/USD.KRAKEN-KrakenBTCUSDResearchStrategy-000-3a0ec92c-d903-4a9b-a512-817f6a2eb02f,KRAKEN-BACKTEST,KrakenBTCUSDResearchStrategy-000,BTC/USD.KRAKEN,KRAKEN-001,O-20260416-194000-BACKTEST-000-351,O-20260416-212000-BACKTEST-000-352,BUY,FLAT,0.00000000,0.02545170,1776368400000000000,2026-04-16 19:40:00+00:00,1776374400000000000,2026-04-16 21:20:00+00:00,6000000000000,75232.0,74878.0,['15.28 USD'],-0.00471,-24.29 USD,True
BTC/USD.KRAKEN-KrakenBTCUSDResearchStrategy-000-d56f1f3a-25ed-4ffb-a662-0facdde7733b,KRAKEN-BACKTEST,KrakenBTCUSDResearchStrategy-000,BTC/USD.KRAKEN,KRAKEN-001,O-20260417-070000-BACKTEST-000-353,O-20260417-230500-BACKTEST-000-354,BUY,FLAT,0.00000000,0.02543667,1776409200000000000,2026-04-17 07:00:00+00:00,1776467100000000000,2026-04-17 23:05:00+00:00,57900000000000,74989.98000000001,77211.0,['15.49 USD'],0.02962,41.01 USD,True
BTC/USD.KRAKEN-KrakenBTCUSDResearchStrategy-000-973c6f38-76ab-4780-8e1a-4742192fb770,KRAKEN-BACKTEST,KrakenBTCUSDResearchStrategy-000,BTC/USD.KRAKEN,KRAKEN-001,O-20260419-121000-BACKTEST-000-355,O-20260419-123500-BACKTEST-000-356,BUY,FLAT,0.00000000,0.02536961,1776600600000000000,2026-04-19 12:10:00+00:00,1776602100000000000,2026-04-19 12:35:00+00:00,1500000000000,75673.04,75471.35,['15.34 USD'],-0.00267,-20.46 USD,True
BTC/USD.KRAKEN-KrakenBTCUSDResearchStrategy-000-f67964ea-1924-4a2e-9d36-4b28c82b0226,KRAKEN-BACKTEST,KrakenBTCUSDResearchStrategy-000,BTC/USD.KRAKEN,KRAKEN-001,O-20260420-071500-BACKTEST-000-357,O-20260420-145000-BACKTEST-000-358,BUY,FLAT,0.00000000,0.02554544,1776669300000000000,2026-04-20 07:15:00+00:00,1776696600000000000,2026-04-20 14:50:00+00:00,27300000000000,74911.91,75025.42,['15.32 USD'],0.00152,-12.42 USD,True
BTC/USD.KRAKEN-KrakenBTCUSDResearchStrategy-000-0d013b21-3bed-433d-b7b4-81cee54b7531,KRAKEN-BACKTEST,KrakenBTCUSDResearchStrategy-000,BTC/USD.KRAKEN,KRAKEN-001,O-20260420-171500-BACKTEST-000-359,O-20260420-230000-BACKTEST-000-360,BUY,FLAT,0.00000000,0.02517843,1776705300000000000,2026-04-20 17:15:00+00:00,1776726000000000000,2026-04-20 23:00:00+00:00,20700000000000,75855.87999999999,75818.4,['15.28 USD'],-0.00049,-16.22 USD,True
BTC/USD.KRAKEN-KrakenBTCUSDResearchStrategy-000-ba011b83-fc03-4c97-9ee0-0dde356cbd8c,KRAKEN-BACKTEST,KrakenBTCUSDResearchStrategy-000,BTC/USD.KRAKEN,KRAKEN-001,O-20260421-072000-BACKTEST-000-361,O-20260421-123500-BACKTEST-000-362,BUY,FLAT,0.00000000,0.02502119,1776756000000000000,2026-04-21 07:20:00+00:00,1776774900000000000,2026-04-21 12:35:00+00:00,18900000000000,76138.08,76128.79000000001,['15.24 USD'],-0.00012,-15.47 USD,True
BTC/USD.KRAKEN-KrakenBTCUSDResearchStrategy-000-f4b6af4a-f47e-4e79-947f-a5a7609d5594,KRAKEN-BACKTEST,KrakenBTCUSDResearchStrategy-000,BTC/USD.KRAKEN,KRAKEN-001,O-20260421-234000-BACKTEST-000-363,O-20260422-201500-BACKTEST-000-364,BUY,FLAT,0.00000000,0.02497807,1776814800000000000,2026-04-21 23:40:00+00:00,1776888900000000000,2026-04-22 20:15:00+00:00,74100000000000,76083.62,78667.15,['15.46 USD'],0.03396,49.07 USD,True
BTC/USD.KRAKEN-KrakenBTCUSDResearchStrategy-000-1a7a0b45-666d-4109-984c-47c196d874c2,KRAKEN-BACKTEST,KrakenBTCUSDResearchStrategy-000,BTC/USD.KRAKEN,KRAKEN-001,O-20260423-151500-BACKTEST-000-365,O-20260423-170000-BACKTEST-000-366,BUY,FLAT,0.00000000,0.02442706,1776957300000000000,2026-04-23 15:15:00+00:00,1776963600000000000,2026-04-23 17:00:00+00:00,6300000000000,78402.5,77917.20999999999,['15.27 USD'],-0.00619,-27.12 USD,True
BTC/USD.KRAKEN-KrakenBTCUSDResearchStrategy-000-bf916fd8-f929-488a-a56c-e27351ca4333,KRAKEN-BACKTEST,KrakenBTCUSDResearchStrategy-000,BTC/USD.KRAKEN,KRAKEN-001,O-20260423-221500-BACKTEST-000-367,O-20260424-011500-BACKTEST-000-368,BUY,FLAT,0.00000000,0.02437689,1776982500000000000,2026-04-23 22:15:00+00:00,1776993300000000000,2026-04-24 01:15:00+00:00,10800000000000,78230.11,78078.94,['15.24 USD'],-0.00193,-18.93 USD,True
BTC/USD.KRAKEN-KrakenBTCUSDResearchStrategy-000-0829407d-200e-4747-8498-70f4fd63ea2b,KRAKEN-BACKTEST,KrakenBTCUSDResearchStrategy-000,BTC/USD.KRAKEN,KRAKEN-001,O-20260424-112500-BACKTEST-000-369,O-20260424-125000-BACKTEST-000-370,BUY,FLAT,0.00000000,0.02427515,1777029900000000000,2026-04-24 11:25:00+00:00,1777035000000000000,2026-04-24 12:50:00+00:00,5100000000000,78324.01999999999,78038.0,['15.19 USD'],-0.00365,-22.13 USD,True
BTC/USD.KRAKEN-KrakenBTCUSDResearchStrategy-000-5125f478-5b39-4c14-8b10-65140a5ff0aa,KRAKEN-BACKTEST,KrakenBTCUSDResearchStrategy-000,BTC/USD.KRAKEN,KRAKEN-001,O-20260425-093500-BACKTEST-000-371,O-20260425-114000-BACKTEST-000-372,BUY,FLAT,0.00000000,0.02437705,1777109700000000000,2026-04-25 09:35:00+00:00,1777117200000000000,2026-04-25 11:40:00+00:00,7500000000000,77724.15000000001,77644.63,['15.15 USD'],-0.00102,-17.09 USD,True
BTC/USD.KRAKEN-KrakenBTCUSDResearchStrategy-000-a87b9ef3-3ff9-4134-8e52-cba41b408f31,KRAKEN-BACKTEST,KrakenBTCUSDResearchStrategy-000,BTC/USD.KRAKEN,KRAKEN-001,O-20260425-220500-BACKTEST-000-373,O-20260426-001500-BACKTEST-000-374,BUY,FLAT,0.00000000,0.02437128,1777154700000000000,2026-04-25 22:05:00+00:00,1777162500000000000,2026-04-26 00:15:00+00:00,7800000000000,77532.18,77484.48,['15.11 USD'],-0.00062,-16.27 USD,True
BTC/USD.KRAKEN-KrakenBTCUSDResearchStrategy-000-c7e2fcf9-19b1-4c67-b630-5be98b580a0a,KRAKEN-BACKTEST,KrakenBTCUSDResearchStrategy-000,BTC/USD.KRAKEN,KRAKEN-001,O-20260426-051000-BACKTEST-000-375,O-20260426-061500-BACKTEST-000-376,BUY,FLAT,0.00000000,0.02411959,1777180200000000000,2026-04-26 05:10:00+00:00,1777184100000000000,2026-04-26 06:15:00+00:00,3900000000000,78138.86,77938.34999999999,['15.06 USD'],-0.00257,-19.90 USD,True
BTC/USD.KRAKEN-KrakenBTCUSDResearchStrategy-000-4e50eec2-12c8-4547-8f9a-6eb06233dbff,KRAKEN-BACKTEST,KrakenBTCUSDResearchStrategy-000,BTC/USD.KRAKEN,KRAKEN-001,O-20260426-181500-BACKTEST-000-377,O-20260426-213000-BACKTEST-000-378,BUY,FLAT,0.00000000,0.02402415,1777227300000000000,2026-04-26 18:15:00+00:00,1777239000000000000,2026-04-26 21:30:00+00:00,11700000000000,78200.78,78039.36,['15.01 USD'],-0.00206,-18.89 USD,True
BTC/USD.KRAKEN-KrakenBTCUSDResearchStrategy-000-db02baa3-b1e1-4fbb-816b-eb6e65cc7419,KRAKEN-BACKTEST,KrakenBTCUSDResearchStrategy-000,BTC/USD.KRAKEN,KRAKEN-001,O-20260427-005000-BACKTEST-000-379,O-20260427-050000-BACKTEST-000-380,BUY,FLAT,0.00000000,0.02372059,1777251000000000000,2026-04-27 00:50:00+00:00,1777266000000000000,2026-04-27 05:00:00+00:00,15000000000000,78962.66,78766.67,['14.96 USD'],-0.00248,-19.61 USD,True
BTC/USD.KRAKEN-KrakenBTCUSDResearchStrategy-000-18566863-af4c-4088-871f-0464968f4338,KRAKEN-BACKTEST,KrakenBTCUSDResearchStrategy-000,BTC/USD.KRAKEN,KRAKEN-001,O-20260427-234000-BACKTEST-000-381,O-20260428-013000-BACKTEST-000-382,BUY,FLAT,0.00000000,0.02415291,1777333200000000000,2026-04-27 23:40:00+00:00,1777339800000000000,2026-04-28 01:30:00+00:00,6600000000000,77305.7,77117.20999999999,['14.92 USD'],-0.00244,-19.47 USD,True
BTC/USD.KRAKEN-KrakenBTCUSDResearchStrategy-000-b3b8e5f3-3f63-424d-8e17-e01021cdb2a2,KRAKEN-BACKTEST,KrakenBTCUSDResearchStrategy-000,BTC/USD.KRAKEN,KRAKEN-001,O-20260428-200000-BACKTEST-000-383,O-20260428-212500-BACKTEST-000-384,BUY,FLAT,0.00000000,0.02435011,1777406400000000000,2026-04-28 20:00:00+00:00,1777411500000000000,2026-04-28 21:25:00+00:00,5100000000000,76439.77,76301.3,['14.88 USD'],-0.00181,-18.25 USD,True
BTC/USD.KRAKEN-KrakenBTCUSDResearchStrategy-000-a85356a9-d41a-4f69-a991-a788727253b2,KRAKEN-BACKTEST,KrakenBTCUSDResearchStrategy-000,BTC/USD.KRAKEN,KRAKEN-001,O-20260429-005000-BACKTEST-000-385,O-20260429-010500-BACKTEST-000-386,BUY,FLAT,0.00000000,0.02424724,1777423800000000000,2026-04-29 00:50:00+00:00,1777424700000000000,2026-04-29 01:05:00+00:00,900000000000,76538.26,76357.93,['14.83 USD'],-0.00236,-19.20 USD,True
BTC/USD.KRAKEN-KrakenBTCUSDResearchStrategy-000-79ac17d5-dd51-4f43-bd0a-7ae79ee7726c,KRAKEN-BACKTEST,KrakenBTCUSDResearchStrategy-000,BTC/USD.KRAKEN,KRAKEN-001,O-20260429-031500-BACKTEST-000-387,O-20260429-122000-BACKTEST-000-388,BUY,FLAT,0.00000000,0.02407940,1777432500000000000,2026-04-29 03:15:00+00:00,1777465200000000000,2026-04-29 12:20:00+00:00,32700000000000,76832.55,77136.86,['14.83 USD'],0.00396,-7.50 USD,True
BTC/USD.KRAKEN-KrakenBTCUSDResearchStrategy-000-69d9929d-98d5-48cd-83a5-38af5e26ef11,KRAKEN-BACKTEST,KrakenBTCUSDResearchStrategy-000,BTC/USD.KRAKEN,KRAKEN-001,O-20260430-074500-BACKTEST-000-389,O-20260430-102000-BACKTEST-000-390,BUY,FLAT,0.00000000,0.02426149,1777535100000000000,2026-04-30 07:45:00+00:00,1777544400000000000,2026-04-30 10:20:00+00:00,9300000000000,76163.15,76008.21,['14.77 USD'],-0.00203,-18.53 USD,True
BTC/USD.KRAKEN-KrakenBTCUSDResearchStrategy-000-704f417a-ade3-46e8-a65f-33333aeea746,KRAKEN-BACKTEST,KrakenBTCUSDResearchStrategy-000,BTC/USD.KRAKEN,KRAKEN-001,O-20260430-122000-BACKTEST-000-391,O-20260430-171000-BACKTEST-000-392,BUY,FLAT,0.00000000,0.02412672,1777551600000000000,2026-04-30 12:20:00+00:00,1777569000000000000,2026-04-30 17:10:00+00:00,17400000000000,76358.19,76224.25,['14.73 USD'],-0.00175,-17.96 USD,True
BTC/USD.KRAKEN-KrakenBTCUSDResearchStrategy-000-8422d950-0104-4c9e-b0a6-5feba3125a63,KRAKEN-BACKTEST,KrakenBTCUSDResearchStrategy-000,BTC/USD.KRAKEN,KRAKEN-001,O-20260501-011500-BACKTEST-000-393,O-20260501-201500-BACKTEST-000-394,BUY,FLAT,0.00000000,0.02397499,1777598100000000000,2026-05-01 01:15:00+00:00,1777666500000000000,2026-05-01 20:15:00+00:00,68400000000000,76616.7,78192.43,['14.85 USD'],0.02057,22.93 USD,True
BTC/USD.KRAKEN-KrakenBTCUSDResearchStrategy-000-3ad91daf-e014-4855-a2ab-87af77a1fafc,KRAKEN-BACKTEST,KrakenBTCUSDResearchStrategy-000,BTC/USD.KRAKEN,KRAKEN-001,O-20260502-013000-BACKTEST-000-395,O-20260502-020500-BACKTEST-000-396,BUY,FLAT,0.00000000,0.02351017,1777685400000000000,2026-05-02 01:30:00+00:00,1777687500000000000,2026-05-02 02:05:00+00:00,2100000000000,78424.09999999999,78301.2,['14.74 USD'],-0.00157,-17.63 USD,True
BTC/USD.KRAKEN-KrakenBTCUSDResearchStrategy-000-43809d6c-9fc9-46f1-a464-4286b78402e0,KRAKEN-BACKTEST,KrakenBTCUSDResearchStrategy-000,BTC/USD.KRAKEN,KRAKEN-001,O-20260502-155500-BACKTEST-000-397,O-20260502-174500-BACKTEST-000-398,BUY,FLAT,0.00000000,0.02342374,1777737300000000000,2026-05-02 15:55:00+00:00,1777743900000000000,2026-05-02 17:45:00+00:00,6600000000000,78487.67,78400.01,['14.70 USD'],-0.00112,-16.75 USD,True
BTC/USD.KRAKEN-KrakenBTCUSDResearchStrategy-000-45d5fbb0-4cb7-4e7c-872a-9b6e205d0e80,KRAKEN-BACKTEST,KrakenBTCUSDResearchStrategy-000,BTC/USD.KRAKEN,KRAKEN-001,O-20260502-213000-BACKTEST-000-399,O-20260503-004500-BACKTEST-000-400,BUY,FLAT,0.00000000,0.02334518,1777757400000000000,2026-05-02 21:30:00+00:00,1777769100000000000,2026-05-03 00:45:00+00:00,11700000000000,78536.53,78539.99,['14.66 USD'],4e-05,-14.58 USD,True
BTC/USD.KRAKEN-KrakenBTCUSDResearchStrategy-000-c4f46109-fe54-4f92-b4d5-27ca5713d9d3,KRAKEN-BACKTEST,KrakenBTCUSDResearchStrategy-000,BTC/USD.KRAKEN,KRAKEN-001,O-20260503-093500-BACKTEST-000-401,O-20260503-094000-BACKTEST-000-402,BUY,FLAT,0.00000000,0.02326983,1777800900000000000,2026-05-03 09:35:00+00:00,1777801200000000000,2026-05-03 09:40:00+00:00,300000000000,78602.88,78514.83,['14.63 USD'],-0.00112,-16.68 USD,True
BTC/USD.KRAKEN-KrakenBTCUSDResearchStrategy-000-86730057-7bd6-41c5-a743-d2c55ecd4485,KRAKEN-BACKTEST,KrakenBTCUSDResearchStrategy-000,BTC/USD.KRAKEN,KRAKEN-001,O-20260503-114000-BACKTEST-000-403,O-20260503-160500-BACKTEST-000-404,BUY,FLAT,0.00000000,0.02317250,1777808400000000000,2026-05-03 11:40:00+00:00,1777824300000000000,2026-05-03 16:05:00+00:00,15900000000000,78717.09000000001,78633.25,['14.59 USD'],-0.00107,-16.53 USD,True
BTC/USD.KRAKEN-KrakenBTCUSDResearchStrategy-000-dae03134-4b8f-4a85-b786-030e05f3a8d4,KRAKEN-BACKTEST,KrakenBTCUSDResearchStrategy-000,BTC/USD.KRAKEN,KRAKEN-001,O-20260503-193000-BACKTEST-000-405,O-20260503-200000-BACKTEST-000-406,BUY,FLAT,0.00000000,0.02307624,1777836600000000000,2026-05-03 19:30:00+00:00,1777838400000000000,2026-05-03 20:00:00+00:00,1800000000000,78830.54000000001,78736.36,['14.55 USD'],-0.00119,-16.72 USD,True
BTC/USD.KRAKEN-KrakenBTCUSDResearchStrategy-000-8a2a1a7f-83b2-4b18-b46b-99635ad0baf4,KRAKEN-BACKTEST,KrakenBTCUSDResearchStrategy-000,BTC/USD.KRAKEN,KRAKEN-001,O-20260504-024000-BACKTEST-000-407,O-20260504-060500-BACKTEST-000-408,BUY,FLAT,0.00000000,0.02262985,1777862400000000000,2026-05-04 02:40:00+00:00,1777874700000000000,2026-05-04 06:05:00+00:00,12300000000000,80163.87,79945.88,['14.50 USD'],-0.00272,-19.43 USD,True
BTC/USD.KRAKEN-KrakenBTCUSDResearchStrategy-000-089408e6-8708-42ab-b068-50304a1886cb,KRAKEN-BACKTEST,KrakenBTCUSDResearchStrategy-000,BTC/USD.KRAKEN,KRAKEN-001,O-20260505-020000-BACKTEST-000-409,O-20260505-090000-BACKTEST-000-410,BUY,FLAT,0.00000000,0.02246363,1777946400000000000,2026-05-05 02:00:00+00:00,1777971600000000000,2026-05-05 09:00:00+00:00,25200000000000,80497.43000000001,80694.7,['14.48 USD'],0.00245,-10.05 USD,True
BTC/USD.KRAKEN-KrakenBTCUSDResearchStrategy-000-81ea2f33-63c9-44b1-bbaf-7676d0c267e1,KRAKEN-BACKTEST,KrakenBTCUSDResearchStrategy-000,BTC/USD.KRAKEN,KRAKEN-001,O-20260505-122500-BACKTEST-000-411,O-20260505-163500-BACKTEST-000-412,BUY,FLAT,0.00000000,0.02222591,1777983900000000000,2026-05-05 12:25:00+00:00,1777998900000000000,2026-05-05 16:35:00+00:00,15000000000000,81222.9,81134.0,['14.43 USD'],-0.00109,-16.41 USD,True
BTC/USD.KRAKEN-KrakenBTCUSDResearchStrategy-000-5c9d10fa-38bd-4b22-b349-ba48d2beb8a6,KRAKEN-BACKTEST,KrakenBTCUSDResearchStrategy-000,BTC/USD.KRAKEN,KRAKEN-001,O-20260505-200000-BACKTEST-000-413,O-20260505-212500-BACKTEST-000-414,BUY,FLAT,0.00000000,0.02203534,1778011200000000000,2026-05-05 20:00:00+00:00,1778016300000000000,2026-05-05 21:25:00+00:00,5100000000000,81702.05,81474.85,['14.38 USD'],-0.00278,-19.39 USD,True
BTC/USD.KRAKEN-KrakenBTCUSDResearchStrategy-000-b5395fbe-9b35-4da8-a21f-b54a51676717,KRAKEN-BACKTEST,KrakenBTCUSDResearchStrategy-000,BTC/USD.KRAKEN,KRAKEN-001,O-20260506-032000-BACKTEST-000-415,O-20260506-042500-BACKTEST-000-416,BUY,FLAT,0.00000000,0.02197783,1778037600000000000,2026-05-06 03:20:00+00:00,1778041500000000000,2026-05-06 04:25:00+00:00,3900000000000,81651.32,81431.84,['14.34 USD'],-0.00269,-19.16 USD,True
BTC/USD.KRAKEN-KrakenBTCUSDResearchStrategy-000-b1639f83-8506-4107-ac1d-c0be3d334242,KRAKEN-BACKTEST,KrakenBTCUSDResearchStrategy-000,BTC/USD.KRAKEN,KRAKEN-001,O-20260506-083000-BACKTEST-000-417,O-20260506-132500-BACKTEST-000-418,BUY,FLAT,0.00000000,0.02189023,1778056200000000000,2026-05-06 08:30:00+00:00,1778073900000000000,2026-05-06 13:25:00+00:00,17700000000000,81715.48000000001,81952.97,['14.34 USD'],0.00291,-9.14 USD,True
BTC/USD.KRAKEN-KrakenBTCUSDResearchStrategy-000-6ac66ffc-f9d3-4595-9441-7fcd17c5732c,KRAKEN-BACKTEST,KrakenBTCUSDResearchStrategy-000,BTC/USD.KRAKEN,KRAKEN-001,O-20260507-071000-BACKTEST-000-419,O-20260507-081500-BACKTEST-000-420,BUY,FLAT,0.00000000,0.02187239,1778137800000000000,2026-05-07 07:10:00+00:00,1778141700000000000,2026-05-07 08:15:00+00:00,3900000000000,81656.75,81397.98000000001,['14.26 USD'],-0.00317,-19.92 USD,True
BTC/USD.KRAKEN-KrakenBTCUSDResearchStrategy-000-6230d2fa-83fb-4233-98f6-ee31046b003d,KRAKEN-BACKTEST,KrakenBTCUSDResearchStrategy-000,BTC/USD.KRAKEN,KRAKEN-001,O-20260508-084500-BACKTEST-000-421,O-20260508-100500-BACKTEST-000-422,BUY,FLAT,0.00000000,0.02226522,1778229900000000000,2026-05-08 08:45:00+00:00,1778234700000000000,2026-05-08 10:05:00+00:00,4800000000000,79947.66,79800.71,['14.23 USD'],-0.00184,-17.50 USD,True
BTC/USD.KRAKEN-KrakenBTCUSDResearchStrategy-000-c1db88ad-9753-48a7-a297-b163ded49402,KRAKEN-BACKTEST,KrakenBTCUSDResearchStrategy-000,BTC/USD.KRAKEN,KRAKEN-001,O-20260508-220000-BACKTEST-000-423,O-20260508-232000-BACKTEST-000-424,BUY,FLAT,0.00000000,0.02209931,1778277600000000000,2026-05-08 22:00:00+00:00,1778282400000000000,2026-05-08 23:20:00+00:00,4800000000000,80310.31,80189.43000000001,['14.19 USD'],-0.00151,-16.86 USD,True
BTC/USD.KRAKEN-KrakenBTCUSDResearchStrategy-000-159a52d3-dbc6-4924-89a9-968cbe6ec5fb,KRAKEN-BACKTEST,KrakenBTCUSDResearchStrategy-000,BTC/USD.KRAKEN,KRAKEN-001,O-20260509-015000-BACKTEST-000-425,O-20260509-015500-BACKTEST-000-426,BUY,FLAT,0.00000000,0.02200506,1778291400000000000,2026-05-09 01:50:00+00:00,1778291700000000000,2026-05-09 01:55:00+00:00,300000000000,80424.43,80327.75,['14.15 USD'],-0.0012,-16.28 USD,True
BTC/USD.KRAKEN-KrakenBTCUSDResearchStrategy-000-f7c37495-74b3-42be-b215-025abbbb67eb,KRAKEN-BACKTEST,KrakenBTCUSDResearchStrategy-000,BTC/USD.KRAKEN,KRAKEN-001,O-20260509-031500-BACKTEST-000-427,O-20260509-033000-BACKTEST-000-428,BUY,FLAT,0.00000000,0.02192577,1778296500000000000,2026-05-09 03:15:00+00:00,1778297400000000000,2026-05-09 03:30:00+00:00,900000000000,80492.67,80372.3,['14.11 USD'],-0.0015,-16.75 USD,True
BTC/USD.KRAKEN-KrakenBTCUSDResearchStrategy-000-25678e0f-7872-4fd0-b338-9fc8c7a830ba,KRAKEN-BACKTEST,KrakenBTCUSDResearchStrategy-000,BTC/USD.KRAKEN,KRAKEN-001,O-20260509-153000-BACKTEST-000-429,O-20260509-230500-BACKTEST-000-430,BUY,FLAT,0.00000000,0.02187720,1778340600000000000,2026-05-09 15:30:00+00:00,1778367900000000000,2026-05-09 23:05:00+00:00,27300000000000,80441.66,80714.90999999999,['14.10 USD'],0.0034,-8.12 USD,True
BTC/USD.KRAKEN-KrakenBTCUSDResearchStrategy-000-1580e6fa-c99f-43be-9b4e-911832b61d0d,KRAKEN-BACKTEST,KrakenBTCUSDResearchStrategy-000,BTC/USD.KRAKEN,KRAKEN-001,O-20260510-033500-BACKTEST-000-431,O-20260510-040000-BACKTEST-000-432,BUY,FLAT,0.00000000,0.02173390,1778384100000000000,2026-05-10 03:35:00+00:00,1778385600000000000,2026-05-10 04:00:00+00:00,1500000000000,80859.99,80750.0,['14.05 USD'],-0.00136,-16.44 USD,True
BTC/USD.KRAKEN-KrakenBTCUSDResearchStrategy-000-3868c7da-7282-4b0c-9371-6b0f9296d305,KRAKEN-BACKTEST,KrakenBTCUSDResearchStrategy-000,BTC/USD.KRAKEN,KRAKEN-001,O-20260510-082500-BACKTEST-000-433,O-20260510-093500-BACKTEST-000-434,BUY,FLAT,0.00000000,0.02166924,1778401500000000000,2026-05-10 08:25:00+00:00,1778405700000000000,2026-05-10 09:35:00+00:00,4200000000000,80873.64,80784.19,['14.01 USD'],-0.00111,-15.95 USD,True
BTC/USD.KRAKEN-KrakenBTCUSDResearchStrategy-000-3c15e302-53fa-4d2e-9ac6-6ba3bd486209,KRAKEN-BACKTEST,KrakenBTCUSDResearchStrategy-000,BTC/USD.KRAKEN,KRAKEN-001,O-20260510-110000-BACKTEST-000-435,O-20260510-112000-BACKTEST-000-436,BUY,FLAT,0.00000000,0.02159384,1778410800000000000,2026-05-10 11:00:00+00:00,1778412000000000000,2026-05-10 11:20:00+00:00,1200000000000,80934.45000000001,80803.06999999999,['13.97 USD'],-0.00162,-16.81 USD,True
BTC/USD.KRAKEN-KrakenBTCUSDResearchStrategy-000-5986b724-33be-4b9d-bde7-aebc08f7a954,KRAKEN-BACKTEST,KrakenBTCUSDResearchStrategy-000,BTC/USD.KRAKEN,KRAKEN-001,O-20260510-150000-BACKTEST-000-437,O-20260510-201000-BACKTEST-000-438,BUY,FLAT,0.00000000,0.02150117,1778425200000000000,2026-05-10 15:00:00+00:00,1778443800000000000,2026-05-10 20:10:00+00:00,18600000000000,81048.73999999999,81191.73000000001,['13.95 USD'],0.00176,-10.88 USD,True
BTC/USD.KRAKEN-KrakenBTCUSDResearchStrategy-000-b79c25b9-f26b-491a-8ad6-64d0b1afe268,KRAKEN-BACKTEST,KrakenBTCUSDResearchStrategy-000,BTC/USD.KRAKEN,KRAKEN-001,O-20260510-230000-BACKTEST-000-439,O-20260511-001500-BACKTEST-000-440,BUY,FLAT,0.00000000,0.02115294,1778454000000000000,2026-05-10 23:00:00+00:00,1778458500000000000,2026-05-11 00:15:00+00:00,4500000000000,82228.81999999999,81579.77,['13.86 USD'],-0.00789,-27.59 USD,True
BTC/USD.KRAKEN-KrakenBTCUSDResearchStrategy-000-1b64852b-0ab7-4a35-a4a8-d91df974e657,KRAKEN-BACKTEST,KrakenBTCUSDResearchStrategy-000,BTC/USD.KRAKEN,KRAKEN-001,O-20260511-102500-BACKTEST-000-441,O-20260511-103500-BACKTEST-000-442,BUY,FLAT,0.00000000,0.02132427,1778495100000000000,2026-05-11 10:25:00+00:00,1778495700000000000,2026-05-11 10:35:00+00:00,600000000000,81180.01,81027.01000000001,['13.83 USD'],-0.00188,-17.09 USD,True
BTC/USD.KRAKEN-KrakenBTCUSDResearchStrategy-000-a03cfeaf-3400-45b2-b764-1d8337b8bba8,KRAKEN-BACKTEST,KrakenBTCUSDResearchStrategy-000,BTC/USD.KRAKEN,KRAKEN-001,O-20260511-122000-BACKTEST-000-443,O-20260511-124500-BACKTEST-000-444,BUY,FLAT,0.00000000,0.02122615,1778502000000000000,2026-05-11 12:20:00+00:00,1778503500000000000,2026-05-11 12:45:00+00:00,1500000000000,81313.75,81151.96,['13.79 USD'],-0.00199,-17.22 USD,True
BTC/USD.KRAKEN-KrakenBTCUSDResearchStrategy-000,KRAKEN-BACKTEST,KrakenBTCUSDResearchStrategy-000,BTC/USD.KRAKEN,KRAKEN-001,O-20260511-155500-BACKTEST-000-445,O-20260511-213000-BACKTEST-000-446,BUY,FLAT,0.00000000,0.02112824,1778514900000000000,2026-05-11 15:55:00+00:00,1778535000000000000,2026-05-11 21:30:00+00:00,20100000000000,81445.90000000001,81604.04,['13.78 USD'],0.00194,-10.44 USD,False
