timestamp,open,high,low,close,volume
1778569380.0,96.03,96.08,96.03,96.05,252.67870422
1778569440.0,96.03,96.04,96.01,96.04,161.05971782
1778569500.0,96.04,96.04,95.97,95.97,1065.03599702
1778569560.0,95.96,95.96,95.85,95.92,120.50063451
1778569620.0,95.91,95.99,95.88,95.94,206.10382384
1778569680.0,95.96,95.99,95.96,95.97,1.09656
1778569740.0,96.02,96.02,95.98,95.99,1084.74801967
1778569800.0,96.01,96.05,96.01,96.05,38.07655004
1778569860.0,96.03,96.15,96.03,96.15,336.55818072
1778569920.0,96.13,96.21,96.13,96.2,49.15731524
1778569980.0,96.21,96.21,96.17,96.18,4.24064757
1778570040.0,96.17,96.22,96.17,96.22,1.81145484
1778570100.0,96.19,96.19,96.05,96.16,73.67321633
1778570160.0,96.16,96.19,96.15,96.19,1.19394426
1778570220.0,96.2,96.2,96.14,96.14,10.79752258
1778570280.0,96.13,96.16,96.09,96.1,8.82458587
1778570340.0,96.09,96.23,96.09,96.23,501.77639053
1778570400.0,96.2,96.21,96.16,96.16,15.06922567
1778570460.0,96.13,96.15,96.13,96.15,0.30378468
1778570520.0,96.14,96.18,96.14,96.18,0.87199213
1778570580.0,96.14,96.18,96.13,96.17,1.44351026
1778570640.0,96.16,96.26,96.16,96.26,23.31245148
1778570700.0,96.26,96.26,96.24,96.26,2.63957724
1778570760.0,96.23,96.23,96.15,96.15,2.14681905
1778570820.0,96.13,96.16,96.13,96.14,4.74820849
1778570880.0,96.12,96.12,96.08,96.09,0.26638354
1778570940.0,96.09,96.09,96.04,96.04,107.01763993
1778571000.0,96.05,96.05,96.0,96.04,3.62837251
1778571060.0,96.05,96.07,96.04,96.06,0.57330522
1778571120.0,96.06,96.1,96.06,96.08,12.64706334
1778571180.0,96.08,96.21,96.08,96.17,11.38125349
1778571240.0,96.16,96.19,96.16,96.19,0.29840033
1778571300.0,96.2,96.2,96.16,96.16,0.94451609
1778571360.0,96.2,96.2,96.16,96.16,97.15193
1778571420.0,96.17,96.2,96.17,96.2,2.45364479
1778571480.0,96.2,96.2,96.14,96.14,8.47934101
1778571540.0,96.15,96.15,96.07,96.09,51.91527173
1778571600.0,96.1,96.11,96.08,96.09,16.69505765
1778571660.0,96.16,96.17,96.1,96.11,33.35492212
1778571720.0,96.12,96.12,96.11,96.11,22.90430658
1778571780.0,96.11,96.11,96.05,96.07,6.47204733
1778571840.0,96.08,96.08,96.04,96.04,0.40877829
1778571900.0,96.05,96.08,95.97,95.97,963.16463454
1778571960.0,95.97,95.98,95.92,95.92,6.11361984
1778572020.0,95.9,95.97,95.89,95.97,158.05549586
1778572080.0,95.97,95.97,95.87,95.87,59.17086775
1778572140.0,95.96,96.07,95.96,96.06,24.23347935
1778572200.0,96.07,96.11,96.07,96.11,1.87191209
1778572260.0,96.14,96.21,96.14,96.21,3.70615397
1778572320.0,96.22,96.25,96.19,96.19,1.62275594
1778572380.0,96.21,96.21,96.14,96.14,21.50568267
1778572440.0,96.13,96.16,96.1,96.16,8.73639135
1778572500.0,96.15,96.15,96.12,96.13,11.23545316
1778572560.0,96.13,96.13,96.08,96.08,115.55423497
1778572620.0,96.09,96.14,96.08,96.08,12.3877396
1778572680.0,96.05,96.05,96.01,96.01,3.82984709
1778572740.0,95.99,96.03,95.98,96.03,8.71654024
1778572800.0,96.03,96.05,95.89,96.03,39.90617028
1778572860.0,96.09,96.13,95.97,96.0,31.28197563
1778572920.0,95.94,95.98,95.93,95.94,9.93264398
1778572980.0,95.88,95.88,95.35,95.73,25981.50455897
1778573040.0,95.72,95.75,95.7,95.71,363.8902465
1778573100.0,95.7,95.85,95.62,95.83,2645.48190322
1778573160.0,95.81,95.81,95.72,95.72,175.44241729
1778573220.0,95.73,95.78,95.72,95.76,12.75720593
1778573280.0,95.76,95.76,95.74,95.74,15.57866302
1778573340.0,95.71,95.75,95.71,95.74,17.02428932
1778573400.0,95.74,95.75,95.68,95.68,75.96653489
1778573460.0,95.67,95.71,95.66,95.71,42.35411999
1778573520.0,95.68,95.7,95.62,95.7,3.59087093
1778573580.0,95.64,95.66,95.59,95.59,2.20581856
1778573640.0,95.58,95.59,95.56,95.59,10.04640766
1778573700.0,95.57,95.57,95.38,95.51,966.4047602
1778573760.0,95.5,95.5,95.45,95.48,9.22158653
1778573820.0,95.54,95.55,95.52,95.54,9.4433183
1778573880.0,95.53,95.6,95.51,95.6,91.1015231
1778573940.0,95.57,95.57,95.53,95.54,1.57820208
1778574000.0,95.54,95.62,95.54,95.62,5.0768008
1778574060.0,95.66,95.69,95.63,95.63,85.99493634
1778574120.0,95.66,95.73,95.66,95.73,8.03682683
1778574180.0,95.72,95.8,95.72,95.79,47.57633173
1778574240.0,95.8,95.84,95.7,95.7,131.290594
1778574300.0,95.67,95.67,95.58,95.58,10.64755487
1778574360.0,95.56,95.65,95.56,95.62,50.2338996
1778574420.0,95.6,95.64,95.6,95.64,47.96590142
1778574480.0,95.64,95.66,95.56,95.66,2.63361327
1778574540.0,95.63,95.63,95.61,95.62,2.70215795
1778574600.0,95.61,95.64,95.61,95.63,10.67120912
1778574660.0,95.61,95.65,95.61,95.64,0.49161826
1778574720.0,95.66,95.66,95.62,95.63,5.53822304
1778574780.0,95.64,95.7,95.64,95.68,55.09022382
1778574840.0,95.67,95.71,95.63,95.71,0.8852386
1778574900.0,95.72,95.74,95.71,95.74,0.38255098
1778574960.0,95.77,95.79,95.74,95.76,177.48226704
1778575020.0,95.74,95.77,95.74,95.76,1.87957343
1778575080.0,95.76,95.77,95.75,95.75,0.69657059
1778575140.0,95.73,95.76,95.73,95.75,23.29723982
1778575200.0,95.73,95.73,95.72,95.72,501.62831373
1778575260.0,95.72,95.72,95.58,95.59,32.00372599
1778575320.0,95.58,95.58,95.57,95.57,5.56402173
1778575380.0,95.55,95.6,95.55,95.58,2.26209186
1778575440.0,95.63,95.78,95.6,95.76,1340.78060935
1778575500.0,95.84,95.85,95.82,95.84,1.21237728
1778575560.0,95.84,95.84,95.8,95.8,105.95860472
1778575620.0,95.79,95.79,95.73,95.73,10.51878317
1778575680.0,95.76,95.79,95.76,95.78,1.38381017
1778575740.0,95.73,95.74,95.73,95.74,0.1294996
1778575800.0,95.74,95.76,95.73,95.75,5.80554323
1778575860.0,95.76,95.81,95.76,95.8,38.33662433
1778575920.0,95.79,95.81,95.78,95.78,4.8259193
1778575980.0,95.77,95.77,95.54,95.55,1409.6009864
1778576040.0,95.54,95.63,95.54,95.61,8.66674002
1778576100.0,95.59,95.63,95.59,95.59,3.79223231
1778576160.0,95.58,95.59,95.55,95.56,210.99012258
1778576220.0,95.58,95.63,95.58,95.63,4.80333685
1778576280.0,95.65,95.66,95.64,95.65,78.41232614
1778576340.0,95.66,95.66,95.65,95.65,7.2541345
1778576400.0,95.58,95.62,95.57,95.57,9.74288251
1778576460.0,95.53,95.58,95.53,95.55,51.89025162
1778576520.0,95.56,95.66,95.56,95.66,14.20941849
1778576580.0,95.65,95.68,95.62,95.65,1109.96842477
1778576640.0,95.64,95.66,95.64,95.65,7.4965233
1778576700.0,95.68,95.68,95.56,95.57,17.5623419
1778576760.0,95.58,95.58,95.5,95.51,9.44136635
1778576820.0,95.5,95.5,95.44,95.5,393.15688656
1778576880.0,95.49,95.52,95.45,95.52,40.3008245
1778576940.0,95.5,95.6,95.49,95.59,112.57553496
1778577000.0,95.61,95.61,95.52,95.54,86.81254263
1778577060.0,95.54,95.56,95.49,95.49,1.666824
1778577120.0,95.5,95.5,95.43,95.43,509.18225073
1778577180.0,95.42,95.46,95.33,95.42,178.26813907
1778577240.0,95.38,95.4,95.34,95.36,113.4551216
1778577300.0,95.36,95.4,95.36,95.4,43.96184942
1778577360.0,95.4,95.4,95.36,95.36,21.04259778
1778577420.0,95.36,95.39,95.31,95.39,596.26819935
1778577480.0,95.4,95.44,95.39,95.44,1155.99188751
1778577540.0,95.43,95.46,95.43,95.43,0.29165236
1778577600.0,95.45,95.48,95.45,95.47,11.31251284
1778577660.0,95.48,95.5,95.47,95.49,63.38456847
1778577720.0,95.47,95.49,95.47,95.48,0.350293
1778577780.0,95.48,95.49,95.46,95.46,125.6616667
1778577840.0,95.46,95.52,95.45,95.52,113.57510258
1778577900.0,95.52,95.56,95.52,95.54,6.16506564
1778577960.0,95.54,95.54,95.47,95.5,3.44415785
1778578020.0,95.5,95.5,95.47,95.48,51.23185895
1778578080.0,95.49,95.5,95.45,95.45,8.32149553
1778578140.0,95.45,95.46,95.45,95.46,3.28452
1778578200.0,95.46,95.64,95.46,95.64,90.31614067
1778578260.0,95.68,95.71,95.63,95.64,72.06667759
1778578320.0,95.64,95.73,95.63,95.73,199.35962701
1778578380.0,95.72,95.81,95.7,95.81,19.96503255
1778578440.0,95.82,95.86,95.82,95.86,2.01779653
1778578500.0,95.86,95.89,95.84,95.89,839.85529568
1778578560.0,95.86,95.88,95.84,95.88,6.07449719
1778578620.0,95.89,95.89,95.87,95.87,32.23335334
1778578680.0,95.87,95.88,95.87,95.88,4.57856951
1778578740.0,95.88,95.89,95.88,95.89,22.56775114
1778578800.0,95.89,96.06,95.89,95.99,10759.33257748
1778578860.0,96.02,96.02,95.99,96.0,128.60145331
1778578920.0,96.01,96.01,95.99,95.99,216.74389584
1778578980.0,95.94,96.0,95.92,95.94,1020.42191451
1778579040.0,95.94,95.96,95.92,95.96,5.26400969
1778579100.0,96.0,96.01,95.98,95.98,100.25337766
1778579160.0,95.94,95.94,95.87,95.87,86.75424789
1778579220.0,95.85,95.85,95.82,95.83,6.26308947
1778579280.0,95.81,95.83,95.81,95.81,2.03254241
1778579340.0,95.82,95.84,95.8,95.83,14.52401835
1778579400.0,95.84,95.84,95.78,95.79,1.25305073
1778579460.0,95.78,95.81,95.78,95.8,2.2679
1778579520.0,95.79,95.81,95.79,95.81,7.9268628
1778579580.0,95.8,95.81,95.79,95.8,3.18525382
1778579640.0,95.79,95.79,95.72,95.74,106.15956128
1778579700.0,95.73,95.74,95.69,95.74,4.02030741
1778579760.0,95.74,95.77,95.73,95.74,3.55601522
1778579820.0,95.74,95.74,95.71,95.73,22.05017004
1778579880.0,95.73,95.76,95.73,95.74,7.50536131
1778579940.0,95.75,95.75,95.63,95.75,3621.84670659
1778580000.0,95.75,95.76,95.72,95.76,51.06291189
1778580060.0,95.77,95.77,95.75,95.77,105.09120067
1778580120.0,95.75,95.81,95.75,95.8,56.47024496
1778580180.0,95.8,95.8,95.75,95.75,23.61998906
1778580240.0,95.76,95.76,95.73,95.73,1.7359624
1778580300.0,95.73,95.76,95.73,95.75,191.01471417
1778580360.0,95.76,95.81,95.76,95.77,74.05484327
1778580420.0,95.81,95.84,95.81,95.82,83.57035528
1778580480.0,95.81,95.84,95.81,95.84,0.67347
1778580540.0,95.83,95.84,95.83,95.83,23.22155282
1778580600.0,95.84,95.88,95.84,95.88,20.31356684
1778580660.0,95.87,95.91,95.87,95.88,334.72172577
1778580720.0,95.88,95.92,95.87,95.92,0.2839257
1778580780.0,95.92,95.92,95.87,95.89,19.17867599
1778580840.0,95.87,95.92,95.65,95.65,822.14422209
1778580900.0,95.66,95.66,95.51,95.56,964.6645519
1778580960.0,95.55,95.55,95.5,95.52,211.48203212
1778581020.0,95.52,95.52,95.49,95.5,0.82241921
1778581080.0,95.49,95.52,95.49,95.52,3.48843365
1778581140.0,95.53,95.54,95.51,95.54,27.78590296
1778581200.0,95.52,95.55,95.52,95.53,3.93676199
1778581260.0,95.53,95.53,95.5,95.51,110.33365998
1778581320.0,95.5,95.5,95.36,95.36,133.3918284
1778581380.0,95.36,95.36,95.18,95.27,1903.69865096
1778581440.0,95.28,95.36,95.28,95.36,3.55064068
1778581500.0,95.36,95.39,95.28,95.32,259.89863981
1778581560.0,95.32,95.32,95.28,95.28,7.43201707
1778581620.0,95.32,95.33,95.29,95.33,28.22452079
1778581680.0,95.33,95.4,95.33,95.4,6.54988447
1778581740.0,95.38,95.4,95.37,95.39,1.93476303
1778581800.0,95.39,95.4,95.32,95.32,4.72082755
1778581860.0,95.33,95.34,95.29,95.29,68.78566431
1778581920.0,95.28,95.28,95.2,95.21,981.85442894
1778581980.0,95.21,95.24,95.12,95.19,582.9530146
1778582040.0,95.16,95.16,95.11,95.13,85.54254864
1778582100.0,95.12,95.16,95.08,95.16,229.85619933
1778582160.0,95.16,95.21,95.15,95.21,3.17956601
1778582220.0,95.21,95.27,95.19,95.22,1105.3984425
1778582280.0,95.22,95.27,95.22,95.25,2.14418426
1778582340.0,95.21,95.21,95.15,95.15,81.85504507
1778582400.0,95.12,95.18,95.12,95.18,53.60246835
1778582460.0,95.16,95.18,95.1,95.16,836.96901193
1778582520.0,95.18,95.19,95.08,95.09,274.55745662
1778582580.0,95.08,95.13,95.04,95.11,94.80013736
1778582640.0,95.14,95.16,95.1,95.1,89.10906376
1778582700.0,95.12,95.12,95.1,95.11,111.97857128
1778582760.0,95.1,95.1,95.0,95.03,287.61092465
1778582820.0,95.02,95.06,95.02,95.03,208.27167242
1778582880.0,95.04,95.08,94.96,95.0,732.7183911
1778582940.0,94.98,94.98,94.92,94.96,394.108994
1778583000.0,94.98,95.07,94.96,95.02,155.77466292
1778583060.0,95.02,95.07,95.0,95.02,73.5441993
1778583120.0,95.03,95.06,95.02,95.06,252.21604131
1778583180.0,95.07,95.07,95.05,95.06,20.91374463
1778583240.0,95.05,95.05,94.97,94.99,52.61435493
1778583300.0,95.0,95.0,94.92,94.95,15.3723745
1778583360.0,94.94,94.97,94.93,94.93,13.76277847
1778583420.0,94.93,94.96,94.93,94.93,4.89234733
1778583480.0,94.92,94.94,94.91,94.93,15.2513626
1778583540.0,94.97,94.97,94.92,94.92,0.45225713
1778583600.0,94.97,94.99,94.95,94.96,200.76308725
1778583660.0,94.95,94.98,94.95,94.96,1.67209489
1778583720.0,94.95,94.95,94.85,94.91,127.9507771
1778583780.0,94.91,94.98,94.87,94.97,20.44266825
1778583840.0,94.97,94.97,94.92,94.92,138.98092276
1778583900.0,94.93,94.93,94.7,94.73,7634.51793456
1778583960.0,94.7,94.75,94.68,94.74,93.50641225
1778584020.0,94.75,94.76,94.69,94.71,113.95572095
1778584080.0,94.73,94.88,94.69,94.88,141.13853095
1778584140.0,94.89,94.91,94.89,94.9,33.11445197
1778584200.0,94.9,94.97,94.89,94.89,27.55810982
1778584260.0,94.85,94.85,94.82,94.82,3.28165152
1778584320.0,94.82,94.82,94.74,94.74,18.614933
1778584380.0,94.78,94.82,94.77,94.79,181.16076003
1778584440.0,94.83,94.84,94.78,94.79,35.36229934
1778584500.0,94.78,94.78,94.7,94.73,130.70133978
1778584560.0,94.73,94.75,94.59,94.66,145.93809179
1778584620.0,94.66,94.69,94.66,94.69,50.68260035
1778584680.0,94.72,94.72,94.59,94.62,19.38085537
1778584740.0,94.61,94.67,94.61,94.66,3.29837626
1778584800.0,94.63,94.7,94.63,94.7,11.71474397
1778584860.0,94.69,94.69,94.64,94.65,5.17630311
1778584920.0,94.65,94.71,94.64,94.66,5.57469821
1778584980.0,94.66,94.67,94.66,94.67,4.79212417
1778585040.0,94.66,94.7,94.63,94.64,544.85145719
1778585100.0,94.64,94.72,94.64,94.71,6.65805178
1778585160.0,94.71,94.75,94.71,94.74,16.55061297
1778585220.0,94.74,94.74,94.69,94.7,43.35760419
1778585280.0,94.7,94.7,94.68,94.69,3.50531598
1778585340.0,94.7,94.73,94.69,94.73,21.7627039
1778585400.0,94.73,94.77,94.73,94.77,6.81408033
1778585460.0,94.78,94.81,94.75,94.8,40.04250155
1778585520.0,94.8,94.8,94.77,94.79,44.37123309
1778585580.0,94.76,94.76,94.76,94.76,12.42329188
1778585640.0,94.75,94.79,94.75,94.78,110.30793565
1778585700.0,94.77,94.77,94.75,94.76,7.30751715
1778585760.0,94.76,94.76,94.75,94.75,591.8769443
1778585820.0,94.76,94.76,94.75,94.75,393.52259522
1778585880.0,94.76,94.76,94.75,94.75,0.38987647
1778585940.0,94.76,94.78,94.76,94.78,9.16977714
1778586000.0,94.77,94.78,94.77,94.77,20.81588766
1778586060.0,94.78,94.8,94.78,94.8,1.15056
1778586120.0,94.82,94.84,94.8,94.84,9.80848225
1778586180.0,94.83,94.85,94.83,94.84,2.49901164
1778586240.0,94.84,94.9,94.84,94.9,211.97174778
1778586300.0,94.89,94.89,94.79,94.79,96.7303669
1778586360.0,94.81,94.81,94.8,94.8,0.14431329
1778586420.0,94.82,94.83,94.8,94.83,121.88633717
1778586480.0,94.83,94.88,94.83,94.88,3.50409512
1778586540.0,94.89,94.89,94.8,94.82,130.00342725
1778586600.0,94.8,94.81,94.8,94.81,100.132353
1778586660.0,94.8,94.82,94.8,94.81,9.74912351
1778586720.0,94.8,94.81,94.77,94.81,4.06020264
1778586780.0,94.8,94.81,94.79,94.79,11.22407694
1778586840.0,94.81,94.86,94.81,94.86,1.1480015
1778586900.0,94.87,94.87,94.84,94.85,2.40388904
1778586960.0,94.88,94.91,94.88,94.9,6.47231899
1778587020.0,94.87,94.91,94.87,94.91,1.11242774
1778587080.0,94.9,94.95,94.9,94.92,41.01432818
1778587140.0,94.95,94.96,94.94,94.94,22.29675354
1778587200.0,94.95,94.95,94.87,94.87,127.30384631
1778587260.0,94.87,94.91,94.87,94.91,3.60709731
1778587320.0,94.9,94.97,94.9,94.97,5.98746421
1778587380.0,94.95,94.96,94.91,94.91,2.87988635
1778587440.0,94.91,94.91,94.86,94.87,16.64226138
1778587500.0,94.86,94.9,94.86,94.9,4.36440323
1778587560.0,94.89,94.89,94.84,94.87,69.09184917
1778587620.0,94.87,94.89,94.82,94.82,12.62679616
1778587680.0,94.8,94.81,94.77,94.8,3.11904178
1778587740.0,94.8,94.97,94.8,94.97,6.7627885
1778587800.0,94.96,95.0,94.96,95.0,42.24189251
1778587860.0,95.0,95.03,95.0,95.03,16.79906751
1778587920.0,95.04,95.08,95.04,95.04,26.71006199
1778587980.0,95.04,95.08,95.04,95.08,63.22222292
1778588040.0,95.06,95.09,95.04,95.07,82.68804991
1778588100.0,95.07,95.09,95.02,95.06,123.13920768
1778588160.0,95.06,95.06,95.01,95.01,106.29402641
1778588220.0,95.06,95.09,95.04,95.09,5.1434928
1778588280.0,95.09,95.14,95.05,95.11,53.18785781
1778588340.0,95.1,95.16,95.09,95.16,11.44573859
1778588400.0,95.13,95.16,95.06,95.06,31.24420554
1778588460.0,95.06,95.07,95.05,95.06,181.68245659
1778588520.0,95.09,95.1,95.06,95.06,11.74685001
1778588580.0,95.06,95.06,95.05,95.06,175.33326498
1778588640.0,95.06,95.06,95.01,95.03,30.26560399
1778588700.0,95.02,95.05,95.01,95.02,322.91173565
1778588760.0,95.03,95.04,94.93,94.94,845.9554051
1778588820.0,94.84,94.85,94.8,94.83,109.89640878
1778588880.0,94.83,94.94,94.77,94.85,2098.55528669
1778588940.0,94.82,94.88,94.82,94.86,99.93826313
1778589000.0,94.88,95.08,94.5,94.66,7454.4423944
1778589060.0,94.78,94.78,94.39,94.44,927.15279975
1778589120.0,94.43,94.53,94.31,94.42,1171.24072868
1778589180.0,94.39,94.55,94.39,94.5,593.35803748
1778589240.0,94.53,94.86,94.53,94.81,346.04503997
1778589300.0,94.87,94.93,94.84,94.92,19.46239514
1778589360.0,94.93,94.94,94.93,94.93,5.23045568
1778589420.0,94.94,95.05,94.94,95.05,2142.02793865
1778589480.0,95.06,95.21,95.06,95.21,17.48065392
1778589540.0,95.22,95.42,95.21,95.35,1190.28610551
1778589600.0,95.4,95.5,95.4,95.5,134.04055879
1778589660.0,95.4,95.47,95.4,95.43,191.09260691
1778589720.0,95.5,95.5,95.35,95.35,19.64036196
1778589780.0,95.37,95.39,95.3,95.33,142.05778849
1778589840.0,95.32,95.33,95.26,95.3,178.53998271
1778589900.0,95.3,95.32,95.3,95.3,8.66612893
1778589960.0,95.31,95.32,95.3,95.3,15.38735885
1778590020.0,95.28,95.31,95.26,95.29,89.20467843
1778590080.0,95.3,95.35,95.28,95.34,26.76436768
1778590140.0,95.36,95.38,95.36,95.37,7.05477948
1778590200.0,95.38,95.38,95.35,95.35,1.08947772
1778590260.0,95.35,95.38,95.32,95.33,152.06960176
1778590320.0,95.32,95.34,95.32,95.33,3.07787333
1778590380.0,95.35,95.35,95.3,95.3,36.16717539
1778590440.0,95.33,95.35,95.31,95.31,75.8624345
1778590500.0,95.31,95.31,95.2,95.25,36.83215086
1778590560.0,95.25,95.25,95.21,95.22,161.90001828
1778590620.0,95.19,95.27,95.19,95.21,6.68793286
1778590680.0,95.21,95.23,95.19,95.19,3.36840673
1778590740.0,95.2,95.21,95.19,95.2,4.91667566
1778590800.0,95.2,95.21,95.14,95.21,62.67482673
1778590860.0,95.21,95.32,95.21,95.29,60.71231847
1778590920.0,95.25,95.35,95.25,95.35,6.92067568
1778590980.0,95.34,95.39,95.28,95.35,3184.22065863
1778591040.0,95.33,95.33,95.24,95.24,61.63157222
1778591100.0,95.29,95.32,95.27,95.3,56.4535591
1778591160.0,95.3,95.3,95.27,95.27,21.99424725
1778591220.0,95.28,95.33,95.28,95.33,526.69181766
1778591280.0,95.33,95.33,95.32,95.33,40.57136323
1778591340.0,95.32,95.32,95.29,95.29,13.7787816
1778591400.0,95.28,95.28,95.2,95.2,16.46066466
1778591460.0,95.21,95.29,95.21,95.23,37.2055615
1778591520.0,95.22,95.27,95.22,95.23,12.68704317
1778591580.0,95.23,95.23,95.2,95.2,8.94595791
1778591640.0,95.2,95.2,95.0,95.0,137.36390949
1778591700.0,95.01,95.06,94.99,95.0,444.17053789
1778591760.0,95.0,95.09,94.99,95.06,35.83341074
1778591820.0,95.06,95.08,95.0,95.01,4.80264341
1778591880.0,95.0,95.0,94.94,94.94,97.5154903
1778591940.0,94.94,94.94,94.85,94.85,12.97367495
1778592000.0,94.84,94.85,94.79,94.79,9.30652557
1778592060.0,94.85,94.93,94.85,94.93,575.37011352
1778592120.0,94.94,94.98,94.92,94.98,19.90784286
1778592180.0,95.04,95.07,95.02,95.04,8.98782338
1778592240.0,95.03,95.08,95.0,95.07,925.17105522
1778592300.0,95.03,95.05,94.97,95.01,9.96930304
1778592360.0,95.0,95.04,94.98,95.04,161.00111681
1778592420.0,95.03,95.03,94.96,94.96,8.61174837
1778592480.0,95.0,95.01,94.97,95.0,16.03583966
1778592540.0,94.99,95.0,94.93,94.93,9.07416131
1778592600.0,94.97,94.97,94.8,94.8,19.07077668
1778592660.0,94.86,94.99,94.86,94.97,32.86198396
1778592720.0,94.96,95.01,94.96,94.98,51.49644826
1778592780.0,94.97,94.99,94.84,94.91,36.10777821
1778592840.0,94.9,94.98,94.86,94.94,17.24102565
1778592900.0,94.89,94.89,94.77,94.8,28.02273884
1778592960.0,94.8,94.86,94.7,94.72,92.49677304
1778593020.0,94.79,94.85,94.72,94.85,70.61698012
1778593080.0,94.81,94.91,94.81,94.91,231.14456201
1778593140.0,94.88,95.06,94.88,95.03,15.62711273
1778593200.0,95.09,95.12,95.01,95.09,119.20725986
1778593260.0,95.09,95.15,95.09,95.14,11.11705449
1778593320.0,95.1,95.1,94.99,95.0,95.37747639
1778593380.0,95.01,95.1,95.01,95.04,4.30008293
1778593440.0,95.07,95.16,95.07,95.07,21.50340242
1778593500.0,95.14,95.32,95.13,95.29,39.17203252
1778593560.0,95.3,95.35,95.07,95.15,1307.62962944
1778593620.0,95.15,95.15,94.86,94.86,16.31595076
1778593680.0,94.87,94.94,94.86,94.86,30.69207176
1778593740.0,94.85,94.93,94.84,94.91,474.29185535
1778593800.0,94.9,94.94,94.83,94.84,38.94205052
1778593860.0,94.84,94.89,94.83,94.83,8.59331852
1778593920.0,94.84,94.88,94.82,94.83,45.33667783
1778593980.0,94.85,94.95,94.85,94.9,22.27992517
1778594040.0,94.9,94.94,94.87,94.87,104.52453082
1778594100.0,94.88,94.88,94.74,94.78,78.85993048
1778594160.0,94.83,94.85,94.59,94.59,76.88284642
1778594220.0,94.63,94.73,94.56,94.72,22.97826436
1778594280.0,94.72,94.83,94.65,94.65,454.55105316
1778594340.0,94.66,94.71,94.53,94.66,61.24296646
1778594400.0,94.65,94.69,94.56,94.69,80.14106114
1778594460.0,94.69,94.84,94.69,94.8,3.25851925
1778594520.0,94.88,94.88,94.75,94.77,134.22757436
1778594580.0,94.8,94.81,94.75,94.77,20.83833667
1778594640.0,94.75,94.81,94.7,94.79,43.69914281
1778594700.0,94.8,94.97,94.8,94.97,34.38240281
1778594760.0,94.97,94.99,94.94,94.99,7.01732056
1778594820.0,94.98,95.0,94.96,94.97,45.58627288
1778594880.0,94.98,94.99,94.79,94.81,65.21731182
1778594940.0,94.81,94.87,94.8,94.87,114.40533818
1778595000.0,94.88,94.89,94.83,94.83,35.95564871
1778595060.0,94.84,94.85,94.82,94.84,44.60875822
1778595120.0,94.82,94.93,94.81,94.91,78.45119986
1778595180.0,94.91,95.02,94.91,94.95,67.1911765
1778595240.0,94.98,95.03,94.98,95.03,59.92484512
1778595300.0,95.02,95.1,94.95,95.1,117.67365716
1778595360.0,95.11,95.19,95.04,95.05,67.59398284
1778595420.0,95.05,95.05,94.9,94.97,164.3178292
1778595480.0,94.97,95.02,94.97,95.01,10.94919226
1778595540.0,95.0,95.09,95.0,95.07,201.62614817
1778595600.0,95.08,95.11,95.06,95.06,69.94332345
1778595660.0,95.06,95.15,95.05,95.15,130.22783145
1778595720.0,95.15,95.27,95.14,95.18,1372.21074983
1778595780.0,95.18,95.2,95.14,95.18,112.01778499
1778595840.0,95.16,95.16,95.1,95.12,561.38908599
1778595900.0,95.13,95.18,95.09,95.1,45.40228167
1778595960.0,95.13,95.14,95.04,95.04,118.19900971
1778596020.0,95.05,95.05,94.98,95.0,13.87062693
1778596080.0,95.0,95.0,94.73,94.73,55.74730786
1778596140.0,94.72,94.82,94.62,94.79,968.07149648
1778596200.0,94.79,94.82,94.71,94.71,26.48997976
1778596260.0,94.68,94.68,94.44,94.58,531.78340327
1778596320.0,94.6,94.62,94.47,94.49,8.51123756
1778596380.0,94.49,94.54,94.43,94.47,42.98475055
1778596440.0,94.48,94.55,94.42,94.55,231.62364043
1778596500.0,94.59,94.61,94.47,94.54,31.98585603
1778596560.0,94.54,94.61,94.54,94.59,36.98714898
1778596620.0,94.64,94.82,94.64,94.81,113.22316811
1778596680.0,94.84,94.95,94.84,94.95,2.3275286
1778596740.0,94.94,95.06,94.94,95.0,389.98950878
1778596800.0,95.03,95.04,94.95,94.99,33.84648874
1778596860.0,95.01,95.02,94.96,95.0,29.11829004
1778596920.0,95.0,95.04,94.97,95.01,12.12538196
1778596980.0,95.0,95.07,95.0,95.03,46.03997932
1778597040.0,95.03,95.03,94.92,94.92,15.05400196
1778597100.0,94.9,94.92,94.81,94.83,51.79363535
1778597160.0,94.81,94.82,94.79,94.8,8.24423102
1778597220.0,94.76,94.76,94.63,94.67,37.30158124
1778597280.0,94.68,94.72,94.68,94.71,16.93819952
1778597340.0,94.71,94.71,94.63,94.68,4.51459352
1778597400.0,94.68,94.69,94.58,94.58,20.37696765
1778597460.0,94.57,94.57,94.44,94.55,269.38468098
1778597520.0,94.53,94.64,94.53,94.63,221.80060838
1778597580.0,94.58,94.64,94.56,94.56,222.84633246
1778597640.0,94.55,94.56,94.55,94.55,7.73416532
1778597700.0,94.56,94.57,94.53,94.53,38.20067795
1778597760.0,94.49,94.54,94.46,94.52,486.42857732
1778597820.0,94.53,94.53,94.43,94.49,25.66547024
1778597880.0,94.52,94.54,94.51,94.54,12.43718941
1778597940.0,94.48,94.53,94.44,94.53,17.40478288
1778598000.0,94.52,94.52,94.43,94.43,65.95262773
1778598060.0,94.42,94.44,94.38,94.44,42.07583817
1778598120.0,94.37,94.46,94.35,94.44,75.25378204
1778598180.0,94.4,94.49,94.38,94.43,64.76430432
1778598240.0,94.46,94.53,94.46,94.49,588.18025702
1778598300.0,94.51,94.52,94.43,94.5,41.18576451
1778598360.0,94.54,94.67,94.52,94.62,30.45610374
1778598420.0,94.62,94.71,94.6,94.71,300.48354027
1778598480.0,94.7,94.72,94.66,94.7,251.93020685
1778598540.0,94.7,94.75,94.7,94.75,22.19903951
1778598600.0,94.72,94.74,94.71,94.74,13.86943942
1778598660.0,94.75,94.75,94.66,94.67,16.2084897
1778598720.0,94.66,94.67,94.59,94.66,576.9075739
1778598780.0,94.61,94.68,94.61,94.68,9.81351661
1778598840.0,94.61,94.62,94.61,94.61,68.75145299
1778598900.0,94.61,94.61,94.44,94.53,33.14695662
1778598960.0,94.5,94.5,94.45,94.47,35.26697096
1778599020.0,94.45,94.54,94.42,94.54,109.80427605
1778599080.0,94.52,94.52,94.43,94.44,45.36582093
1778599140.0,94.42,94.5,94.42,94.48,55.07273481
1778599200.0,94.47,94.5,94.43,94.43,94.28358431
1778599260.0,94.49,94.49,94.37,94.38,6.19055712
1778599320.0,94.39,94.39,94.09,94.09,1187.16879239
1778599380.0,94.09,94.09,93.76,93.78,5334.63070214
1778599440.0,93.77,93.8,93.66,93.66,249.87889388
1778599500.0,93.66,93.74,93.61,93.61,874.52290884
1778599560.0,93.64,93.74,93.59,93.74,294.07814497
1778599620.0,93.76,93.8,93.71,93.8,30.46510604
1778599680.0,93.81,93.9,93.71,93.75,203.39790524
1778599740.0,93.76,93.8,93.73,93.79,36.18973139
1778599800.0,93.8,93.93,93.8,93.8,134.84874898
1778599860.0,93.82,94.03,93.82,94.03,162.96203642
1778599920.0,94.04,94.1,94.04,94.06,44.36183945
1778599980.0,94.07,94.1,94.05,94.1,48.17394782
1778600040.0,94.11,94.2,94.11,94.2,73.43164838
1778600100.0,94.14,94.14,94.05,94.05,5.33412672
1778600160.0,94.05,94.13,94.05,94.13,12.28229792
1778600220.0,94.1,94.15,94.09,94.09,57.20386161
1778600280.0,94.09,94.09,94.05,94.06,86.06012868
1778600340.0,94.06,94.09,94.05,94.05,734.2977913
1778600400.0,94.05,94.07,94.01,94.05,64.41561861
1778600460.0,94.05,94.05,93.96,93.96,36.35710904
1778600520.0,93.96,94.02,93.96,94.0,84.74100753
1778600580.0,94.0,94.14,94.0,94.14,32.38780848
1778600640.0,94.13,94.15,94.09,94.1,647.17033531
1778600700.0,94.11,94.18,94.01,94.01,421.15876578
1778600760.0,93.98,93.99,93.83,93.86,3919.84536845
1778600820.0,93.87,93.89,93.86,93.88,81.38981632
1778600880.0,93.86,93.9,93.86,93.87,80.63350223
1778600940.0,93.87,93.89,93.86,93.89,5.75980498
1778601000.0,93.89,93.98,93.89,93.98,3.91861058
1778601060.0,94.0,94.08,93.99,94.08,2008.91588
1778601120.0,94.1,94.11,94.05,94.05,12.14436152
1778601180.0,94.06,94.06,94.02,94.02,2151.18560778
1778601240.0,94.0,94.06,94.0,94.06,342.13321468
1778601300.0,94.05,94.1,94.03,94.09,932.48075723
1778601360.0,94.1,94.1,94.09,94.1,19.87744883
1778601420.0,94.09,94.09,93.93,93.93,157.82156583
1778601480.0,93.94,93.96,93.9,93.9,563.26736266
1778601540.0,93.92,93.92,93.83,93.83,20.30547489
1778601600.0,93.83,93.85,93.63,93.85,519.82576818
1778601660.0,93.86,93.98,93.86,93.98,56.74092474
1778601720.0,93.97,94.04,93.97,94.04,163.09275987
1778601780.0,94.05,94.1,94.03,94.03,164.71421905
1778601840.0,94.03,94.03,93.94,93.96,144.01131155
1778601900.0,93.97,93.97,93.93,93.97,12.44017
1778601960.0,93.96,94.0,93.94,94.0,13.20851164
1778602020.0,94.0,94.06,93.99,94.06,39.65937008
1778602080.0,94.03,94.04,93.95,93.97,6.84933939
1778602140.0,93.96,94.01,93.96,94.01,13.25971401
1778602200.0,94.02,94.04,93.93,93.97,136.25265473
1778602260.0,93.98,94.01,93.98,94.01,8.64640841
1778602320.0,94.0,94.04,93.98,94.04,129.77842952
1778602380.0,94.04,94.16,94.04,94.15,201.5406711
1778602440.0,94.15,94.15,94.11,94.11,143.95332718
1778602500.0,94.03,94.03,93.98,93.98,25.17138527
1778602560.0,94.0,94.0,93.97,93.97,5.6066809
1778602620.0,94.04,94.13,94.04,94.13,17.03406581
1778602680.0,94.13,94.23,94.13,94.16,213.5751025
1778602740.0,94.19,94.23,94.19,94.23,68.11048132
1778602800.0,94.19,94.27,94.18,94.27,3.06300605
1778602860.0,94.27,94.28,94.11,94.11,216.10669183
1778602920.0,94.12,94.15,94.11,94.14,15.01279148
1778602980.0,94.14,94.15,94.12,94.12,2.52902719
1778603040.0,94.12,94.12,94.04,94.12,98.51547893
1778603100.0,94.12,94.12,94.04,94.05,12.1109994
1778603160.0,94.04,94.2,94.04,94.2,102.67197354
1778603220.0,94.14,94.18,94.11,94.18,328.80958251
1778603280.0,94.16,94.19,94.13,94.19,52.55793421
1778603340.0,94.21,94.21,94.13,94.14,33.29683856
1778603400.0,94.14,94.16,94.13,94.14,26.98297965
1778603460.0,94.14,94.18,94.13,94.18,66.45974239
1778603520.0,94.18,94.18,94.11,94.15,55.49682036
1778603580.0,94.12,94.12,94.05,94.09,106.72187347
1778603640.0,94.07,94.07,94.05,94.05,26.48051681
1778603700.0,94.07,94.11,94.04,94.07,16.52817688
1778603760.0,94.08,94.16,94.08,94.16,159.29456415
1778603820.0,94.16,94.2,94.1,94.14,27.81797225
1778603880.0,94.06,94.07,94.06,94.07,1.34139127
1778603940.0,94.06,94.06,94.04,94.04,13.84520883
1778604000.0,94.04,94.06,93.96,94.03,52.39983003
1778604060.0,94.02,94.02,93.93,93.93,13.44645856
1778604120.0,93.95,93.96,93.9,93.95,8.64092836
1778604180.0,94.06,94.06,94.01,94.01,54.18523241
1778604240.0,94.03,94.06,94.03,94.06,6.63711523
1778604300.0,94.04,94.09,93.92,93.92,144.77439756
1778604360.0,93.91,93.96,93.75,93.8,663.07631416
1778604420.0,93.78,93.78,93.69,93.74,31.33642148
1778604480.0,93.73,93.74,93.67,93.7,197.66734307
1778604540.0,93.68,93.76,93.68,93.76,227.63618613
1778604600.0,93.76,93.8,93.61,93.61,307.73769141
1778604660.0,93.63,93.71,93.54,93.71,3311.62129001
1778604720.0,93.7,93.73,93.61,93.62,93.25134152
1778604780.0,93.67,93.69,93.62,93.69,63.17778619
1778604840.0,93.66,93.79,93.66,93.78,329.3944482
1778604900.0,93.78,93.87,93.77,93.85,1299.91329645
1778604960.0,93.9,93.9,93.84,93.89,10.66114919
1778605020.0,93.94,93.94,93.87,93.87,5.14618732
1778605080.0,93.89,93.92,93.79,93.8,222.16740636
1778605140.0,93.81,93.85,93.79,93.8,38.82367993
1778605200.0,93.81,93.85,93.79,93.85,25.98326733
1778605260.0,93.87,93.93,93.87,93.89,11.01406995
1778605320.0,93.93,93.97,93.9,93.95,262.95354285
1778605380.0,93.96,94.04,93.96,94.04,1006.56219778
1778605440.0,94.05,94.09,94.03,94.05,30.91343367
1778605500.0,94.07,94.09,94.05,94.05,36.55758629
1778605560.0,94.08,94.08,94.02,94.07,4.88215909
1778605620.0,94.04,94.09,94.04,94.09,23.9585703
1778605680.0,94.06,94.06,94.0,94.03,113.44575391
1778605740.0,94.0,94.02,94.0,94.01,4.08469375
1778605800.0,94.01,94.07,94.01,94.07,32.90933465
1778605860.0,94.09,94.12,94.07,94.12,68.81208037
1778605920.0,94.12,94.13,94.11,94.12,32.99023792
1778605980.0,94.12,94.14,94.09,94.13,8.25942445
1778606040.0,94.13,94.15,94.13,94.15,114.15307729
1778606100.0,94.16,94.3,94.16,94.3,188.4466872
1778606160.0,94.3,94.47,94.3,94.43,690.59537276
1778606220.0,94.43,94.48,94.36,94.36,177.93387828
1778606280.0,94.39,94.4,94.37,94.38,58.65647163
1778606340.0,94.37,94.39,94.32,94.36,38.26645742
1778606400.0,94.37,94.49,94.37,94.44,46.1392769
1778606460.0,94.43,94.49,94.43,94.49,112.34237105
1778606520.0,94.48,94.5,94.46,94.49,25.19623912
1778606580.0,94.47,94.5,94.45,94.49,43.76066888
1778606640.0,94.49,94.53,94.48,94.48,73.12713577
1778606700.0,94.45,94.46,94.4,94.46,864.79770226
1778606760.0,94.35,94.4,94.35,94.4,15.51701954
1778606820.0,94.39,94.42,94.37,94.39,42.99256098
1778606880.0,94.37,94.42,94.36,94.4,265.67452075
1778606940.0,94.45,94.49,94.43,94.46,157.0853915
1778607000.0,94.49,94.52,94.45,94.46,51.79051779
1778607060.0,94.48,94.49,94.44,94.44,101.78213748
1778607120.0,94.51,94.52,94.47,94.47,149.49233938
1778607180.0,94.48,94.48,94.46,94.47,95.53164863
1778607240.0,94.51,94.59,94.51,94.59,97.03826954
1778607300.0,94.59,94.61,94.49,94.56,2186.52878388
1778607360.0,94.52,94.59,94.51,94.55,1006.83513621
1778607420.0,94.55,94.55,94.52,94.53,12.09968583
1778607480.0,94.49,94.49,94.46,94.46,4.20782285
1778607540.0,94.48,94.58,94.47,94.53,21.17934166
1778607600.0,94.51,94.52,94.48,94.49,36.18313961
1778607660.0,94.5,94.5,94.49,94.5,4.63206329
1778607720.0,94.51,94.52,94.49,94.49,12.19294636
1778607780.0,94.49,94.54,94.49,94.54,21.65684676
1778607840.0,94.54,94.63,94.53,94.63,572.58539368
1778607900.0,94.63,94.64,94.62,94.62,534.76497887
1778607960.0,94.56,94.56,94.5,94.51,98.49930936
1778608020.0,94.52,94.57,94.52,94.55,124.15681371
1778608080.0,94.54,94.56,94.49,94.52,1036.99709024
1778608140.0,94.51,94.53,94.48,94.49,3.99174113
1778608200.0,94.49,94.51,94.47,94.47,45.46689429
1778608260.0,94.47,94.51,94.47,94.49,1.81897479
1778608320.0,94.5,94.5,94.48,94.49,33.06541992
1778608380.0,94.51,94.51,94.5,94.5,15.94546738
1778608440.0,94.55,94.56,94.54,94.55,81.0010877
1778608500.0,94.56,94.56,94.47,94.5,192.58169628
1778608560.0,94.48,94.52,94.47,94.49,64.44554799
1778608620.0,94.51,94.51,94.48,94.49,39.37508974
1778608680.0,94.47,94.5,94.47,94.49,3.45239159
1778608740.0,94.49,94.49,94.49,94.49,22.82929259
1778608800.0,94.48,94.56,94.48,94.5,45.44608863
1778608860.0,94.52,94.56,94.51,94.56,15.31245724
1778608920.0,94.56,94.56,94.4,94.44,1060.32472455
1778608980.0,94.45,94.55,94.45,94.55,15.61656923
1778609040.0,94.53,94.55,94.5,94.55,54.72260716
1778609100.0,94.53,94.54,94.52,94.52,12.6646015
1778609160.0,94.53,94.56,94.53,94.55,50.60628276
1778609220.0,94.54,94.54,94.44,94.44,326.67340277
1778609280.0,94.45,94.48,94.44,94.46,27.40924202
1778609340.0,94.46,94.5,94.46,94.47,1.4400077
1778609400.0,94.47,94.48,94.46,94.48,1.41859978
1778609460.0,94.5,94.5,94.37,94.37,216.47945099
1778609520.0,94.37,94.4,94.36,94.36,1209.5340921
1778609580.0,94.36,94.38,94.36,94.36,41.45647147
1778609640.0,94.37,94.42,94.36,94.41,1.70315962
1778609700.0,94.42,94.46,94.42,94.44,82.05032989
1778609760.0,94.46,94.56,94.46,94.56,105.26323945
1778609820.0,94.54,94.54,94.5,94.51,111.75397885
1778609880.0,94.5,94.51,94.47,94.48,80.98790766
1778609940.0,94.51,94.52,94.5,94.51,14.41444
1778610000.0,94.49,94.49,94.46,94.46,51.76861335
1778610060.0,94.48,94.49,94.48,94.49,584.50110966
1778610120.0,94.48,94.49,94.48,94.48,124.16874276
1778610180.0,94.51,94.51,94.45,94.48,614.71063957
1778610240.0,94.47,94.49,94.45,94.46,5.46393907
1778610300.0,94.47,94.47,94.39,94.39,846.5317722
1778610360.0,94.41,94.42,94.41,94.41,67.20556617
1778610420.0,94.4,94.4,94.36,94.38,4.32094781
1778610480.0,94.38,94.42,94.38,94.4,90.75409808
1778610540.0,94.41,94.41,94.37,94.39,0.77145482
1778610600.0,94.39,94.44,94.38,94.43,1.45411658
1778610660.0,94.45,94.48,94.44,94.45,15.79626496
1778610720.0,94.44,94.48,94.44,94.47,6.42293073
1778610780.0,94.47,94.5,94.46,94.5,112.04453151
1778610840.0,94.51,94.55,94.5,94.5,4.75057012
1778610900.0,94.49,94.5,94.44,94.46,15.09055852
1778610960.0,94.49,94.51,94.46,94.5,41.35168936
1778611020.0,94.55,94.56,94.52,94.56,6.02808691
1778611080.0,94.56,94.56,94.55,94.56,93.37066709
1778611140.0,94.55,94.59,94.55,94.58,979.00670777
1778611200.0,94.54,94.6,94.53,94.6,50.36478701
1778611260.0,94.58,94.59,94.55,94.59,13.80348096
1778611320.0,94.6,94.6,94.56,94.57,4.88729446
1778611380.0,94.57,94.57,94.56,94.57,28.59133739
1778611440.0,94.57,94.63,94.56,94.61,34.39288569
1778611500.0,94.61,94.63,94.56,94.61,21.29843629
1778611560.0,94.59,94.6,94.55,94.56,1158.4850722
1778611620.0,94.56,94.56,94.54,94.56,12.53247377
1778611680.0,94.56,94.58,94.53,94.53,5.26982946
1778611740.0,94.54,94.54,94.47,94.49,102.86018642
1778611800.0,94.53,94.54,94.52,94.54,34.3549515
1778611860.0,94.52,94.58,94.52,94.57,14.69437666
1778611920.0,94.58,94.58,94.57,94.58,3.77931635
1778611980.0,94.58,94.75,94.57,94.72,5109.45391258
1778612040.0,94.72,94.72,94.68,94.68,108.11846999
1778612100.0,94.68,94.68,94.64,94.65,54.71974189
1778612160.0,94.65,94.68,94.64,94.68,63.71375506
1778612220.0,94.64,94.66,94.57,94.58,11.88503411
1778612280.0,94.55,94.57,94.54,94.56,1.51409335
1778612340.0,94.57,94.57,94.53,94.53,4.60130592
1778612400.0,94.53,94.64,94.53,94.62,305.53514713
1778612460.0,94.62,94.66,94.61,94.66,20.2780168
1778612520.0,94.67,94.7,94.67,94.67,61.53399041
