pair_key,signals,long_executable,diagnostic_only,has_overlap,overlap_duration_ms,source_range_bps,target_range_bps,valid_returns,candidate,data_issue
binance:BTC/USDT->kraken:SOL/USD,515,162,353,True,873933.795072,12.634802714093633,15.769554247265713,3605,False,
binance:BTC/USDT->kraken:LINK/USD,515,162,353,True,812418.787072,12.634802714093633,26.79298870792132,3605,False,
binance:BTC/USDT->kraken:DOGE/USD,0,0,0,False,0.0,12.634802714093633,0.0,0,False,target_subscription_failed,target_zero_ticks,no_true_overlap
binance:BTC/USDT->coinbase:SOL/USD,515,162,353,True,887885.298944,12.634802714093633,14.716703458425373,3605,False,
binance:BTC/USDT->coinbase:LINK/USD,515,162,353,True,879890.313728,12.634802714093633,30.455886551822623,3605,False,
binance:BTC/USDT->coinbase:DOGE/USD,515,162,353,True,888412.719104,12.634802714093633,41.12650871703068,3605,False,
binance:ETH/USDT->kraken:SOL/USD,528,283,245,True,873933.795072,16.164003806363294,15.769554247265713,3696,False,
binance:ETH/USDT->kraken:LINK/USD,528,283,245,True,812381.321984,16.164003806363294,26.79298870792132,3696,False,
binance:ETH/USDT->kraken:DOGE/USD,0,0,0,False,0.0,16.164003806363294,0.0,0,False,target_subscription_failed,target_zero_ticks,no_true_overlap
binance:ETH/USDT->coinbase:SOL/USD,528,283,245,True,887885.298944,16.164003806363294,14.716703458425373,3696,False,
binance:ETH/USDT->coinbase:LINK/USD,528,283,245,True,879890.313728,16.164003806363294,30.455886551822623,3696,False,
binance:ETH/USDT->coinbase:DOGE/USD,528,283,245,True,888412.719104,16.164003806363294,41.12650871703068,3696,False,
binance:BTC/USD->kraken:SOL/USD,9,0,9,True,791715.0,10.152645350103478,15.769554247265713,63,False,
binance:BTC/USD->kraken:LINK/USD,9,0,9,True,729043.321984,10.152645350103478,26.79298870792132,63,False,
binance:BTC/USD->kraken:DOGE/USD,0,0,0,False,0.0,10.152645350103478,0.0,0,False,target_subscription_failed,target_zero_ticks,no_true_overlap
binance:BTC/USD->coinbase:SOL/USD,9,0,9,True,791715.0,10.152645350103478,14.716703458425373,63,False,
binance:BTC/USD->coinbase:LINK/USD,9,0,9,True,791715.0,10.152645350103478,30.455886551822623,63,False,
binance:BTC/USD->coinbase:DOGE/USD,9,0,9,True,791715.0,10.152645350103478,41.12650871703068,63,False,
binance:ETH/USD->kraken:SOL/USD,0,0,0,False,0.0,0.0,15.769554247265713,0,False,source_subscription_failed,source_zero_ticks,no_true_overlap
binance:ETH/USD->kraken:LINK/USD,0,0,0,False,0.0,0.0,26.79298870792132,0,False,source_subscription_failed,source_zero_ticks,no_true_overlap
binance:ETH/USD->kraken:DOGE/USD,0,0,0,False,0.0,0.0,0.0,0,False,source_subscription_failed,target_subscription_failed,source_zero_ticks,target_zero_ticks,no_true_overlap
binance:ETH/USD->coinbase:SOL/USD,0,0,0,False,0.0,0.0,14.716703458425373,0,False,source_subscription_failed,source_zero_ticks,no_true_overlap
binance:ETH/USD->coinbase:LINK/USD,0,0,0,False,0.0,0.0,30.455886551822623,0,False,source_subscription_failed,source_zero_ticks,no_true_overlap
binance:ETH/USD->coinbase:DOGE/USD,0,0,0,False,0.0,0.0,41.12650871703068,0,False,source_subscription_failed,source_zero_ticks,no_true_overlap
coinbase:BTC/USDT->kraken:SOL/USD,96,14,82,True,581634.694912,5.947865440962746,15.769554247265713,672,False,
coinbase:BTC/USDT->kraken:LINK/USD,96,14,82,True,581634.694912,5.947865440962746,26.79298870792132,672,False,
coinbase:BTC/USDT->kraken:DOGE/USD,0,0,0,False,0.0,5.947865440962746,0.0,0,False,target_subscription_failed,target_zero_ticks,no_true_overlap
coinbase:BTC/USDT->coinbase:SOL/USD,96,14,82,True,581634.694912,5.947865440962746,14.716703458425373,672,False,
coinbase:BTC/USDT->coinbase:LINK/USD,96,14,82,True,581634.694912,5.947865440962746,30.455886551822623,672,False,
coinbase:BTC/USDT->coinbase:DOGE/USD,96,14,82,True,581634.694912,5.947865440962746,41.12650871703068,672,False,
coinbase:ETH/USDT->kraken:SOL/USD,6,0,6,True,550845.396992,11.293839644851786,15.769554247265713,42,False,
coinbase:ETH/USDT->kraken:LINK/USD,6,0,6,True,496419.606016,11.293839644851786,26.79298870792132,42,False,
coinbase:ETH/USDT->kraken:DOGE/USD,0,0,0,False,0.0,11.293839644851786,0.0,0,False,target_subscription_failed,target_zero_ticks,no_true_overlap
coinbase:ETH/USDT->coinbase:SOL/USD,6,0,6,True,550845.396992,11.293839644851786,14.716703458425373,42,False,
coinbase:ETH/USDT->coinbase:LINK/USD,6,0,6,True,550845.396992,11.293839644851786,30.455886551822623,42,False,
coinbase:ETH/USDT->coinbase:DOGE/USD,6,0,6,True,550845.396992,11.293839644851786,41.12650871703068,42,False,
coinbase:BTC/USD->kraken:SOL/USD,441,184,257,True,873933.795072,13.957509881422924,15.769554247265713,3087,False,
coinbase:BTC/USD->kraken:LINK/USD,441,184,257,True,810886.0032,13.957509881422924,26.79298870792132,3087,False,
coinbase:BTC/USD->kraken:DOGE/USD,0,0,0,False,0.0,13.957509881422924,0.0,0,False,target_subscription_failed,target_zero_ticks,no_true_overlap
coinbase:BTC/USD->coinbase:SOL/USD,441,184,257,True,887885.298944,13.957509881422924,14.716703458425373,3087,False,
coinbase:BTC/USD->coinbase:LINK/USD,441,184,257,True,879890.313728,13.957509881422924,30.455886551822623,3087,False,
coinbase:BTC/USD->coinbase:DOGE/USD,441,184,257,True,888412.719104,13.957509881422924,41.12650871703068,3087,False,
coinbase:ETH/USD->kraken:SOL/USD,399,200,199,True,873933.795072,16.99519700954015,15.769554247265713,2793,False,
coinbase:ETH/USD->kraken:LINK/USD,399,200,199,True,808323.729152,16.99519700954015,26.79298870792132,2793,False,
coinbase:ETH/USD->kraken:DOGE/USD,0,0,0,False,0.0,16.99519700954015,0.0,0,False,target_subscription_failed,target_zero_ticks,no_true_overlap
coinbase:ETH/USD->coinbase:SOL/USD,399,200,199,True,886116.832,16.99519700954015,14.716703458425373,2793,False,
coinbase:ETH/USD->coinbase:LINK/USD,399,200,199,True,879890.313728,16.99519700954015,30.455886551822623,2793,False,
coinbase:ETH/USD->coinbase:DOGE/USD,399,200,199,True,886690.65216,16.99519700954015,41.12650871703068,2793,False,
kraken:BTC/USDT->kraken:SOL/USD,0,0,0,False,0.0,0.0,15.769554247265713,0,False,source_subscription_failed,source_zero_ticks,no_true_overlap
kraken:BTC/USDT->kraken:LINK/USD,0,0,0,False,0.0,0.0,26.79298870792132,0,False,source_subscription_failed,source_zero_ticks,no_true_overlap
kraken:BTC/USDT->kraken:DOGE/USD,0,0,0,False,0.0,0.0,0.0,0,False,source_subscription_failed,target_subscription_failed,source_zero_ticks,target_zero_ticks,no_true_overlap
kraken:BTC/USDT->coinbase:SOL/USD,0,0,0,False,0.0,0.0,14.716703458425373,0,False,source_subscription_failed,source_zero_ticks,no_true_overlap
kraken:BTC/USDT->coinbase:LINK/USD,0,0,0,False,0.0,0.0,30.455886551822623,0,False,source_subscription_failed,source_zero_ticks,no_true_overlap
kraken:BTC/USDT->coinbase:DOGE/USD,0,0,0,False,0.0,0.0,41.12650871703068,0,False,source_subscription_failed,source_zero_ticks,no_true_overlap
kraken:ETH/USDT->kraken:SOL/USD,25,12,13,True,258672.420096,7.249585427899499,15.769554247265713,175,False,
kraken:ETH/USDT->kraken:LINK/USD,25,12,13,True,258672.420096,7.249585427899499,26.79298870792132,175,False,
kraken:ETH/USDT->kraken:DOGE/USD,0,0,0,False,0.0,7.249585427899499,0.0,0,False,target_subscription_failed,target_zero_ticks,no_true_overlap
kraken:ETH/USDT->coinbase:SOL/USD,25,12,13,True,258672.420096,7.249585427899499,14.716703458425373,175,False,
kraken:ETH/USDT->coinbase:LINK/USD,25,12,13,True,258672.420096,7.249585427899499,30.455886551822623,175,False,
kraken:ETH/USDT->coinbase:DOGE/USD,25,12,13,True,258672.420096,7.249585427899499,41.12650871703068,175,False,
kraken:BTC/USD->kraken:SOL/USD,235,132,103,True,863939.793152,8.91578167448717,15.769554247265713,1645,False,
kraken:BTC/USD->kraken:LINK/USD,235,132,103,True,807770.413056,8.91578167448717,26.79298870792132,1645,False,
kraken:BTC/USD->kraken:DOGE/USD,0,0,0,False,0.0,8.91578167448717,0.0,0,False,target_subscription_failed,target_zero_ticks,no_true_overlap
kraken:BTC/USD->coinbase:SOL/USD,235,132,103,True,873687.86816,8.91578167448717,14.716703458425373,1645,False,
kraken:BTC/USD->coinbase:LINK/USD,235,132,103,True,866350.336,8.91578167448717,30.455886551822623,1645,False,
kraken:BTC/USD->coinbase:DOGE/USD,235,132,103,True,873687.86816,8.91578167448717,41.12650871703068,1645,False,
kraken:ETH/USD->kraken:SOL/USD,124,52,72,True,862905.163008,15.735504427240203,15.769554247265713,868,False,
kraken:ETH/USD->kraken:LINK/USD,124,52,72,True,806933.980928,15.735504427240203,26.79298870792132,868,False,
kraken:ETH/USD->kraken:DOGE/USD,0,0,0,False,0.0,15.735504427240203,0.0,0,False,target_subscription_failed,target_zero_ticks,no_true_overlap
kraken:ETH/USD->coinbase:SOL/USD,124,52,72,True,871816.805888,15.735504427240203,14.716703458425373,868,False,
kraken:ETH/USD->coinbase:LINK/USD,124,52,72,True,865315.705856,15.735504427240203,30.455886551822623,868,False,
kraken:ETH/USD->coinbase:DOGE/USD,124,52,72,True,871816.805888,15.735504427240203,41.12650871703068,868,False,
