address,coin,fill_count,signed_delta,turnover,is_frozen
0x010461c14e146ac35fe42271bdc1134ee31c703a,ZRO,198,-4977.5,34393.89095,False
0x010461c14e146ac35fe42271bdc1134ee31c703a,SYRUP,106,13685.0,19340.11158,False
0x010461c14e146ac35fe42271bdc1134ee31c703a,BCH,143,10.778,35160.86383,True
0x010461c14e146ac35fe42271bdc1134ee31c703a,ORDI,96,-716.58,9893.50338,False
0x010461c14e146ac35fe42271bdc1134ee31c703a,ATOM,110,1200.53,16699.018388,True
0x010461c14e146ac35fe42271bdc1134ee31c703a,HEMI,155,2292445.0,28851.703846,False
0x010461c14e146ac35fe42271bdc1134ee31c703a,SUPER,171,103959.0,18438.14588,False
0x010461c14e146ac35fe42271bdc1134ee31c703a,PROVE,116,4291.0,15678.7052,False
0x010461c14e146ac35fe42271bdc1134ee31c703a,ETHFI,123,282.8,14389.654209,False
0x010461c14e146ac35fe42271bdc1134ee31c703a,LAYER,114,5688.0,16673.358391,False
0x010461c14e146ac35fe42271bdc1134ee31c703a,IP,124,-3106.5,19809.918652,False
0x010461c14e146ac35fe42271bdc1134ee31c703a,DYDX,102,-8849.9,7951.625057,False
0x010461c14e146ac35fe42271bdc1134ee31c703a,POPCAT,92,-19731.0,13324.797871,False
0x010461c14e146ac35fe42271bdc1134ee31c703a,SUI,122,812.1,36112.67262,True
0x010461c14e146ac35fe42271bdc1134ee31c703a,APE,85,13924.0,6267.376595,False
0x010461c14e146ac35fe42271bdc1134ee31c703a,TAO,474,-1.434,118862.06871,False
0x010461c14e146ac35fe42271bdc1134ee31c703a,XMR,184,24.891,59773.40497,False
0x010461c14e146ac35fe42271bdc1134ee31c703a,CELO,70,2023.0,5157.505721,False
0x010461c14e146ac35fe42271bdc1134ee31c703a,W,53,210713.5,5016.797279,False
0x010461c14e146ac35fe42271bdc1134ee31c703a,PEOPLE,118,116141.0,4053.95049,False
0x010461c14e146ac35fe42271bdc1134ee31c703a,FET,116,-42048.0,19457.91416,True
0x010461c14e146ac35fe42271bdc1134ee31c703a,NIL,367,10305.0,47571.63852,False
0x010461c14e146ac35fe42271bdc1134ee31c703a,S,105,140802.0,13425.333063,False
0x010461c14e146ac35fe42271bdc1134ee31c703a,ARB,96,30004.4,15679.293217,True
0x010461c14e146ac35fe42271bdc1134ee31c703a,IOTA,91,-3897.0,2022.921678,False
0x010461c14e146ac35fe42271bdc1134ee31c703a,USUAL,35,13855.4,1125.574535,False
0x010461c14e146ac35fe42271bdc1134ee31c703a,INJ,170,499.6,41645.3431,True
0x010461c14e146ac35fe42271bdc1134ee31c703a,FARTCOIN,95,-17829.4,22483.777138,False
0x010461c14e146ac35fe42271bdc1134ee31c703a,EIGEN,116,36512.02,31653.219482,False
0x010461c14e146ac35fe42271bdc1134ee31c703a,LIT,627,-12327.0,118001.3795,False
0x010461c14e146ac35fe42271bdc1134ee31c703a,LTC,116,-35.75,26902.46731,True
0x010461c14e146ac35fe42271bdc1134ee31c703a,PAXG,73,0.56,9619.7115,False
0x010461c14e146ac35fe42271bdc1134ee31c703a,BNB,117,-0.052,21406.57532,True
0x010461c14e146ac35fe42271bdc1134ee31c703a,kLUNC,108,66788.0,13851.47316,False
0x010461c14e146ac35fe42271bdc1134ee31c703a,NEAR,530,-4149.6,158801.38293,True
0x010461c14e146ac35fe42271bdc1134ee31c703a,WLD,267,39946.0,70246.882754,True
0x010461c14e146ac35fe42271bdc1134ee31c703a,2Z,65,-8063.0,3765.52058,False
0x010461c14e146ac35fe42271bdc1134ee31c703a,CHIP,118,47143.0,21433.88048,False
0x010461c14e146ac35fe42271bdc1134ee31c703a,STABLE,144,-530624.0,23007.660627,False
0x010461c14e146ac35fe42271bdc1134ee31c703a,PYTH,95,58106.0,15734.330086,False
0x010461c14e146ac35fe42271bdc1134ee31c703a,JTO,119,7193.0,31606.61742,False
0x010461c14e146ac35fe42271bdc1134ee31c703a,BERA,120,-1086.8,13149.710057,False
0x010461c14e146ac35fe42271bdc1134ee31c703a,ADA,57,-12635.0,7376.11292,True
0x010461c14e146ac35fe42271bdc1134ee31c703a,DASH,154,84.54,32882.03781,False
0x010461c14e146ac35fe42271bdc1134ee31c703a,ALT,143,-987708.0,15959.829899,False
0x010461c14e146ac35fe42271bdc1134ee31c703a,SUSHI,94,-2122.8,9064.546097,False
0x010461c14e146ac35fe42271bdc1134ee31c703a,APEX,100,-19864.0,20558.75179,False
0x010461c14e146ac35fe42271bdc1134ee31c703a,SOL,105,-62.67,42314.39513,True
0x010461c14e146ac35fe42271bdc1134ee31c703a,MET,91,-9559.0,5187.67756,False
0x010461c14e146ac35fe42271bdc1134ee31c703a,PENGU,355,453204.0,87680.075105,False
0x010461c14e146ac35fe42271bdc1134ee31c703a,ZK,81,12957.0,3435.365641,False
0x010461c14e146ac35fe42271bdc1134ee31c703a,SPX,187,2157.6,39775.010366,False
0x010461c14e146ac35fe42271bdc1134ee31c703a,ENA,128,-108593.0,33329.747889,True
0x010461c14e146ac35fe42271bdc1134ee31c703a,AAVE,125,13.29,28047.52228,True
0x010461c14e146ac35fe42271bdc1134ee31c703a,OP,97,21005.7,12091.165877,True
0x010461c14e146ac35fe42271bdc1134ee31c703a,AVAX,85,-38.31,14339.002594,True
0x010461c14e146ac35fe42271bdc1134ee31c703a,POLYX,100,137079.0,8754.541218,False
0x010461c14e146ac35fe42271bdc1134ee31c703a,PURR,83,45169.0,12422.4559,False
0x010461c14e146ac35fe42271bdc1134ee31c703a,VIRTUAL,143,-7769.5,31183.410212,False
0x010461c14e146ac35fe42271bdc1134ee31c703a,ETC,79,-258.1,9775.114579,False
0x010461c14e146ac35fe42271bdc1134ee31c703a,TON,392,2529.9,91245.86021,True
0x010461c14e146ac35fe42271bdc1134ee31c703a,NEO,81,-509.23,3781.532085,False
0x010461c14e146ac35fe42271bdc1134ee31c703a,HYPE,175,-310.97,60584.73051,True
0x010461c14e146ac35fe42271bdc1134ee31c703a,IMX,143,58522.4,14796.938496,False
0x010461c14e146ac35fe42271bdc1134ee31c703a,AXS,106,-4108.0,9270.92627,False
0x010461c14e146ac35fe42271bdc1134ee31c703a,POL,107,78836.0,18614.460641,False
0x010461c14e146ac35fe42271bdc1134ee31c703a,RESOLV,74,-3364.0,3464.648239,False
0x010461c14e146ac35fe42271bdc1134ee31c703a,AERO,231,-9846.0,29204.40277,False
0x010461c14e146ac35fe42271bdc1134ee31c703a,UNI,68,22.0,11282.52575,True
0x010461c14e146ac35fe42271bdc1134ee31c703a,CC,108,-24528.0,9360.25382,False
0x010461c14e146ac35fe42271bdc1134ee31c703a,DOOD,50,-152257.0,1459.363465,False
0x010461c14e146ac35fe42271bdc1134ee31c703a,kPEPE,94,-567370.0,28131.892338,False
0x010461c14e146ac35fe42271bdc1134ee31c703a,DYM,141,-64638.7,19184.930506,False
0x010461c14e146ac35fe42271bdc1134ee31c703a,INIT,66,12475.0,11979.474155,False
0x010461c14e146ac35fe42271bdc1134ee31c703a,BTC,213,0.03989,131595.71157,True
0x010461c14e146ac35fe42271bdc1134ee31c703a,TURBO,53,-1077075.0,4747.863012,False
0x010461c14e146ac35fe42271bdc1134ee31c703a,STX,93,6862.9,6439.280403,False
0x010461c14e146ac35fe42271bdc1134ee31c703a,RUNE,72,5603.9,5252.726048,False
0x010461c14e146ac35fe42271bdc1134ee31c703a,RENDER,124,32.3,20365.50814,False
0x010461c14e146ac35fe42271bdc1134ee31c703a,kNEIRO,57,17194.4,8221.276152,False
0x010461c14e146ac35fe42271bdc1134ee31c703a,MELANIA,90,316.9,2587.669303,False
0x010461c14e146ac35fe42271bdc1134ee31c703a,GRIFFAIN,102,-19497.0,5235.407665,False
0x010461c14e146ac35fe42271bdc1134ee31c703a,SEI,94,17573.0,11757.745785,True
0x010461c14e146ac35fe42271bdc1134ee31c703a,TRX,96,677.0,15277.41849,True
0x010461c14e146ac35fe42271bdc1134ee31c703a,HBAR,92,4780.0,14522.690842,False
0x010461c14e146ac35fe42271bdc1134ee31c703a,ME,80,13791.8,3730.776979,False
0x010461c14e146ac35fe42271bdc1134ee31c703a,PENDLE,163,-2000.0,25848.7508,True
0x010461c14e146ac35fe42271bdc1134ee31c703a,MNT,80,3512.7,13874.31033,False
0x010461c14e146ac35fe42271bdc1134ee31c703a,FIL,105,-3976.1,11198.920783,False
0x010461c14e146ac35fe42271bdc1134ee31c703a,YGG,70,-6854.0,3243.449686,False
0x010461c14e146ac35fe42271bdc1134ee31c703a,ZORA,135,808745.0,23271.555387,False
0x010461c14e146ac35fe42271bdc1134ee31c703a,KAS,46,-57231.0,6296.628644,False
0x010461c14e146ac35fe42271bdc1134ee31c703a,ICP,116,-778.3,31274.48653,False
0x010461c14e146ac35fe42271bdc1134ee31c703a,kFLOKI,75,10447.0,4880.460017,False
0x010461c14e146ac35fe42271bdc1134ee31c703a,ACE,53,12306.63,2660.084618,False
0x010461c14e146ac35fe42271bdc1134ee31c703a,DOT,91,1426.6,11281.98108,True
0x010461c14e146ac35fe42271bdc1134ee31c703a,DOGE,93,30262.0,29824.07208,True
0x010461c14e146ac35fe42271bdc1134ee31c703a,IO,127,5084.8,12195.986951,False
0x010461c14e146ac35fe42271bdc1134ee31c703a,BLUR,113,-9426.0,7661.357464,False
0x010461c14e146ac35fe42271bdc1134ee31c703a,SOPH,79,348280.0,5445.149921,False
0x010461c14e146ac35fe42271bdc1134ee31c703a,LINK,160,-119.2,40597.41921,True
0x010461c14e146ac35fe42271bdc1134ee31c703a,ETH,169,-5.5772,91042.41253,True
0x010461c14e146ac35fe42271bdc1134ee31c703a,MOODENG,71,5499.0,7637.454408,False
0x010461c14e146ac35fe42271bdc1134ee31c703a,GALA,95,784669.0,4117.951996,False
0x010461c14e146ac35fe42271bdc1134ee31c703a,ENS,32,-212.98,1898.31723,False
0x010461c14e146ac35fe42271bdc1134ee31c703a,XLM,91,3241.0,15620.9811,False
0x010461c14e146ac35fe42271bdc1134ee31c703a,TRUMP,89,1781.7,9085.60725,False
0x010461c14e146ac35fe42271bdc1134ee31c703a,WIF,134,1687.0,21667.16184,True
0x010461c14e146ac35fe42271bdc1134ee31c703a,ONDO,259,14767.0,78993.10496,True
0x010461c14e146ac35fe42271bdc1134ee31c703a,CFX,53,6475.0,4033.838701,False
0x010461c14e146ac35fe42271bdc1134ee31c703a,AIXBT,85,4336.0,9203.976164,False
0x010461c14e146ac35fe42271bdc1134ee31c703a,AZTEC,74,150384.0,7055.032838,False
0x010461c14e146ac35fe42271bdc1134ee31c703a,GMX,53,77.75,2499.593916,False
0x010461c14e146ac35fe42271bdc1134ee31c703a,ANIME,96,409310.0,8258.047218,False
0x010461c14e146ac35fe42271bdc1134ee31c703a,APT,146,4329.46,31140.621056,True
0x010461c14e146ac35fe42271bdc1134ee31c703a,XRP,96,-744.0,34264.8912,True
0x010461c14e146ac35fe42271bdc1134ee31c703a,STRK,89,48706.9,10093.475789,False
0x010461c14e146ac35fe42271bdc1134ee31c703a,CAKE,105,4942.2,9109.53382,False
0x010461c14e146ac35fe42271bdc1134ee31c703a,GAS,74,-61.1,1813.20328,False
0x010461c14e146ac35fe42271bdc1134ee31c703a,kSHIB,108,554207.0,13831.213107,False
0x010461c14e146ac35fe42271bdc1134ee31c703a,BIO,87,-70320.0,5849.20724,False
0x010461c14e146ac35fe42271bdc1134ee31c703a,SNX,80,7314.4,5079.289056,False
0x010461c14e146ac35fe42271bdc1134ee31c703a,TIA,111,-4958.5,22885.765963,True
0x010461c14e146ac35fe42271bdc1134ee31c703a,ZEN,58,396.24,8961.03648,False
0x010461c14e146ac35fe42271bdc1134ee31c703a,MEGA,150,-64689.0,21821.423666,False
0x010461c14e146ac35fe42271bdc1134ee31c703a,MERL,51,-57013.0,4731.326302,False
0x010461c14e146ac35fe42271bdc1134ee31c703a,PNUT,81,65904.3,17152.992285,False
0x010461c14e146ac35fe42271bdc1134ee31c703a,LDO,72,531.1,9619.039219,False
0x010461c14e146ac35fe42271bdc1134ee31c703a,CRV,109,-7339.4,21060.187362,False
0x010461c14e146ac35fe42271bdc1134ee31c703a,ASTER,167,918.0,30322.83259,False
0x010461c14e146ac35fe42271bdc1134ee31c703a,JUP,120,-3817.0,24285.304,True
0x010461c14e146ac35fe42271bdc1134ee31c703a,MORPHO,291,-1775.2,53828.253,False
0x010461c14e146ac35fe42271bdc1134ee31c703a,NXPC,58,2773.0,3033.99408,False
0x010461c14e146ac35fe42271bdc1134ee31c703a,BOME,26,-3245590.0,2519.466452,False
0x010461c14e146ac35fe42271bdc1134ee31c703a,BRETT,74,233038.0,5515.333853,False
0x010461c14e146ac35fe42271bdc1134ee31c703a,CHILLGUY,36,-85418.0,2054.662206,False
0x010461c14e146ac35fe42271bdc1134ee31c703a,COMP,146,27.33,9042.8108,False
0x010461c14e146ac35fe42271bdc1134ee31c703a,PUMP,79,-2117564.0,14923.224015,False
0x010461c14e146ac35fe42271bdc1134ee31c703a,VVV,527,-235.08,111769.37744,False
0x010461c14e146ac35fe42271bdc1134ee31c703a,BSV,65,-68.04,2764.6687,False
0x010461c14e146ac35fe42271bdc1134ee31c703a,LINEA,115,1515760.0,18190.933621,False
0x010461c14e146ac35fe42271bdc1134ee31c703a,FOGO,59,279103.0,8170.50018,False
0x010461c14e146ac35fe42271bdc1134ee31c703a,SAND,37,5173.0,1906.706088,False
0x010461c14e146ac35fe42271bdc1134ee31c703a,ZEC,735,-36.22,225976.9464,False
0x010461c14e146ac35fe42271bdc1134ee31c703a,WLFI,60,36540.0,5711.785236,False
0x010461c14e146ac35fe42271bdc1134ee31c703a,HYPER,82,-4685.0,3361.84011,False
0x010461c14e146ac35fe42271bdc1134ee31c703a,KAITO,133,6656.0,18602.14208,False
0x010461c14e146ac35fe42271bdc1134ee31c703a,ZETA,52,-35172.6,3303.372257,False
0x010461c14e146ac35fe42271bdc1134ee31c703a,MEME,13,3616794.0,1948.331182,False
0x010461c14e146ac35fe42271bdc1134ee31c703a,BIGTIME,128,143876.0,4415.865393,False
0x010461c14e146ac35fe42271bdc1134ee31c703a,MON,261,-174411.0,41144.729616,False
0x010461c14e146ac35fe42271bdc1134ee31c703a,RSR,22,2305917.0,4208.699654,False
0x010461c14e146ac35fe42271bdc1134ee31c703a,AR,157,-2391.76,20852.590312,False
0x010461c14e146ac35fe42271bdc1134ee31c703a,REZ,109,388988.0,3958.371824,False
0x010461c14e146ac35fe42271bdc1134ee31c703a,GMT,59,-16265.0,3924.25462,False
0x010461c14e146ac35fe42271bdc1134ee31c703a,SKY,66,-6166.0,7656.975033,False
0x010461c14e146ac35fe42271bdc1134ee31c703a,ALGO,113,80374.0,14090.9923,False
0x010461c14e146ac35fe42271bdc1134ee31c703a,kBONK,92,-76001.0,11326.20589,False
0x010461c14e146ac35fe42271bdc1134ee31c703a,MANTA,47,24043.3,5547.710724,False
0x010461c14e146ac35fe42271bdc1134ee31c703a,0G,30,-1641.0,1540.24753,False
0x010461c14e146ac35fe42271bdc1134ee31c703a,GRASS,431,35949.1,79962.155837,False
0x010461c14e146ac35fe42271bdc1134ee31c703a,AVNT,96,-22622.0,9374.72589,False
0x010461c14e146ac35fe42271bdc1134ee31c703a,SAGA,78,-8259.1,3457.804814,False
0x010461c14e146ac35fe42271bdc1134ee31c703a,MOVE,89,-37053.0,3174.588988,False
0x010461c14e146ac35fe42271bdc1134ee31c703a,SKR,112,-1554024.0,23586.551101,False
0x010461c14e146ac35fe42271bdc1134ee31c703a,WCT,72,-26109.0,3706.135836,False
0x010461c14e146ac35fe42271bdc1134ee31c703a,MINA,69,-2809.0,4623.076926,False
0x010461c14e146ac35fe42271bdc1134ee31c703a,GOAT,30,-61879.0,5402.212904,False
0x010461c14e146ac35fe42271bdc1134ee31c703a,STBL,74,-45524.0,4347.161222,False
0x010461c14e146ac35fe42271bdc1134ee31c703a,UMA,65,1788.2,4088.549232,False
0x010461c14e146ac35fe42271bdc1134ee31c703a,VINE,147,235024.0,49753.383431,False
0x010461c14e146ac35fe42271bdc1134ee31c703a,ARK,48,403.0,1469.93809,False
0x010461c14e146ac35fe42271bdc1134ee31c703a,NOT,11,495994.0,1758.471348,False
0x010461c14e146ac35fe42271bdc1134ee31c703a,BABY,54,-18032.0,1221.50074,False
0x010461c14e146ac35fe42271bdc1134ee31c703a,XAI,7,6297.0,560.140552,False
0x010461c14e146ac35fe42271bdc1134ee31c703a,TRB,42,35.47,1639.78402,False
0x010461c14e146ac35fe42271bdc1134ee31c703a,XPL,71,-3316.0,19125.009766,False
0x010461c14e146ac35fe42271bdc1134ee31c703a,BANANA,41,-19.7,1501.29703,False
0x010461c14e146ac35fe42271bdc1134ee31c703a,BLAST,11,-1723229.0,872.260537,False
0x010461c14e146ac35fe42271bdc1134ee31c703a,HMSTR,10,2814380.0,509.294456,False
0x31ca8395cf837de08b24da3f660e77761dfb974b,ARK,73,-4021.0,2304.64902,False
0x31ca8395cf837de08b24da3f660e77761dfb974b,BCH,133,-8.99,34432.47877,True
0x31ca8395cf837de08b24da3f660e77761dfb974b,SUPER,181,52654.0,16512.3842,False
0x31ca8395cf837de08b24da3f660e77761dfb974b,ETHFI,100,-6019.0,11098.816185,False
0x31ca8395cf837de08b24da3f660e77761dfb974b,VIRTUAL,100,-6427.4,21290.289708,False
0x31ca8395cf837de08b24da3f660e77761dfb974b,HEMI,127,1024022.0,22337.113247,False
0x31ca8395cf837de08b24da3f660e77761dfb974b,LAYER,92,14284.0,13428.491695,False
0x31ca8395cf837de08b24da3f660e77761dfb974b,IP,81,-738.7,11287.892996,False
0x31ca8395cf837de08b24da3f660e77761dfb974b,AAVE,134,-63.59,29237.19367,True
0x31ca8395cf837de08b24da3f660e77761dfb974b,DYDX,98,-22801.2,7678.239485,False
0x31ca8395cf837de08b24da3f660e77761dfb974b,POPCAT,63,-35348.0,6499.375995,False
0x31ca8395cf837de08b24da3f660e77761dfb974b,APE,67,-8202.7,5807.442235,False
0x31ca8395cf837de08b24da3f660e77761dfb974b,XMR,165,6.823,56282.85694,False
0x31ca8395cf837de08b24da3f660e77761dfb974b,W,84,31876.8,4611.608267,False
0x31ca8395cf837de08b24da3f660e77761dfb974b,ZRO,145,169.9,26945.76037,False
0x31ca8395cf837de08b24da3f660e77761dfb974b,UNI,74,409.5,11437.54047,True
0x31ca8395cf837de08b24da3f660e77761dfb974b,HYPE,174,-308.19,60649.69047,True
0x31ca8395cf837de08b24da3f660e77761dfb974b,NIL,344,172097.0,49395.491324,False
0x31ca8395cf837de08b24da3f660e77761dfb974b,CHIP,103,31481.0,17691.824001,False
0x31ca8395cf837de08b24da3f660e77761dfb974b,SUSHI,97,1054.7,9648.646167,False
0x31ca8395cf837de08b24da3f660e77761dfb974b,STBL,70,-45294.0,4688.486427,False
0x31ca8395cf837de08b24da3f660e77761dfb974b,AVAX,80,-165.6,10908.288674,True
0x31ca8395cf837de08b24da3f660e77761dfb974b,LTC,97,40.02,22666.14651,True
0x31ca8395cf837de08b24da3f660e77761dfb974b,SEI,89,-9662.0,9780.262262,True
0x31ca8395cf837de08b24da3f660e77761dfb974b,FARTCOIN,98,-16494.3,23724.562813,False
0x31ca8395cf837de08b24da3f660e77761dfb974b,BNB,131,-3.251,22365.00175,True
0x31ca8395cf837de08b24da3f660e77761dfb974b,INJ,119,853.2,29917.07959,True
0x31ca8395cf837de08b24da3f660e77761dfb974b,COMP,113,81.54,8102.55341,False
0x31ca8395cf837de08b24da3f660e77761dfb974b,NEAR,552,-5957.3,161055.07921,True
0x31ca8395cf837de08b24da3f660e77761dfb974b,WLD,242,1837.9,62092.820437,True
0x31ca8395cf837de08b24da3f660e77761dfb974b,BTC,232,-0.00785,133392.18289,True
0x31ca8395cf837de08b24da3f660e77761dfb974b,JTO,89,-11662.0,19006.33966,False
0x31ca8395cf837de08b24da3f660e77761dfb974b,PYTH,102,16471.0,12143.011564,False
0x31ca8395cf837de08b24da3f660e77761dfb974b,ADA,54,4266.0,9095.36425,True
0x31ca8395cf837de08b24da3f660e77761dfb974b,DASH,124,89.37,29120.20365,False
0x31ca8395cf837de08b24da3f660e77761dfb974b,ATOM,87,1199.53,15993.041201,True
0x31ca8395cf837de08b24da3f660e77761dfb974b,LDO,89,-8410.0,8782.18468,False
0x31ca8395cf837de08b24da3f660e77761dfb974b,XLM,109,19615.0,13752.64788,False
0x31ca8395cf837de08b24da3f660e77761dfb974b,APEX,75,-17671.0,16702.57364,False
0x31ca8395cf837de08b24da3f660e77761dfb974b,TRX,99,-4921.0,15467.69616,True
0x31ca8395cf837de08b24da3f660e77761dfb974b,PROVE,113,30695.0,18835.77127,False
0x31ca8395cf837de08b24da3f660e77761dfb974b,ARB,88,10155.0,15001.951115,True
0x31ca8395cf837de08b24da3f660e77761dfb974b,SOL,106,-31.63,46191.69072,True
0x31ca8395cf837de08b24da3f660e77761dfb974b,JUP,110,-33027.0,21882.88169,True
0x31ca8395cf837de08b24da3f660e77761dfb974b,PENGU,311,941600.0,82389.47331,False
0x31ca8395cf837de08b24da3f660e77761dfb974b,DYM,156,-138391.4,18993.502135,False
0x31ca8395cf837de08b24da3f660e77761dfb974b,NEO,73,-840.02,3181.998731,False
0x31ca8395cf837de08b24da3f660e77761dfb974b,SYRUP,115,18446.0,19333.40305,False
0x31ca8395cf837de08b24da3f660e77761dfb974b,POLYX,94,99985.0,6334.219036,False
0x31ca8395cf837de08b24da3f660e77761dfb974b,ZK,84,-117829.0,3255.855312,False
0x31ca8395cf837de08b24da3f660e77761dfb974b,PURR,97,65549.0,14740.75191,False
0x31ca8395cf837de08b24da3f660e77761dfb974b,2Z,90,-6440.0,4441.52131,False
0x31ca8395cf837de08b24da3f660e77761dfb974b,STABLE,146,-528372.0,22651.770538,False
0x31ca8395cf837de08b24da3f660e77761dfb974b,GRIFFAIN,82,-29148.0,5445.531304,False
0x31ca8395cf837de08b24da3f660e77761dfb974b,MOVE,79,-45859.0,2260.649315,False
0x31ca8395cf837de08b24da3f660e77761dfb974b,ZEC,745,-32.69,225885.2649,False
0x31ca8395cf837de08b24da3f660e77761dfb974b,IOTA,51,-15649.0,2056.423011,False
0x31ca8395cf837de08b24da3f660e77761dfb974b,GMX,31,-4.22,1013.794502,False
0x31ca8395cf837de08b24da3f660e77761dfb974b,LINK,132,7.3,32540.83036,True
0x31ca8395cf837de08b24da3f660e77761dfb974b,kNEIRO,66,-25011.1,8166.325361,False
0x31ca8395cf837de08b24da3f660e77761dfb974b,BSV,67,-99.15,3379.78937,False
0x31ca8395cf837de08b24da3f660e77761dfb974b,AXS,104,-2755.4,7056.15996,False
0x31ca8395cf837de08b24da3f660e77761dfb974b,RESOLV,66,-47937.0,5712.393758,False
0x31ca8395cf837de08b24da3f660e77761dfb974b,AERO,168,-3484.0,18873.00631,False
0x31ca8395cf837de08b24da3f660e77761dfb974b,DOGE,102,23421.0,31517.64074,True
0x31ca8395cf837de08b24da3f660e77761dfb974b,TIA,122,669.3,23479.849671,True
0x31ca8395cf837de08b24da3f660e77761dfb974b,ZEN,53,111.16,5323.338077,False
0x31ca8395cf837de08b24da3f660e77761dfb974b,TON,378,76.8,89210.27492,True
0x31ca8395cf837de08b24da3f660e77761dfb974b,AIXBT,116,-39951.0,8841.765327,False
0x31ca8395cf837de08b24da3f660e77761dfb974b,LIT,644,-7281.0,129124.8754,False
0x31ca8395cf837de08b24da3f660e77761dfb974b,kPEPE,97,418465.0,24460.69749,False
0x31ca8395cf837de08b24da3f660e77761dfb974b,INIT,82,-69587.0,13049.536926,False
0x31ca8395cf837de08b24da3f660e77761dfb974b,MON,232,-130009.0,35430.515768,False
0x31ca8395cf837de08b24da3f660e77761dfb974b,STRK,112,-38564.7,10689.671299,False
0x31ca8395cf837de08b24da3f660e77761dfb974b,ETC,107,-330.74,9074.240358,False
0x31ca8395cf837de08b24da3f660e77761dfb974b,RUNE,61,5162.2,5000.244184,False
0x31ca8395cf837de08b24da3f660e77761dfb974b,MANTA,57,24114.8,5507.180692,False
0x31ca8395cf837de08b24da3f660e77761dfb974b,S,82,-28362.0,6736.553208,False
0x31ca8395cf837de08b24da3f660e77761dfb974b,BIO,59,-7305.0,4303.611506,False
0x31ca8395cf837de08b24da3f660e77761dfb974b,SUI,125,-3198.8,35792.86332,True
0x31ca8395cf837de08b24da3f660e77761dfb974b,PAXG,78,0.489,11559.4694,False
0x31ca8395cf837de08b24da3f660e77761dfb974b,OP,102,21632.5,10772.343807,True
0x31ca8395cf837de08b24da3f660e77761dfb974b,XRP,82,-7527.0,35366.5613,True
0x31ca8395cf837de08b24da3f660e77761dfb974b,TRUMP,65,1031.7,7717.09397,False
0x31ca8395cf837de08b24da3f660e77761dfb974b,SAND,33,-1382.0,1939.884348,False
0x31ca8395cf837de08b24da3f660e77761dfb974b,ALGO,106,82087.0,14509.87474,False
0x31ca8395cf837de08b24da3f660e77761dfb974b,WLFI,36,42582.0,5134.686458,False
0x31ca8395cf837de08b24da3f660e77761dfb974b,DOT,60,1744.5,8836.59058,True
0x31ca8395cf837de08b24da3f660e77761dfb974b,PENDLE,158,-1946.0,24039.7199,True
0x31ca8395cf837de08b24da3f660e77761dfb974b,TURBO,48,-1254955.0,3064.792416,False
0x31ca8395cf837de08b24da3f660e77761dfb974b,AR,179,-1224.61,21073.198057,False
0x31ca8395cf837de08b24da3f660e77761dfb974b,CFX,35,8176.0,2595.118581,False
0x31ca8395cf837de08b24da3f660e77761dfb974b,STX,88,4138.5,4630.850414,False
0x31ca8395cf837de08b24da3f660e77761dfb974b,DOOD,64,42406.0,1482.870987,False
0x31ca8395cf837de08b24da3f660e77761dfb974b,SNX,68,7553.4,4854.34359,False
0x31ca8395cf837de08b24da3f660e77761dfb974b,YGG,67,-15925.0,3463.06504,False
0x31ca8395cf837de08b24da3f660e77761dfb974b,ICP,113,-2882.0,22660.7636,False
0x31ca8395cf837de08b24da3f660e77761dfb974b,GAS,61,-248.0,1306.32661,False
0x31ca8395cf837de08b24da3f660e77761dfb974b,ENA,118,-76317.0,26829.29589,True
0x31ca8395cf837de08b24da3f660e77761dfb974b,XPL,74,-32413.0,17490.328026,False
0x31ca8395cf837de08b24da3f660e77761dfb974b,CC,97,-26384.0,7970.33125,False
0x31ca8395cf837de08b24da3f660e77761dfb974b,PUMP,90,-2155336.0,12582.401235,False
0x31ca8395cf837de08b24da3f660e77761dfb974b,MERL,56,-98449.0,4905.427805,False
0x31ca8395cf837de08b24da3f660e77761dfb974b,MEGA,135,-85127.0,23798.233062,False
0x31ca8395cf837de08b24da3f660e77761dfb974b,ETH,172,-1.2094,104849.6286,True
0x31ca8395cf837de08b24da3f660e77761dfb974b,MOODENG,85,-14140.0,7120.468261,False
0x31ca8395cf837de08b24da3f660e77761dfb974b,GALA,103,833233.0,4140.223361,False
0x31ca8395cf837de08b24da3f660e77761dfb974b,ORDI,74,-1232.09,11765.403159,False
0x31ca8395cf837de08b24da3f660e77761dfb974b,NXPC,82,2005.0,3083.80542,False
0x31ca8395cf837de08b24da3f660e77761dfb974b,RENDER,116,1123.2,19676.91826,False
0x31ca8395cf837de08b24da3f660e77761dfb974b,BLUR,90,-32439.0,6917.499212,False
0x31ca8395cf837de08b24da3f660e77761dfb974b,SOPH,68,142783.0,2935.555335,False
0x31ca8395cf837de08b24da3f660e77761dfb974b,BERA,88,811.0,9649.79151,False
0x31ca8395cf837de08b24da3f660e77761dfb974b,SKY,50,23579.0,5650.466029,False
0x31ca8395cf837de08b24da3f660e77761dfb974b,AVNT,91,-19640.0,8183.91122,False
0x31ca8395cf837de08b24da3f660e77761dfb974b,ONDO,259,-13484.0,75577.21258,True
0x31ca8395cf837de08b24da3f660e77761dfb974b,REZ,81,133271.0,4022.385411,False
0x31ca8395cf837de08b24da3f660e77761dfb974b,FOGO,70,91075.0,10340.871377,False
0x31ca8395cf837de08b24da3f660e77761dfb974b,ME,92,5390.7,4730.289447,False
0x31ca8395cf837de08b24da3f660e77761dfb974b,TAO,419,-14.808,113034.63721,False
0x31ca8395cf837de08b24da3f660e77761dfb974b,CELO,69,25762.0,6382.205428,False
0x31ca8395cf837de08b24da3f660e77761dfb974b,WIF,116,-7096.0,23243.84586,True
0x31ca8395cf837de08b24da3f660e77761dfb974b,ALT,122,-1227397.0,14888.752485,False
0x31ca8395cf837de08b24da3f660e77761dfb974b,GRASS,373,33600.1,72216.587449,False
0x31ca8395cf837de08b24da3f660e77761dfb974b,SPX,164,-2016.9,34510.856538,False
0x31ca8395cf837de08b24da3f660e77761dfb974b,BIGTIME,73,125265.0,3291.126023,False
0x31ca8395cf837de08b24da3f660e77761dfb974b,BOME,18,-584964.0,965.388188,False
0x31ca8395cf837de08b24da3f660e77761dfb974b,kSHIB,101,328727.0,11772.522953,False
0x31ca8395cf837de08b24da3f660e77761dfb974b,GOAT,28,-10052.0,3486.065081,False
0x31ca8395cf837de08b24da3f660e77761dfb974b,APT,169,-2554.58,32782.96139,True
0x31ca8395cf837de08b24da3f660e77761dfb974b,PEOPLE,84,98694.0,3234.578895,False
0x31ca8395cf837de08b24da3f660e77761dfb974b,ASTER,165,-954.0,32716.28214,False
0x31ca8395cf837de08b24da3f660e77761dfb974b,kBONK,91,170943.0,10492.506275,False
0x31ca8395cf837de08b24da3f660e77761dfb974b,ENS,36,-210.99,2087.414829,False
0x31ca8395cf837de08b24da3f660e77761dfb974b,FET,80,-21599.0,16452.34257,True
0x31ca8395cf837de08b24da3f660e77761dfb974b,0G,34,-2473.0,1743.5374,False
0x31ca8395cf837de08b24da3f660e77761dfb974b,EIGEN,149,20070.79,26569.402623,False
0x31ca8395cf837de08b24da3f660e77761dfb974b,VVV,531,-763.91,108966.26826,False
0x31ca8395cf837de08b24da3f660e77761dfb974b,IMX,133,57141.0,15668.439852,False
0x31ca8395cf837de08b24da3f660e77761dfb974b,MORPHO,300,-1289.3,51175.68463,False
0x31ca8395cf837de08b24da3f660e77761dfb974b,USUAL,39,-18809.0,2433.342832,False
0x31ca8395cf837de08b24da3f660e77761dfb974b,UMA,76,2518.3,4017.38273,False
0x31ca8395cf837de08b24da3f660e77761dfb974b,CRV,90,-3182.8,17453.043147,False
0x31ca8395cf837de08b24da3f660e77761dfb974b,PNUT,65,5471.2,10619.759727,False
0x31ca8395cf837de08b24da3f660e77761dfb974b,kFLOKI,62,5566.0,4132.228024,False
0x31ca8395cf837de08b24da3f660e77761dfb974b,HYPER,86,-1247.0,3513.29112,False
0x31ca8395cf837de08b24da3f660e77761dfb974b,CAKE,78,3825.3,6613.27088,False
0x31ca8395cf837de08b24da3f660e77761dfb974b,ZETA,47,-27021.2,3127.703559,False
0x31ca8395cf837de08b24da3f660e77761dfb974b,MEME,6,3156171.0,1614.46512,False
0x31ca8395cf837de08b24da3f660e77761dfb974b,HBAR,88,5436.0,11322.816549,False
0x31ca8395cf837de08b24da3f660e77761dfb974b,KAS,38,-27142.0,5467.359922,False
0x31ca8395cf837de08b24da3f660e77761dfb974b,MINA,67,-3269.0,3928.772851,False
0x31ca8395cf837de08b24da3f660e77761dfb974b,GMT,60,-105017.0,5905.095377,False
0x31ca8395cf837de08b24da3f660e77761dfb974b,ANIME,104,-163917.0,6513.076693,False
0x31ca8395cf837de08b24da3f660e77761dfb974b,FIL,81,-5036.8,10598.577211,False
0x31ca8395cf837de08b24da3f660e77761dfb974b,POL,78,86075.0,14200.90404,False
0x31ca8395cf837de08b24da3f660e77761dfb974b,MELANIA,97,-575.0,2611.141361,False
0x31ca8395cf837de08b24da3f660e77761dfb974b,AZTEC,85,96297.0,6560.000427,False
0x31ca8395cf837de08b24da3f660e77761dfb974b,SAGA,84,-36284.1,4941.975251,False
0x31ca8395cf837de08b24da3f660e77761dfb974b,BRETT,64,211994.0,4753.487544,False
0x31ca8395cf837de08b24da3f660e77761dfb974b,TRB,29,-13.34,1886.12461,False
0x31ca8395cf837de08b24da3f660e77761dfb974b,MET,82,-5473.0,3582.90998,False
0x31ca8395cf837de08b24da3f660e77761dfb974b,WCT,48,-9985.0,2181.544404,False
0x31ca8395cf837de08b24da3f660e77761dfb974b,KAITO,110,9966.0,17895.33521,False
0x31ca8395cf837de08b24da3f660e77761dfb974b,MNT,87,2411.5,11961.48031,False
0x31ca8395cf837de08b24da3f660e77761dfb974b,CHILLGUY,19,-92229.0,1555.634204,False
0x31ca8395cf837de08b24da3f660e77761dfb974b,SKR,107,-1411853.0,21143.20944,False
0x31ca8395cf837de08b24da3f660e77761dfb974b,kLUNC,91,85362.0,11668.449499,False
0x31ca8395cf837de08b24da3f660e77761dfb974b,IO,76,-7503.5,5111.176282,False
0x31ca8395cf837de08b24da3f660e77761dfb974b,LINEA,85,1564999.0,18154.623364,False
0x31ca8395cf837de08b24da3f660e77761dfb974b,ZORA,133,447097.0,20377.344948,False
0x31ca8395cf837de08b24da3f660e77761dfb974b,BABY,42,-4475.0,898.001476,False
0x31ca8395cf837de08b24da3f660e77761dfb974b,VINE,121,-148484.0,54711.722748,False
0x31ca8395cf837de08b24da3f660e77761dfb974b,XAI,13,1885.8,764.044585,False
0x31ca8395cf837de08b24da3f660e77761dfb974b,ACE,53,1495.02,1235.711985,False
0x31ca8395cf837de08b24da3f660e77761dfb974b,BANANA,43,271.5,2067.94304,False
0x31ca8395cf837de08b24da3f660e77761dfb974b,RSR,17,1992952.0,3477.758166,False
0x31ca8395cf837de08b24da3f660e77761dfb974b,NOT,15,961397.0,1358.361263,False
0x31ca8395cf837de08b24da3f660e77761dfb974b,BLAST,9,-1138179.0,641.618988,False
0x31ca8395cf837de08b24da3f660e77761dfb974b,HMSTR,9,2902731.0,519.428954,False
